,2016-04-24 10:00:00,711420.0
0,2016-04-24 21:59:00,4385748.0
1,2016-04-25 09:58:00,4009865.0
2,2016-04-25 21:57:00,6418000.0
3,2016-04-26 09:56:00,5805238.0
4,2016-04-26 21:55:00,7767286.0
5,2016-04-27 09:54:00,6885366.0
6,2016-04-27 21:53:00,7693715.0
7,2016-04-28 09:52:00,3659825.0
8,2016-04-28 21:51:00,7389866.0
9,2016-04-29 09:50:00,3270296.0
10,2016-04-29 21:49:00,3008194.0
11,2016-04-30 09:48:00,6617128.0
12,2016-04-30 21:47:00,2074358.0
13,2016-05-01 09:46:00,1343970.0
14,2016-05-01 21:45:00,1053316.0
15,2016-05-02 09:44:00,1967606.0
16,2016-05-02 21:43:00,1296113.0
17,2016-05-03 09:42:00,1980852.0
18,2016-05-03 21:41:00,1282322.0
19,2016-05-04 09:40:00,718380.0
20,2016-05-04 21:39:00,889900.0
21,2016-05-05 09:38:00,517877.0
22,2016-05-05 21:37:00,951242.0
23,2016-05-06 09:36:00,2272891.0
24,2016-05-06 21:35:00,1936275.0
25,2016-05-07 09:34:00,1966875.0
26,2016-05-07 21:33:00,396826.0
27,2016-05-08 09:32:00,1115103.0
28,2016-05-08 21:31:00,306276.0
29,2016-05-09 09:30:00,2444984.0
30,2016-05-09 21:29:00,899242.0
31,2016-05-10 09:29:00,4425613.0
32,2016-05-10 21:28:00,1235198.0
33,2016-05-11 09:27:00,3754427.0
34,2016-05-11 21:32:00,4608494.0
35,2016-05-12 09:31:00,2330524.0
36,2016-05-12 21:30:00,2814941.0
37,2016-05-13 09:29:00,3339461.0
38,2016-05-13 21:28:00,1891815.0
39,2016-05-14 09:27:00,4967410.0
40,2016-05-14 21:26:00,1287492.0
41,2016-05-15 09:25:00,2153043.0
42,2016-05-15 21:24:00,2453945.0
43,2016-05-16 09:23:00,3817373.0
44,2016-05-16 21:22:00,11075889.0
45,2016-05-17 09:21:00,3926863.0
46,2016-05-17 21:20:00,7007805.0
47,2016-05-18 09:19:00,4768864.0
48,2016-05-18 21:18:00,3972673.0
49,2016-05-19 09:17:00,10433506.0
50,2016-05-19 21:16:00,8268289.0
51,2016-05-20 09:15:00,3297738.0
52,2016-05-20 21:14:00,5527161.0
53,2016-05-21 09:13:00,3599673.0
54,2016-05-21 21:12:00,5713330.0
55,2016-05-22 09:11:00,2224281.0
56,2016-05-22 21:10:00,2404616.0
57,2016-05-23 09:09:00,321156.0
58,2016-05-23 21:08:00,7832626.0
59,2016-05-24 09:07:00,3316103.0
60,2016-05-24 21:06:00,2625342.0
61,2016-05-25 09:05:00,5768941.0
62,2016-05-25 21:04:00,2476361.0
63,2016-05-26 09:03:00,6371513.0
64,2016-05-26 21:02:00,2212318.0
65,2016-05-27 09:01:00,15404610.0
66,2016-05-27 21:00:00,17007276.0
67,2016-05-28 08:59:00,6210255.0
68,2016-05-28 20:58:00,3187422.0
69,2016-05-29 08:57:00,1003210.0
70,2016-05-29 20:56:00,3151718.0
71,2016-05-30 08:55:00,3337942.0
72,2016-05-30 20:54:00,4478302.0
73,2016-05-31 08:53:00,5370400.0
74,2016-05-31 20:52:00,2570663.0
75,2016-06-01 08:51:00,5616099.0
76,2016-06-01 20:50:00,4034492.0
77,2016-06-02 08:49:00,2636188.0
78,2016-06-02 20:48:00,2756748.0
79,2016-06-03 08:47:00,1577992.0
80,2016-06-03 20:46:00,1893507.0
81,2016-06-04 08:45:00,2760827.0
82,2016-06-04 20:44:00,2371766.0
83,2016-06-05 08:43:00,1174689.0
84,2016-06-05 20:42:00,458651.0
85,2016-06-06 08:41:00,1965018.0
86,2016-06-06 20:40:00,2828362.0
87,2016-06-07 08:39:00,2101745.0
88,2016-06-07 20:38:00,2304756.0
89,2016-06-08 08:37:00,470985.0
90,2016-06-08 20:36:00,2393371.0
91,2016-06-09 08:35:00,2872518.0
92,2016-06-09 20:34:00,1979377.0
93,2016-06-10 08:33:00,4411484.0
94,2016-06-10 20:32:00,1036548.0
95,2016-06-11 08:31:00,611571.0
96,2016-06-11 20:30:00,1015388.0
97,2016-06-12 08:29:00,1953078.0
98,2016-06-12 20:28:00,3025829.0
99,2016-06-13 08:27:00,5986387.0
100,2016-06-13 20:26:00,9424214.0
101,2016-06-14 08:25:00,18328626.0
102,2016-06-14 20:25:00,20480232.0
103,2016-06-15 08:24:00,24787799.0
104,2016-06-15 20:23:00,38485281.0
105,2016-06-16 08:22:00,27350726.0
106,2016-06-16 20:21:00,25900183.0
107,2016-06-17 08:20:00,24825522.0
108,2016-06-17 20:19:00,26577615.0
109,2016-06-18 08:18:00,23793319.0
110,2016-06-18 20:17:00,9469721.0
111,2016-06-19 08:16:00,4160531.0
112,2016-06-19 20:15:00,1407165.0
113,2016-06-20 08:14:00,1617523.0
114,2016-06-20 20:13:00,9758591.0
115,2016-06-21 08:12:00,4124579.0
116,2016-06-21 20:11:00,7371219.0
117,2016-06-22 08:10:00,9653784.0
118,2016-06-22 20:09:00,11706137.0
119,2016-06-23 08:08:00,12815927.0
120,2016-06-23 20:07:00,14918499.0
121,2016-06-24 08:06:00,10169167.0
122,2016-06-24 20:05:00,19464491.0
123,2016-06-25 08:04:00,10988314.0
124,2016-06-25 20:03:00,3925596.0
125,2016-06-26 08:02:00,1180568.0
126,2016-06-26 20:01:00,760244.0
127,2016-06-27 08:00:00,2576132.0
128,2016-06-27 19:59:00,3961266.0
129,2016-06-28 07:58:00,900237.0
130,2016-06-28 19:57:00,4738708.0
131,2016-06-29 07:56:00,2619509.0
132,2016-06-29 19:55:00,5360288.0
133,2016-06-30 07:54:00,3049512.0
134,2016-06-30 19:53:00,6134829.0
135,2016-07-01 07:52:00,2860674.0
136,2016-07-01 19:51:00,3908643.0
137,2016-07-02 07:50:00,4093395.0
138,2016-07-02 19:49:00,1536883.0
139,2016-07-03 07:48:00,1752748.0
140,2016-07-03 19:47:00,2368936.0
141,2016-07-04 07:46:00,1661894.0
142,2016-07-04 19:45:00,5392476.0
143,2016-07-05 07:44:00,5695150.0
144,2016-07-05 19:43:00,2438636.0
145,2016-07-06 07:42:00,1955324.0
146,2016-07-06 19:41:00,2629160.0
147,2016-07-07 07:40:00,3094358.0
148,2016-07-07 19:39:00,2342042.0
149,2016-07-08 07:38:00,2496927.0
150,2016-07-08 19:37:00,1785685.0
151,2016-07-09 07:36:00,2051490.0
152,2016-07-09 19:35:00,4453865.0
153,2016-07-10 07:34:00,2975213.0
154,2016-07-10 19:33:00,2066405.0
155,2016-07-11 07:32:00,3467910.0
156,2016-07-11 19:31:00,2273458.0
157,2016-07-12 07:30:00,1249302.0
158,2016-07-12 19:29:00,5746787.0
159,2016-07-13 07:28:00,3048252.0
160,2016-07-13 19:27:00,7245395.0
161,2016-07-14 07:26:00,2744783.0
162,2016-07-14 19:25:00,5617322.0
163,2016-07-15 07:24:00,4213284.0
164,2016-07-15 19:23:00,2283136.0
165,2016-07-16 07:22:00,2912138.0
166,2016-07-16 19:21:00,2122123.0
167,2016-07-17 07:20:00,1571799.0
168,2016-07-17 19:19:00,2597988.0
169,2016-07-18 07:18:00,1762449.0
170,2016-07-18 19:17:00,4404213.0
171,2016-07-19 07:16:00,4207067.0
172,2016-07-19 19:15:00,5126191.0
173,2016-07-20 07:14:00,1637654.0
174,2016-07-20 19:13:00,8718058.0
175,2016-07-21 07:12:00,6007664.0
176,2016-07-21 19:11:00,4062294.0
177,2016-07-22 07:10:00,1291066.0
178,2016-07-22 19:09:00,8359709.0
179,2016-07-23 07:08:00,2200273.0
180,2016-07-23 19:07:00,3510989.0
181,2016-07-24 07:06:00,1247545.0
182,2016-07-24 19:05:00,8457267.0
183,2016-07-25 07:04:00,2586956.0
184,2016-07-25 19:03:00,5240527.0
185,2016-07-26 07:02:00,3429085.0
186,2016-07-26 19:01:00,8650624.0
187,2016-07-27 07:00:00,8622105.0
188,2016-07-27 18:59:00,9543447.0
189,2016-07-28 06:58:00,7801920.0
190,2016-07-28 18:57:00,4035512.0
191,2016-07-29 06:56:00,3879965.0
192,2016-07-29 18:55:00,4017561.0
193,2016-07-30 06:54:00,10892482.0
194,2016-07-30 18:53:00,10845144.0
195,2016-07-31 06:52:00,3512800.0
196,2016-07-31 18:51:00,3699075.0
197,2016-08-01 06:50:00,2520803.0
198,2016-08-01 18:49:00,2041913.0
199,2016-08-02 06:48:00,6120025.0
200,2016-08-02 18:47:00,4963764.0
201,2016-08-03 06:46:00,2792605.0
202,2016-08-03 18:45:00,3809542.0
203,2016-08-04 06:44:00,5428801.0
204,2016-08-04 18:43:00,10330581.0
205,2016-08-05 06:42:00,7753673.0
206,2016-08-05 18:41:00,6086093.0
207,2016-08-06 06:40:00,2560428.0
208,2016-08-06 18:39:00,3241436.0
209,2016-08-07 06:38:00,3089357.0
210,2016-08-07 18:37:00,2887651.0
211,2016-08-08 06:36:00,6082925.0
212,2016-08-08 18:35:00,8982649.0
213,2016-08-09 06:34:00,4268597.0
214,2016-08-09 18:33:00,10918112.0
215,2016-08-10 06:32:00,1726193.0
216,2016-08-10 18:31:00,6744636.0
217,2016-08-11 06:30:00,3557838.0
218,2016-08-11 18:29:00,4674831.0
219,2016-08-12 06:28:00,1351775.0
220,2016-08-12 18:27:00,7219908.0
221,2016-08-13 06:26:00,1403547.0
222,2016-08-13 18:25:00,4072165.0
223,2016-08-14 06:24:00,1846408.0
224,2016-08-14 18:23:00,1471343.0
225,2016-08-15 06:22:00,10348356.0
226,2016-08-15 18:21:00,5236282.0
227,2016-08-16 06:20:00,7245791.0
228,2016-08-16 18:19:00,5230680.0
229,2016-08-17 06:18:00,2836928.0
230,2016-08-17 18:17:00,8856242.0
231,2016-08-18 06:16:00,1213443.0
232,2016-08-18 18:15:00,1753985.0
233,2016-08-19 06:14:00,2768970.0
234,2016-08-19 18:13:00,6849882.0
235,2016-08-20 06:12:00,2462768.0
236,2016-08-20 18:11:00,4961421.0
237,2016-08-21 06:10:00,1155105.0
238,2016-08-21 18:09:00,2772687.0
239,2016-08-22 06:08:00,2741989.0
240,2016-08-22 18:07:00,1900986.0
241,2016-08-23 06:06:00,2410738.0
242,2016-08-23 18:05:00,6809153.0
243,2016-08-24 06:04:00,1985696.0
244,2016-08-24 18:03:00,4658332.0
245,2016-08-25 06:02:00,1393179.0
246,2016-08-25 18:01:00,12668247.0
247,2016-08-26 06:00:00,4329773.0
248,2016-08-26 17:59:00,9830415.0
249,2016-08-27 05:58:00,2048829.0
250,2016-08-27 17:57:00,6580124.0
251,2016-08-28 05:56:00,1692390.0
252,2016-08-28 17:55:00,1954491.0
253,2016-08-29 05:54:00,2312050.0
254,2016-08-29 17:53:00,4469790.0
255,2016-08-30 05:52:00,3063535.0
256,2016-08-30 17:51:00,8334671.0
257,2016-08-31 05:50:00,4320938.0
258,2016-08-31 17:49:00,2910436.0
259,2016-09-01 05:48:00,2649009.0
260,2016-09-01 17:47:00,6548016.0
261,2016-09-02 05:46:00,2392438.0
262,2016-09-02 17:45:00,1615764.0
263,2016-09-03 05:44:00,1559653.0
264,2016-09-03 17:43:00,7724811.0
265,2016-09-04 05:42:00,2114910.0
266,2016-09-04 17:41:00,2240007.0
267,2016-09-05 05:40:00,4475082.0
268,2016-09-05 17:39:00,7613474.0
269,2016-09-06 05:38:00,4169833.0
270,2016-09-06 17:37:00,2575310.0
271,2016-09-07 05:36:00,3013231.0
272,2016-09-07 17:35:00,3132866.0
273,2016-09-08 05:34:00,1864321.0
274,2016-09-08 17:33:00,5974512.0
275,2016-09-09 05:32:00,5085686.0
276,2016-09-09 17:31:00,2058139.0
277,2016-09-10 05:30:00,2323746.0
278,2016-09-10 17:29:00,1842702.0
279,2016-09-11 05:28:00,3607413.0
280,2016-09-11 17:27:00,1276938.0
281,2016-09-12 05:26:00,2351151.0
282,2016-09-12 17:25:00,3468168.0
283,2016-09-13 05:24:00,4265622.0
284,2016-09-13 17:23:00,4152297.0
285,2016-09-14 05:22:00,3234595.0
286,2016-09-14 17:21:00,3416517.0
287,2016-09-15 05:20:00,2527420.0
288,2016-09-15 17:19:00,4355156.0
289,2016-09-16 05:18:00,2211182.0
290,2016-09-16 17:17:00,11980556.0
291,2016-09-17 05:16:00,3292348.0
292,2016-09-17 17:15:00,11340677.0
293,2016-09-18 05:14:00,2324804.0
294,2016-09-18 17:13:00,3667276.0
295,2016-09-19 05:12:00,5383345.0
296,2016-09-19 17:11:00,4627290.0
297,2016-09-20 05:10:00,1632382.0
298,2016-09-20 17:09:00,4429424.0
299,2016-09-21 05:08:00,2614569.0
300,2016-09-21 17:07:00,3438189.0
301,2016-09-22 05:06:00,1853339.0
302,2016-09-22 17:05:00,2745393.0
303,2016-09-23 05:04:00,1641140.0
304,2016-09-23 17:03:00,2037306.0
305,2016-09-24 05:02:00,5150785.0
306,2016-09-24 17:01:00,1293766.0
307,2016-09-25 05:00:00,1136313.0
308,2016-09-25 16:59:00,1173733.0
309,2016-09-26 04:58:00,1373518.0
310,2016-09-26 16:57:00,5297869.0
311,2016-09-27 04:56:00,1644998.0
312,2016-09-27 16:55:00,6702815.0
313,2016-09-28 04:54:00,2007090.0
314,2016-09-28 16:53:00,6579696.0
315,2016-09-29 04:52:00,1854224.0
316,2016-09-29 16:51:00,2120112.0
317,2016-09-30 04:50:00,3575541.0
318,2016-09-30 16:49:00,6737518.0
319,2016-10-01 04:48:00,1766726.0
320,2016-10-01 16:47:00,3313479.0
321,2016-10-02 04:46:00,1566234.0
322,2016-10-02 16:45:00,3793181.0
323,2016-10-03 04:44:00,3367851.0
324,2016-10-03 16:43:00,5077621.0
325,2016-10-04 04:42:00,2775664.0
326,2016-10-04 16:41:00,9179612.0
327,2016-10-05 04:40:00,2338399.0
328,2016-10-05 16:39:00,5213279.0
329,2016-10-06 04:38:00,3569897.0
330,2016-10-06 16:37:00,2995077.0
331,2016-10-07 04:36:00,2030689.0
332,2016-10-07 16:35:00,4987570.0
333,2016-10-08 04:34:00,2005565.0
334,2016-10-08 16:33:00,2034177.0
335,2016-10-09 04:32:00,2123181.0
336,2016-10-09 16:31:00,2377081.0
337,2016-10-10 04:30:00,1672969.0
338,2016-10-10 16:29:00,13965977.0
339,2016-10-11 04:28:00,6280616.0
340,2016-10-11 16:27:00,9619180.0
341,2016-10-12 04:26:00,5103450.0
342,2016-10-12 16:25:00,4708953.0
343,2016-10-13 04:24:00,3092946.0
344,2016-10-13 16:23:00,8309813.0
345,2016-10-14 04:22:00,4827386.0
346,2016-10-14 16:21:00,8484580.0
347,2016-10-15 04:20:00,3067085.0
348,2016-10-15 16:19:00,2257241.0
349,2016-10-16 04:18:00,2168814.0
350,2016-10-16 16:17:00,1468387.0
351,2016-10-17 04:16:00,1845123.0
352,2016-10-17 16:15:00,12818606.0
353,2016-10-18 04:14:00,4145757.0
354,2016-10-18 16:13:00,8547621.0
355,2016-10-19 04:12:00,3757263.0
356,2016-10-19 16:11:00,3706216.0
357,2016-10-20 04:10:00,15595298.0
358,2016-10-20 16:09:00,8646323.0
359,2016-10-21 04:08:00,2028097.0
360,2016-10-21 16:07:00,2234148.0
361,2016-10-22 04:06:00,1825679.0
362,2016-10-22 16:05:00,1266417.0
363,2016-10-23 04:04:00,1868022.0
364,2016-10-23 16:03:00,4658250.0
365,2016-10-24 04:02:00,2441775.0
366,2016-10-24 16:01:00,7150174.0
367,2016-10-25 04:00:00,13737083.0
368,2016-10-25 15:59:00,6546033.0
369,2016-10-26 03:58:00,18604273.0
370,2016-10-26 15:57:00,24981104.25
371,2016-10-27 03:56:00,28120567.0
372,2016-10-27 15:55:00,19669789.33333333
373,2016-10-28 03:54:00,1882579.25
374,2016-10-28 15:53:00,3764351.75
375,2016-10-29 03:52:00,2372760.0
376,2016-10-29 15:51:00,2920480.0
377,2016-10-30 03:50:00,2711559.25
378,2016-10-30 15:49:00,1941257.5
379,2016-10-31 03:48:00,2753939.25
380,2016-10-31 15:47:00,6186568.75
381,2016-11-01 03:46:00,3043222.0
382,2016-11-01 15:45:00,3208534.25
383,2016-11-02 03:44:00,6631704.75
384,2016-11-02 15:43:00,5293556.75
385,2016-11-03 03:42:00,1508176.5
386,2016-11-03 15:41:00,2345427.75
387,2016-11-04 03:40:00,2415183.25
388,2016-11-04 15:39:00,7399964.25
389,2016-11-05 03:38:00,2059845.25
390,2016-11-05 15:37:00,8361980.666666668
391,2016-11-06 03:36:00,2297260.0
392,2016-11-06 15:35:00,2379676.25
393,2016-11-07 03:34:00,2477927.75
394,2016-11-07 15:33:00,5754989.5
395,2016-11-08 03:32:00,6001050.75
396,2016-11-08 15:31:00,2580770.75
397,2016-11-09 03:30:00,4052416.0
398,2016-11-09 15:29:00,5861732.0
399,2016-11-10 03:28:00,2364005.75
400,2016-11-10 15:27:00,1471453.5
401,2016-11-11 03:26:00,1655603.75
402,2016-11-11 15:25:00,2560175.75
403,2016-11-12 03:24:00,1735573.75
404,2016-11-12 15:23:00,2814123.5
405,2016-11-13 03:22:00,2912569.25
406,2016-11-13 15:21:00,4762267.75
407,2016-11-14 03:20:00,3326834.5
408,2016-11-14 15:19:00,2921044.0
409,2016-11-15 03:18:00,2239588.0
410,2016-11-15 15:17:00,3470482.5
411,2016-11-16 03:16:00,3043058.5
412,2016-11-16 15:15:00,2490287.25
413,2016-11-17 03:14:00,3447103.75
414,2016-11-17 15:13:00,3220709.75
415,2016-11-18 03:12:00,6549534.75
416,2016-11-18 15:11:00,8614349.25
417,2016-11-19 03:10:00,2059883.25
418,2016-11-19 15:09:00,2591001.0
419,2016-11-20 03:08:00,4004406.25
420,2016-11-20 15:07:00,6739227.6
421,2016-11-21 03:06:00,8767675.25
422,2016-11-21 15:05:00,12942700.25
423,2016-11-22 03:04:00,20862628.0
424,2016-11-22 15:03:00,32555226.5
425,2016-11-23 03:02:00,32921593.25
426,2016-11-23 15:01:00,36577000.5
427,2016-11-24 03:00:00,45504377.0
428,2016-11-24 14:59:00,42649284.5
429,2016-11-25 02:58:00,25439436.0
430,2016-11-25 14:57:00,28756788.0
431,2016-11-26 02:56:00,23822995.0
432,2016-11-26 14:55:00,15915931.5
433,2016-11-27 02:54:00,3962268.5
434,2016-11-27 14:53:00,2532804.0
435,2016-11-28 02:52:00,8199793.5
436,2016-11-28 14:51:00,7576598.5
437,2016-11-29 02:50:00,3555861.0
438,2016-11-29 14:49:00,5431868.0
439,2016-11-30 02:48:00,5677874.0
440,2016-11-30 14:47:00,7909104.5
441,2016-12-01 02:46:00,4251558.0
442,2016-12-01 14:45:00,7539584.5
443,2016-12-02 02:44:00,28508803.0
444,2016-12-02 14:43:00,24525215.5
445,2016-12-03 02:42:00,20690760.5
446,2016-12-03 14:41:00,4251989.0
447,2016-12-04 02:40:00,3328227.5
448,2016-12-04 14:39:00,8263607.5
449,2016-12-05 02:38:00,3765133.0
450,2016-12-05 14:37:00,5153055.0
451,2016-12-06 02:36:00,17282769.0
452,2016-12-06 14:35:00,11653232.0
453,2016-12-07 02:34:00,6041128.0
454,2016-12-07 14:33:00,11710625.5
455,2016-12-08 02:32:00,3194070.0
456,2016-12-08 14:31:00,3875065.0
457,2016-12-09 02:30:00,2690444.0
458,2016-12-09 14:29:00,7053719.5
459,2016-12-10 02:28:00,4676533.5
460,2016-12-10 14:27:00,8409893.5
461,2016-12-11 02:26:00,2578107.0
462,2016-12-11 14:25:00,3268061.0
463,2016-12-12 02:24:00,3310668.0
464,2016-12-12 14:23:00,9187660.5
465,2016-12-13 02:22:00,6977834.5
466,2016-12-13 14:21:00,4514644.5
467,2016-12-14 02:20:00,5538254.5
468,2016-12-14 14:19:00,4834931.5
469,2016-12-15 02:18:00,10129882.5
470,2016-12-15 14:17:00,13651070.5
471,2016-12-16 02:16:00,18622191.0
472,2016-12-16 14:15:00,10767547.0
473,2016-12-17 02:14:00,11853041.0
474,2016-12-17 14:13:00,9814615.5
475,2016-12-18 02:12:00,9070549.5
476,2016-12-18 14:11:00,6128659.0
477,2016-12-19 02:10:00,7573843.5
478,2016-12-19 14:09:00,13074900.0
479,2016-12-20 02:08:00,14340215.5
480,2016-12-20 14:07:00,12461766.0
481,2016-12-21 02:06:00,12160612.5
482,2016-12-21 14:05:00,15009845.5
483,2016-12-22 02:04:00,9230530.5
484,2016-12-22 14:03:00,9887850.5
485,2016-12-23 02:02:00,5805460.0
486,2016-12-23 14:01:00,7344627.5
487,2016-12-24 02:00:00,13395660.5
488,2016-12-24 13:59:00,12577152.5
489,2016-12-25 01:58:00,2738291.5
490,2016-12-25 13:57:00,3511839.5
491,2016-12-26 01:56:00,2520703.0
492,2016-12-26 13:55:00,3342126.5
493,2016-12-27 01:54:00,4739344.0
494,2016-12-27 13:53:00,5988578.5
495,2016-12-28 01:52:00,4590243.5
496,2016-12-28 13:51:00,4195848.0
497,2016-12-29 01:50:00,3316971.5
498,2016-12-29 13:49:00,6823957.0
499,2016-12-30 01:48:00,4380447.5
500,2016-12-30 13:47:00,6786268.5
501,2016-12-31 01:46:00,2766722.0
502,2016-12-31 13:45:00,5157588.0
503,2017-01-01 01:44:00,2541833.0
504,2017-01-01 13:43:00,2672613.0
505,2017-01-02 01:42:00,10908081.0
506,2017-01-02 13:41:00,8440768.666666666
507,2017-01-03 01:40:00,5012692.0
508,2017-01-03 13:39:00,3524554.5
509,2017-01-04 01:38:00,3504189.0
510,2017-01-04 13:37:00,12733630.0
511,2017-01-05 01:36:00,6560260.0
512,2017-01-05 13:35:00,18343289.5
513,2017-01-06 01:34:00,33904642.5
514,2017-01-06 13:33:00,24227308.5
515,2017-01-07 01:32:00,17587308.0
516,2017-01-07 13:31:00,19607680.0
517,2017-01-08 01:30:00,13673987.5
518,2017-01-08 13:29:00,9791331.0
519,2017-01-09 01:28:00,6250785.0
520,2017-01-09 13:27:00,6338948.5
521,2017-01-10 01:26:00,18862068.5
522,2017-01-10 13:25:00,13842836.5
523,2017-01-11 01:24:00,10308711.5
524,2017-01-11 13:23:00,11499594.5
525,2017-01-12 01:22:00,10278246.0
526,2017-01-12 13:21:00,5928460.5
527,2017-01-13 01:20:00,2919105.0
528,2017-01-13 13:19:00,2470175.0
529,2017-01-14 01:18:00,4095965.0
530,2017-01-14 13:17:00,2409231.5
531,2017-01-15 01:16:00,3201958.0
532,2017-01-15 13:15:00,3465656.5
533,2017-01-16 01:14:00,1351083.0
534,2017-01-16 13:13:00,1950315.5
535,2017-01-17 01:12:00,5734564.5
536,2017-01-17 13:11:00,7665334.0
537,2017-01-18 01:10:00,1474516.0
538,2017-01-18 13:09:00,3479307.5
539,2017-01-19 01:08:00,3085366.25
540,2017-01-19 13:07:00,5342097.5
541,2017-01-20 01:06:00,5091183.5
542,2017-01-20 13:05:00,2516968.0
543,2017-01-21 01:04:00,1247886.0
544,2017-01-21 13:03:00,3043018.0
545,2017-01-22 01:02:00,1273851.5
546,2017-01-22 13:01:00,3198239.0
547,2017-01-23 01:00:00,1647426.0
548,2017-01-23 12:59:00,5009449.0
549,2017-01-24 00:58:00,28883463.5
550,2017-01-24 12:57:00,28732705.0
551,2017-01-25 00:56:00,33699775.0
552,2017-01-25 12:55:00,34045362.0
553,2017-01-26 00:54:00,19869035.0
554,2017-01-26 12:53:00,8606465.5
555,2017-01-27 00:52:00,8374508.5
556,2017-01-27 12:51:00,1715793.5
557,2017-01-28 00:50:00,6554300.5
558,2017-01-28 12:49:00,3523806.0
559,2017-01-29 00:48:00,10462200.5
560,2017-01-29 12:47:00,2370651.0
561,2017-01-30 00:46:00,1283231.5
562,2017-01-30 12:45:00,13302296.5
563,2017-01-31 00:44:00,30504995.5
564,2017-01-31 12:43:00,24109726.0
565,2017-02-01 00:42:00,30404358.0
566,2017-02-01 12:41:00,13039303.0
567,2017-02-02 00:40:00,11346389.5
568,2017-02-02 12:39:00,10257382.0
569,2017-02-03 00:38:00,31487781.5
570,2017-02-03 12:37:00,38786235.0
571,2017-02-04 00:36:00,29230378.5
572,2017-02-04 12:35:00,17231682.5
573,2017-02-05 00:34:00,22601904.5
574,2017-02-05 12:33:00,23699549.0
575,2017-02-06 00:32:00,22698294.0
576,2017-02-06 12:31:00,21731497.0
577,2017-02-07 00:30:00,45586057.0
578,2017-02-07 12:29:00,45287612.0
579,2017-02-08 00:28:00,39664106.0
580,2017-02-08 12:27:00,33193304.0
581,2017-02-09 00:26:00,38974129.5
582,2017-02-09 12:25:00,30903441.5
583,2017-02-10 00:24:00,29596630.5
584,2017-02-10 12:23:00,27631796.75
585,2017-02-11 00:22:00,25291139.25
586,2017-02-11 12:21:00,16095076.0
587,2017-02-12 00:20:00,13189498.5
588,2017-02-12 12:19:00,5746053.5
589,2017-02-13 00:18:00,2402719.25
590,2017-02-13 12:17:00,8983884.75
591,2017-02-14 00:16:00,13257428.25
592,2017-02-14 12:15:00,5359430.25
593,2017-02-15 00:14:00,9235436.5
594,2017-02-15 12:13:00,12811680.75
595,2017-02-16 00:12:00,19808203.5
596,2017-02-16 12:11:00,9836405.5
597,2017-02-17 00:10:00,19682365.0
598,2017-02-17 12:09:00,17790043.0
599,2017-02-18 00:08:00,25521586.0
600,2017-02-18 12:07:00,19398989.5
601,2017-02-19 00:06:00,19819334.5
602,2017-02-19 12:05:00,11370087.5
603,2017-02-20 00:04:00,13717083.0
604,2017-02-20 12:03:00,10462366.5
605,2017-02-21 00:02:00,26675384.5
606,2017-02-21 12:01:00,34946844.5
607,2017-02-22 00:00:00,48847689.5
608,2017-02-22 11:59:00,55261836.0
609,2017-02-22 23:58:00,60807255.5
610,2017-02-23 11:57:00,58113400.5
611,2017-02-23 23:56:00,57579198.0
612,2017-02-24 11:55:00,55371663.0
613,2017-02-24 23:54:00,51412424.5
614,2017-02-25 11:53:00,38462475.5
615,2017-02-25 23:52:00,28888472.5
616,2017-02-26 11:51:00,23370049.0
617,2017-02-26 23:50:00,7926098.5
618,2017-02-27 11:49:00,12576393.0
619,2017-02-27 23:48:00,30058060.5
620,2017-02-28 11:47:00,35324496.5
621,2017-02-28 23:46:00,42339942.0
622,2017-03-01 11:45:00,43539128.0
623,2017-03-01 23:44:00,56197920.5
624,2017-03-02 11:43:00,47637549.5
625,2017-03-02 23:42:00,60489388.0
626,2017-03-03 11:41:00,64634915.5
627,2017-03-03 23:40:00,62190124.0
628,2017-03-04 11:39:00,55139286.0
629,2017-03-04 23:38:00,65345736.0
630,2017-03-05 11:37:00,45866365.5
631,2017-03-05 23:36:00,51394114.0
632,2017-03-06 11:35:00,50826432.0
633,2017-03-06 23:34:00,62593776.0
634,2017-03-07 11:33:00,53789144.0
635,2017-03-07 23:32:00,63427374.5
636,2017-03-08 11:31:00,57799262.0
637,2017-03-08 23:30:00,60905440.5
638,2017-03-09 11:29:00,44565453.0
639,2017-03-09 23:28:00,50220715.0
640,2017-03-10 11:27:00,47829847.33333334
641,2017-03-10 23:26:00,55088624.0
642,2017-03-11 11:25:00,45065227.5
643,2017-03-11 23:24:00,53159469.0
644,2017-03-12 11:23:00,35640878.0
645,2017-03-12 23:22:00,30491816.5
646,2017-03-13 11:21:00,19154374.5
647,2017-03-13 23:20:00,33704694.0
648,2017-03-14 11:19:00,22435182.0
649,2017-03-14 23:18:00,31140878.66666667
650,2017-03-15 11:17:00,26809550.5
651,2017-03-15 23:16:00,30512263.0
652,2017-03-16 11:15:00,26551174.0
653,2017-03-16 23:14:00,32717258.0
654,2017-03-17 11:13:00,23399870.0
655,2017-03-17 23:12:00,30268811.5
656,2017-03-18 11:11:00,6300859.0
657,2017-03-18 23:10:00,19588801.5
658,2017-03-19 11:09:00,4189844.5
659,2017-03-19 23:08:00,1826553.5
660,2017-03-20 11:07:00,7809262.5
661,2017-03-20 23:06:00,11024812.0
662,2017-03-21 11:05:00,3548558.0
663,2017-03-21 23:04:00,10765549.0
664,2017-03-22 11:03:00,9588491.0
665,2017-03-22 23:02:00,8293104.5
666,2017-03-23 11:01:00,3766869.5
667,2017-03-23 23:00:00,7811154.0
668,2017-03-24 10:59:00,1529926.5
669,2017-03-24 22:58:00,634625.5
670,2017-03-25 10:57:00,8754735.5
671,2017-03-25 22:56:00,431913.0
672,2017-03-26 10:55:00,111663.5
673,2017-03-26 22:54:00,607613.0
674,2017-03-27 10:53:00,1219427.5
675,2017-03-27 22:52:00,18602244.5
676,2017-03-28 10:51:00,6727666.0
677,2017-03-28 22:50:00,17203700.5
678,2017-03-29 10:49:00,17488304.0
679,2017-03-29 22:48:00,19054593.5
680,2017-03-30 10:47:00,5435991.0
681,2017-03-30 22:46:00,3193454.5
682,2017-03-31 10:45:00,8157424.0
683,2017-03-31 22:44:00,17803930.0
684,2017-04-01 10:43:00,14708377.0
685,2017-04-01 22:42:00,6691948.0
686,2017-04-02 10:41:00,492866.5
687,2017-04-02 22:40:00,5579251.0
688,2017-04-03 10:39:00,1768964.5
689,2017-04-03 22:38:00,12539876.5
690,2017-04-04 10:37:00,11241785.0
691,2017-04-04 22:36:00,21671362.0
692,2017-04-05 10:35:00,11557865.0
693,2017-04-05 22:34:00,13722703.0
694,2017-04-06 10:33:00,13858668.0
695,2017-04-06 22:32:00,14948022.5
696,2017-04-07 10:31:00,15586167.0
697,2017-04-07 22:30:00,45242531.5
698,2017-04-08 10:29:00,27923258.0
699,2017-04-08 22:28:00,19812475.0
700,2017-04-09 10:27:00,3638872.0
701,2017-04-09 22:26:00,1059894.5
702,2017-04-10 10:25:00,3196093.5
703,2017-04-10 22:24:00,14838743.0
704,2017-04-11 10:23:00,7321970.0
705,2017-04-11 22:22:00,16791938.5
706,2017-04-12 10:21:00,11399846.5
707,2017-04-12 22:20:00,22304636.0
708,2017-04-13 10:19:00,23237157.5
709,2017-04-13 22:18:00,44071522.0
710,2017-04-14 10:17:00,41032608.5
711,2017-04-14 22:16:00,34353863.0
712,2017-04-15 10:15:00,18643057.0
713,2017-04-15 22:14:00,14226770.5
714,2017-04-16 10:13:00,7515723.0
715,2017-04-16 22:12:00,1180250.5
716,2017-04-17 10:11:00,1689839.5
717,2017-04-17 22:10:00,13459767.5
718,2017-04-18 10:09:00,8363262.0
719,2017-04-18 22:08:00,22955816.0
720,2017-04-19 10:07:00,15249611.5
721,2017-04-19 22:06:00,19659806.0
722,2017-04-20 10:05:00,20797692.0
723,2017-04-20 22:04:00,28840243.0
724,2017-04-21 10:03:00,17770360.0
725,2017-04-21 22:02:00,21033689.5
726,2017-04-22 10:01:00,19531395.0
727,2017-04-22 22:00:00,27877046.5
728,2017-04-23 09:59:00,21374089.5
729,2017-04-23 21:58:00,11220982.0
730,2017-04-24 09:57:00,5822447.5
731,2017-04-24 21:56:00,33653387.0
732,2017-04-25 09:55:00,26784220.5
733,2017-04-25 21:54:00,38115499.5
734,2017-04-26 09:53:00,28415175.0
735,2017-04-26 21:52:00,34955120.5
736,2017-04-27 09:51:00,27477696.5
737,2017-04-27 21:50:00,42444910.0
738,2017-04-28 09:49:00,34384391.5
739,2017-04-28 21:48:00,52076122.5
740,2017-04-29 09:47:00,29260281.0
741,2017-04-29 21:46:00,21209324.0
742,2017-04-30 09:45:00,16075637.5
743,2017-04-30 21:44:00,10725334.0
744,2017-05-01 09:43:00,11720997.5
745,2017-05-01 21:42:00,27411832.0
746,2017-05-02 09:41:00,22763509.0
747,2017-05-02 21:40:00,34194814.5
748,2017-05-03 09:39:00,37750216.5
749,2017-05-03 21:38:00,49322145.5
750,2017-05-04 09:37:00,49621773.0
751,2017-05-04 21:36:00,63981781.0
752,2017-05-05 09:35:00,71591444.5
753,2017-05-05 21:34:00,96293438.0
754,2017-05-06 09:33:00,72353546.5
755,2017-05-06 21:32:00,65906822.0
756,2017-05-07 09:31:00,51934796.5
757,2017-05-07 21:30:00,56283890.5
758,2017-05-08 09:29:00,47709349.5
759,2017-05-08 21:28:00,56527224.33333334
760,2017-05-09 09:27:00,54493707.0
761,2017-05-09 21:26:00,71866998.0
762,2017-05-10 09:25:00,78063371.0
763,2017-05-10 21:24:00,105152965.0
764,2017-05-11 09:23:00,100888414.0
765,2017-05-11 21:22:00,113395531.0
766,2017-05-12 09:21:00,110489546.8
767,2017-05-12 21:20:00,102871732.0
768,2017-05-13 09:19:00,108664085.5
769,2017-05-13 21:18:00,100265324.0
770,2017-05-14 09:17:00,98550317.5
771,2017-05-14 21:16:00,88793820.5
772,2017-05-15 09:15:00,83861641.0
773,2017-05-15 21:14:00,102948359.0
774,2017-05-16 09:13:00,111761811.5
775,2017-05-16 21:12:00,98296296.0
776,2017-05-17 09:11:00,109555150.0
777,2017-05-17 21:10:00,101105680.0
778,2017-05-18 09:09:00,115889419.0
779,2017-05-18 21:08:00,97436502.0
780,2017-05-19 09:07:00,91894063.0
781,2017-05-19 21:06:00,104161780.0
782,2017-05-20 09:05:00,91942826.5
783,2017-05-20 21:04:00,94398630.0
784,2017-05-21 09:03:00,113956080.5
785,2017-05-21 21:02:00,106269295.0
786,2017-05-22 09:01:00,105858342.5
787,2017-05-22 21:00:00,111802610.0
788,2017-05-23 08:59:00,111930147.0
789,2017-05-23 20:58:00,107564706.0
790,2017-05-24 08:57:00,103730539.5
791,2017-05-24 20:56:00,101161712.5
792,2017-05-25 08:55:00,106551425.0
793,2017-05-25 20:54:00,108681439.0
794,2017-05-26 08:53:00,117511964.5
795,2017-05-26 20:52:00,110616988.0
796,2017-05-27 08:51:00,107545697.0
797,2017-05-27 20:50:00,99851783.5
798,2017-05-28 08:49:00,103728564.33333331
799,2017-05-28 20:48:00,98098007.0
800,2017-05-29 08:47:00,90089704.0
801,2017-05-29 20:46:00,97001515.0
802,2017-05-30 08:45:00,88833893.0
803,2017-05-30 20:44:00,108534484.0
804,2017-05-31 08:43:00,101052919.0
805,2017-05-31 20:42:00,100852006.0
806,2017-06-01 08:41:00,98980988.0
807,2017-06-01 20:40:00,101407169.0
808,2017-06-02 08:39:00,102893203.5
809,2017-06-02 20:38:00,99859542.5
810,2017-06-03 08:37:00,85456218.0
811,2017-06-03 20:36:00,94359763.0
812,2017-06-04 08:35:00,90974357.0
813,2017-06-04 20:34:00,76809418.5
814,2017-06-05 08:33:00,65366921.5
815,2017-06-05 20:32:00,70155085.5
816,2017-06-06 08:31:00,64205982.5
817,2017-06-06 20:30:00,76306660.5
818,2017-06-07 08:29:00,70633997.5
819,2017-06-07 20:28:00,71100759.0
820,2017-06-08 08:27:00,59948913.0
821,2017-06-08 20:26:00,57862593.0
822,2017-06-09 08:25:00,50181473.0
823,2017-06-09 20:24:00,58140765.0
824,2017-06-10 08:23:00,53772299.0
825,2017-06-10 20:22:00,48199387.0
826,2017-06-11 08:21:00,52075869.0
827,2017-06-11 20:20:00,48408194.0
828,2017-06-12 08:19:00,38087340.5
829,2017-06-12 20:18:00,52085564.5
830,2017-06-13 08:17:00,53996480.0
831,2017-06-13 20:16:00,58407938.0
832,2017-06-14 08:15:00,59712860.5
833,2017-06-14 20:14:00,66323100.0
834,2017-06-15 08:13:00,58056447.0
835,2017-06-15 20:12:00,53286475.0
836,2017-06-16 08:11:00,46469898.5
837,2017-06-16 20:10:00,46399596.5
838,2017-06-17 08:09:00,38224608.0
839,2017-06-17 20:08:00,36179153.5
840,2017-06-18 08:07:00,34037350.0
841,2017-06-18 20:06:00,25526700.5
842,2017-06-19 08:05:00,15546314.0
843,2017-06-19 20:04:00,11009821.333333334
844,2017-06-20 08:03:00,12612086.5
845,2017-06-20 20:02:00,22875056.5
846,2017-06-21 08:01:00,24761086.5
847,2017-06-21 20:00:00,31024391.0
848,2017-06-22 07:59:00,33365038.0
849,2017-06-22 19:58:00,29907283.5
850,2017-06-23 07:57:00,14251716.0
851,2017-06-23 19:56:00,17740490.5
852,2017-06-24 07:55:00,12968222.0
853,2017-06-24 19:54:00,20856143.0
854,2017-06-25 07:53:00,11634084.5
855,2017-06-25 19:52:00,15044451.5
856,2017-06-26 07:51:00,17669923.0
857,2017-06-26 19:50:00,19865503.0
858,2017-06-27 07:49:00,18944747.5
859,2017-06-27 19:48:00,22850584.5
860,2017-06-28 07:47:00,11857031.5
861,2017-06-28 19:46:00,16319452.5
862,2017-06-29 07:45:00,15741778.0
863,2017-06-29 19:44:00,31217514.0
864,2017-06-30 07:43:00,18834515.0
865,2017-06-30 19:42:00,18437916.0
866,2017-07-01 07:41:00,5458552.0
867,2017-07-01 19:40:00,5981786.5
868,2017-07-02 07:39:00,3578403.0
869,2017-07-02 19:38:00,3195099.5
870,2017-07-03 07:37:00,2712069.5
871,2017-07-03 19:36:00,4654353.5
872,2017-07-04 07:35:00,7375259.0
873,2017-07-04 19:34:00,16385706.5
874,2017-07-05 07:33:00,10204891.0
875,2017-07-05 19:32:00,14541423.0
876,2017-07-06 07:31:00,18292843.5
877,2017-07-06 19:30:00,20657992.0
878,2017-07-07 07:29:00,17543390.0
879,2017-07-07 19:28:00,19103386.0
880,2017-07-08 07:27:00,5484007.5
881,2017-07-08 19:26:00,8990279.5
882,2017-07-09 07:25:00,2457466.5
883,2017-07-09 19:24:00,10793294.0
884,2017-07-10 07:23:00,2981380.0
885,2017-07-10 19:22:00,18387155.0
886,2017-07-11 07:21:00,19773883.0
887,2017-07-11 19:20:00,13742210.0
888,2017-07-12 07:19:00,8080636.5
889,2017-07-12 19:18:00,24603063.5
890,2017-07-13 07:17:00,27062510.5
891,2017-07-13 19:16:00,33829848.0
892,2017-07-14 07:15:00,24679135.5
893,2017-07-14 19:14:00,39604958.5
894,2017-07-15 07:13:00,34373554.0
895,2017-07-15 19:12:00,33976771.5
896,2017-07-16 07:11:00,27526501.5
897,2017-07-16 19:10:00,38966639.5
898,2017-07-17 07:09:00,22905257.0
899,2017-07-17 19:08:00,39488603.0
900,2017-07-18 07:07:00,25150697.5
901,2017-07-18 19:06:00,34332808.0
902,2017-07-19 07:05:00,32645851.5
903,2017-07-19 19:04:00,34747624.0
904,2017-07-20 07:03:00,27726330.0
905,2017-07-20 19:02:00,39872376.0
906,2017-07-21 07:01:00,37129219.5
907,2017-07-21 19:00:00,35631936.5
908,2017-07-22 06:59:00,21658887.0
909,2017-07-22 18:58:00,18500319.0
910,2017-07-23 06:57:00,1312536.5
911,2017-07-23 18:56:00,14569810.0
912,2017-07-24 06:55:00,24436365.5
913,2017-07-24 18:54:00,2502735.75
914,2017-07-25 06:53:00,8233564.25
915,2017-07-25 18:52:00,36201621.5
916,2017-07-26 06:51:00,20489568.0
917,2017-07-26 18:50:00,25120422.5
918,2017-07-27 06:49:00,3527254.5
919,2017-07-27 18:48:00,10073708.5
920,2017-07-28 06:47:00,829449.5
921,2017-07-28 18:46:00,6684551.5
922,2017-07-29 06:45:00,2042674.5
923,2017-07-29 18:44:00,8272656.5
924,2017-07-30 06:43:00,573448.5
925,2017-07-30 18:42:00,2783248.0
926,2017-07-31 06:41:00,209119.5
927,2017-07-31 18:40:00,9582916.5
928,2017-08-01 06:39:00,3060859.0
929,2017-08-01 18:38:00,7760209.0
930,2017-08-02 06:37:00,2434574.5
931,2017-08-02 18:36:00,11775940.0
932,2017-08-03 06:35:00,3722049.5
933,2017-08-03 18:34:00,14936545.0
934,2017-08-04 06:33:00,27256687.0
935,2017-08-04 18:32:00,23622049.0
936,2017-08-05 06:31:00,13497576.5
937,2017-08-05 18:30:00,2146888.0
938,2017-08-06 06:29:00,2273652.0
939,2017-08-06 18:28:00,6566540.0
940,2017-08-07 06:27:00,14311289.5
941,2017-08-07 18:26:00,35546909.5
942,2017-08-08 06:25:00,38272263.5
943,2017-08-08 18:24:00,39196739.5
944,2017-08-09 06:23:00,37016151.5
945,2017-08-09 18:22:00,45555547.5
946,2017-08-10 06:21:00,40666039.5
947,2017-08-10 18:20:00,50840677.5
948,2017-08-11 06:19:00,48513452.5
949,2017-08-11 18:18:00,53365865.5
950,2017-08-12 06:17:00,55651194.5
951,2017-08-12 18:16:00,18936339.0
952,2017-08-13 06:15:00,20254916.0
953,2017-08-13 18:14:00,36365072.5
954,2017-08-14 06:13:00,24389019.5
955,2017-08-14 18:12:00,49725578.0
956,2017-08-15 06:11:00,43037634.0
957,2017-08-15 18:10:00,49607262.5
958,2017-08-16 06:09:00,53287561.0
959,2017-08-16 18:08:00,68579288.0
960,2017-08-17 06:07:00,44502885.0
961,2017-08-17 18:06:00,50078458.0
962,2017-08-18 06:05:00,40995810.0
963,2017-08-18 18:04:00,56171235.5
964,2017-08-19 06:03:00,44676721.5
965,2017-08-19 18:02:00,47585336.0
966,2017-08-20 06:01:00,41404172.5
967,2017-08-20 18:00:00,42484162.0
968,2017-08-21 05:59:00,41496169.0
969,2017-08-21 17:58:00,68452719.0
970,2017-08-22 05:57:00,75031197.0
971,2017-08-22 17:56:00,95699966.0
972,2017-08-23 05:55:00,87510136.0
973,2017-08-23 17:54:00,75595510.0
974,2017-08-24 05:53:00,69576064.5
975,2017-08-24 17:52:00,79823811.5
976,2017-08-25 05:51:00,89210991.5
977,2017-08-25 17:50:00,101773558.0
978,2017-08-26 05:49:00,101980284.0
979,2017-08-26 17:48:00,95103825.5
980,2017-08-27 05:47:00,73902468.5
981,2017-08-27 17:46:00,64499426.5
982,2017-08-28 05:45:00,60764085.0
983,2017-08-28 17:44:00,68768185.0
984,2017-08-29 05:43:00,68462613.0
985,2017-08-29 17:42:00,15456996.5
986,2017-08-30 05:41:00,16459475.0
987,2017-08-30 17:40:00,38103299.5
988,2017-08-31 05:39:00,36065949.0
989,2017-08-31 17:38:00,4694460.5
990,2017-09-01 05:37:00,27515075.0
991,2017-09-01 17:36:00,25915176.0
992,2017-09-02 05:35:00,5233491.0
993,2017-09-02 17:34:00,10692238.5
994,2017-09-03 05:33:00,16997971.0
995,2017-09-03 17:32:00,7566213.5
996,2017-09-04 05:31:00,15498744.0
997,2017-09-04 17:30:00,13562289.0
998,2017-09-05 05:29:00,4172886.5
999,2017-09-05 17:28:00,4257026.5
1000,2017-09-06 05:27:00,4337074.0
1001,2017-09-06 17:26:00,9718932.0
1002,2017-09-07 05:25:00,4114294.5
1003,2017-09-07 17:24:00,7767423.5
1004,2017-09-08 05:23:00,4605373.0
1005,2017-09-08 17:22:00,5809776.5
1006,2017-09-09 05:21:00,5493347.0
1007,2017-09-09 17:20:00,7962061.5
1008,2017-09-10 05:19:00,4849959.0
1009,2017-09-10 17:18:00,9095335.0
1010,2017-09-11 05:17:00,4257835.5
1011,2017-09-11 17:16:00,9519687.0
1012,2017-09-12 05:15:00,6419606.0
1013,2017-09-12 17:14:00,5617169.0
1014,2017-09-13 05:13:00,6362989.0
1015,2017-09-13 17:12:00,6279379.0
1016,2017-09-14 05:11:00,4226889.5
1017,2017-09-14 17:10:00,24635419.5
1018,2017-09-15 05:09:00,2248510.5
1019,2017-09-15 17:08:00,9714099.5
1020,2017-09-16 05:07:00,2982136.5
1021,2017-09-16 17:06:00,5042494.5
1022,2017-09-17 05:05:00,3941134.0
1023,2017-09-17 17:04:00,6469530.5
1024,2017-09-18 05:03:00,3958099.5
1025,2017-09-18 17:02:00,20233167.0
1026,2017-09-19 05:01:00,11519958.0
1027,2017-09-19 17:00:00,15065155.0
1028,2017-09-20 04:59:00,9354469.5
1029,2017-09-20 16:58:00,15920882.0
1030,2017-09-21 04:57:00,4868944.0
1031,2017-09-21 16:56:00,4797276.0
1032,2017-09-22 04:55:00,4581548.0
1033,2017-09-22 16:54:00,8962988.5
1034,2017-09-23 04:53:00,4388953.5
1035,2017-09-23 16:52:00,4852822.5
1036,2017-09-24 04:51:00,6304308.5
1037,2017-09-24 16:50:00,7244686.0
1038,2017-09-25 04:49:00,5090640.0
1039,2017-09-25 16:48:00,16927720.0
1040,2017-09-26 04:47:00,11126588.5
1041,2017-09-26 16:46:00,13629924.5
1042,2017-09-27 04:45:00,7077839.0
1043,2017-09-27 16:44:00,8607234.0
1044,2017-09-28 04:43:00,8306276.5
1045,2017-09-28 16:42:00,10494589.0
1046,2017-09-29 04:41:00,11704907.0
1047,2017-09-29 16:40:00,2990392.5
1048,2017-09-30 04:39:00,2947595.0
1049,2017-09-30 16:38:00,11560600.5
1050,2017-10-01 04:37:00,10305283.0
1051,2017-10-01 16:36:00,15283406.5
1052,2017-10-02 04:35:00,13122934.0
1053,2017-10-02 16:34:00,16303500.0
1054,2017-10-03 04:33:00,15117371.5
1055,2017-10-03 16:32:00,8287740.5
1056,2017-10-04 04:31:00,4159003.0
1057,2017-10-04 16:30:00,14280479.5
1058,2017-10-05 04:29:00,12264551.0
1059,2017-10-05 16:28:00,13674328.5
1060,2017-10-06 04:27:00,6305259.0
1061,2017-10-06 16:26:00,4361028.5
1062,2017-10-07 04:25:00,6426752.5
1063,2017-10-07 16:24:00,19365055.5
1064,2017-10-08 04:23:00,4321403.0
1065,2017-10-08 16:22:00,7139603.0
1066,2017-10-09 04:21:00,4277814.5
1067,2017-10-09 16:20:00,11363417.0
1068,2017-10-10 04:19:00,6925144.5
1069,2017-10-10 16:18:00,11620338.5
1070,2017-10-11 04:17:00,10414446.0
1071,2017-10-11 16:16:00,21773738.5
1072,2017-10-12 04:15:00,5965421.0
1073,2017-10-12 16:14:00,12760596.5
1074,2017-10-13 04:13:00,33230314.0
1075,2017-10-13 16:12:00,53817695.5
1076,2017-10-14 04:11:00,35896576.5
1077,2017-10-14 16:10:00,31721228.5
1078,2017-10-15 04:09:00,10435637.5
1079,2017-10-15 16:08:00,6900176.5
1080,2017-10-16 04:07:00,5217243.5
1081,2017-10-16 16:06:00,17976304.5
1082,2017-10-17 04:05:00,7501220.0
1083,2017-10-17 16:04:00,12151987.0
1084,2017-10-18 04:03:00,5463961.5
1085,2017-10-18 16:02:00,22556400.0
1086,2017-10-19 04:01:00,17926343.0
1087,2017-10-19 16:00:00,30605309.0
1088,2017-10-20 03:59:00,23560094.0
1089,2017-10-20 15:58:00,28632970.0
1090,2017-10-21 03:57:00,37732660.5
1091,2017-10-21 15:56:00,29983360.5
1092,2017-10-22 03:55:00,34036528.0
1093,2017-10-22 15:54:00,34746876.0
1094,2017-10-23 03:53:00,31583948.5
1095,2017-10-23 15:52:00,45063733.0
1096,2017-10-24 03:51:00,36932516.5
1097,2017-10-24 15:50:00,44239565.0
1098,2017-10-25 03:49:00,32699990.0
1099,2017-10-25 15:48:00,225.0
1100,2017-10-26 03:47:00,970.0
1101,2017-10-26 15:46:00,346094.5
1102,2017-10-27 03:45:00,22590462.0
1103,2017-10-27 15:44:00,30596894.5
1104,2017-10-28 03:43:00,29258850.5
1105,2017-10-28 15:42:00,45617249.5
1106,2017-10-29 03:41:00,34405020.5
1107,2017-10-29 15:40:00,19917998.0
1108,2017-10-30 03:39:00,21944683.0
1109,2017-10-30 15:38:00,27394924.5
1110,2017-10-31 03:37:00,16652072.5
1111,2017-10-31 15:36:00,31174555.5
1112,2017-11-01 03:35:00,43101247.5
1113,2017-11-01 15:34:00,46149385.0
1114,2017-11-02 03:33:00,40649121.0
1115,2017-11-02 15:32:00,48891473.5
1116,2017-11-03 03:31:00,50222554.0
1117,2017-11-03 15:30:00,62123028.5
1118,2017-11-04 03:29:00,69852961.0
1119,2017-11-04 15:28:00,63420213.5
1120,2017-11-05 03:27:00,41554260.0
1121,2017-11-05 15:26:00,44467376.0
1122,2017-11-06 03:25:00,42870803.0
1123,2017-11-06 15:24:00,44879337.5
1124,2017-11-07 03:23:00,51740039.0
1125,2017-11-07 15:22:00,44194722.0
1126,2017-11-08 03:21:00,43657570.5
1127,2017-11-08 15:20:00,50912361.0
1128,2017-11-09 03:19:00,68041886.5
1129,2017-11-09 15:18:00,58603772.0
1130,2017-11-10 03:17:00,69266758.0
1131,2017-11-10 15:16:00,78160252.5
1132,2017-11-11 03:15:00,99846795.5
1133,2017-11-11 15:14:00,106211860.0
1134,2017-11-12 03:13:00,116456611.0
1135,2017-11-12 15:12:00,94935194.0
1136,2017-11-13 03:11:00,83122070.5
1137,2017-11-13 15:10:00,100327007.5
1138,2017-11-14 03:09:00,107144623.5
1139,2017-11-14 15:08:00,104403644.0
1140,2017-11-15 03:07:00,104458037.5
1141,2017-11-15 15:06:00,111315650.0
1142,2017-11-16 03:05:00,106129644.0
1143,2017-11-16 15:04:00,97414267.5
1144,2017-11-17 03:03:00,90440902.0
1145,2017-11-17 15:02:00,89699238.5
1146,2017-11-18 03:01:00,90764191.5
1147,2017-11-18 15:00:00,92952755.0
1148,2017-11-19 02:59:00,72460169.5
1149,2017-11-19 14:58:00,64092127.5
1150,2017-11-20 02:57:00,62322438.0
1151,2017-11-20 14:56:00,63864777.5
1152,2017-11-21 02:55:00,58163101.0
1153,2017-11-21 14:54:00,69481921.5
1154,2017-11-22 02:53:00,65030420.5
1155,2017-11-22 14:52:00,65497983.0
1156,2017-11-23 02:51:00,77008981.0
1157,2017-11-23 14:50:00,64723556.0
1158,2017-11-24 02:49:00,68400130.5
1159,2017-11-24 14:48:00,70661998.0
1160,2017-11-25 02:47:00,71271516.0
1161,2017-11-25 14:46:00,60300289.0
1162,2017-11-26 02:45:00,57223799.0
1163,2017-11-26 14:44:00,59488334.5
1164,2017-11-27 02:43:00,64547095.0
1165,2017-11-27 14:42:00,56556752.5
1166,2017-11-28 02:41:00,68066180.0
1167,2017-11-28 14:40:00,81125148.0
1168,2017-11-29 02:39:00,88708745.0
1169,2017-11-29 14:38:00,92691328.5
1170,2017-11-30 02:37:00,105047161.0
1171,2017-11-30 14:36:00,99999320.5
1172,2017-12-01 02:35:00,101081210.5
1173,2017-12-01 14:34:00,102391633.0
1174,2017-12-02 02:33:00,89473178.0
1175,2017-12-02 14:32:00,92166261.5
1176,2017-12-03 02:31:00,82422063.5
1177,2017-12-03 14:30:00,91003290.0
1178,2017-12-04 02:29:00,71521370.0
1179,2017-12-04 14:28:00,87949201.5
1180,2017-12-05 02:27:00,86089656.5
1181,2017-12-05 14:26:00,81343830.5
1182,2017-12-06 02:25:00,97149634.5
1183,2017-12-06 14:24:00,99330441.0
1184,2017-12-07 02:23:00,116818098.0
1185,2017-12-07 14:22:00,97871598.0
1186,2017-12-08 02:21:00,86686037.5
1187,2017-12-08 14:20:00,86359212.0
1188,2017-12-09 02:19:00,81617157.5
1189,2017-12-09 14:18:00,74837735.0
1190,2017-12-10 02:17:00,62036024.0
1191,2017-12-10 14:16:00,78689643.0
1192,2017-12-11 02:15:00,103780513.5
1193,2017-12-11 14:14:00,127644000.0
1194,2017-12-12 02:13:00,124072738.5
1195,2017-12-12 14:12:00,120066020.33333331
1196,2017-12-13 02:11:00,115177072.0
1197,2017-12-13 14:10:00,114691342.0
1198,2017-12-14 02:09:00,115719972.5
1199,2017-12-14 14:08:00,111834082.0
1200,2017-12-15 02:07:00,110538268.0
1201,2017-12-15 14:06:00,108296073.5
1202,2017-12-16 02:05:00,106134824.5
1203,2017-12-16 14:04:00,108605580.0
1204,2017-12-17 02:03:00,105067062.0
1205,2017-12-17 14:02:00,119576954.5
1206,2017-12-18 02:01:00,115945023.0
1207,2017-12-18 14:00:00,109091290.5
1208,2017-12-19 01:59:00,110935286.0
1209,2017-12-19 13:58:00,106297081.0
1210,2017-12-20 01:57:00,103507905.5
1211,2017-12-20 13:56:00,108195781.5
1212,2017-12-21 01:55:00,108309678.5
1213,2017-12-21 13:54:00,108310648.0
1214,2017-12-22 01:53:00,101260836.0
1215,2017-12-22 13:52:00,99860149.0
1216,2017-12-23 01:51:00,114746517.0
1217,2017-12-23 13:50:00,113099062.0
1218,2017-12-24 01:49:00,118502289.0
1219,2017-12-24 13:48:00,117038392.0
1220,2017-12-25 01:47:00,112066055.5
1221,2017-12-25 13:46:00,123292551.0
1222,2017-12-26 01:45:00,119363147.5
1223,2017-12-26 13:44:00,115594271.5
1224,2017-12-27 01:43:00,112016637.5
1225,2017-12-27 13:42:00,117005633.0
1226,2017-12-28 01:41:00,114273086.0
1227,2017-12-28 13:40:00,109839174.5
1228,2017-12-29 01:39:00,112034559.5
1229,2017-12-29 13:38:00,112343391.0
1230,2017-12-30 01:37:00,111910900.0
1231,2017-12-30 13:36:00,111761753.5
1232,2017-12-31 01:35:00,104238656.0
1233,2017-12-31 13:34:00,112956875.0
1234,2018-01-01 01:33:00,106258979.5
1235,2018-01-01 13:32:00,115840914.5
1236,2018-01-02 01:31:00,120435690.0
1237,2018-01-02 13:30:00,120984377.0
1238,2018-01-03 01:29:00,116943107.0
1239,2018-01-03 13:28:00,114788277.5
1240,2018-01-04 01:27:00,117185179.5
1241,2018-01-04 13:26:00,113866034.5
1242,2018-01-05 01:25:00,114684033.5
1243,2018-01-05 13:24:00,106201153.5
1244,2018-01-06 01:23:00,104129850.5
1245,2018-01-06 13:22:00,106784076.0
1246,2018-01-07 01:21:00,104907000.0
1247,2018-01-07 13:20:00,111550961.5
1248,2018-01-08 01:19:00,105589137.5
1249,2018-01-08 13:18:00,113203654.5
1250,2018-01-09 01:17:00,133806679.5
1251,2018-01-09 13:16:00,133682583.0
1252,2018-01-10 01:15:00,131169333.0
1253,2018-01-10 13:14:00,135225137.5
1254,2018-01-11 01:13:00,135559083.5
1255,2018-01-11 13:12:00,135820316.5
1256,2018-01-12 01:11:00,139856046.5
1257,2018-01-12 13:10:00,134801105.5
1258,2018-01-13 01:09:00,126775126.0
1259,2018-01-13 13:08:00,127096203.0
1260,2018-01-14 01:07:00,128948578.5
1261,2018-01-14 13:06:00,123143505.0
1262,2018-01-15 01:05:00,119628570.0
1263,2018-01-15 13:04:00,122847117.5
1264,2018-01-16 01:03:00,9585111.5
1265,2018-01-16 13:02:00,57513842.5
1266,2018-01-17 01:01:00,114251719.0
1267,2018-01-17 13:00:00,119209873.0
1268,2018-01-18 00:59:00,116687789.5
1269,2018-01-18 12:58:00,114908610.0
1270,2018-01-19 00:57:00,111800444.0
1271,2018-01-19 12:56:00,117882371.5
1272,2018-01-20 00:55:00,97239203.0
1273,2018-01-20 12:54:00,100987602.5
1274,2018-01-21 00:53:00,104637121.5
1275,2018-01-21 12:52:00,101710782.5
1276,2018-01-22 00:51:00,119790062.0
1277,2018-01-22 12:50:00,130817557.0
1278,2018-01-23 00:53:00,115874727.0
1279,2018-01-23 12:52:00,129703414.0
1280,2018-01-24 00:51:00,133408455.0
1281,2018-01-24 12:50:00,122267677.0
1282,2018-01-25 00:49:00,126351359.5
1283,2018-01-25 12:48:00,115051301.5
1284,2018-01-26 00:47:00,107933647.5
1285,2018-01-26 12:46:00,101486343.0
1286,2018-01-27 00:45:00,92774403.0
1287,2018-01-27 12:44:00,79775381.5
1288,2018-01-28 00:43:00,79040782.5
1289,2018-01-28 12:42:00,86897586.0
1290,2018-01-29 00:41:00,59296795.0
1291,2018-01-29 12:40:00,57942726.5
1292,2018-01-30 00:39:00,50995015.5
1293,2018-01-30 12:38:00,52540923.0
1294,2018-01-31 00:37:00,44912211.0
1295,2018-01-31 12:36:00,52031604.0
1296,2018-02-01 00:35:00,62804048.0
1297,2018-02-01 12:34:00,49503664.5
1298,2018-02-02 00:33:00,47448344.5
1299,2018-02-02 12:32:00,63171540.0
1300,2018-02-03 00:31:00,57430232.0
1301,2018-02-03 12:30:00,40696714.0
1302,2018-02-04 00:29:00,38680948.5
1303,2018-02-04 12:28:00,41807394.0
1304,2018-02-05 00:27:00,22144290.0
1305,2018-02-05 12:26:00,18889495.5
1306,2018-02-06 00:25:00,19105412.5
1307,2018-02-06 12:24:00,26581238.0
1308,2018-02-07 00:23:00,30738716.5
1309,2018-02-07 12:22:00,30129289.0
1310,2018-02-08 00:21:00,22341911.0
1311,2018-02-08 12:20:00,18728736.0
1312,2018-02-09 00:19:00,21514655.0
1313,2018-02-09 12:18:00,30101373.5
1314,2018-02-10 00:17:00,34073005.0
1315,2018-02-10 12:16:00,33548489.5
1316,2018-02-11 00:15:00,25529320.5
1317,2018-02-11 12:14:00,31152002.0
1318,2018-02-12 00:13:00,30206599.5
1319,2018-02-12 12:12:00,21737805.5
1320,2018-02-13 00:11:00,15585012.0
1321,2018-02-13 12:10:00,24663857.0
1322,2018-02-14 00:09:00,25089121.5
1323,2018-02-14 12:08:00,56584638.5
1324,2018-02-15 00:07:00,62640239.5
1325,2018-02-15 12:06:00,11600915.5
1326,2018-02-16 00:05:00,3320398.5
1327,2018-02-16 12:04:00,6597474.5
1328,2018-02-17 00:03:00,26739521.5
1329,2018-02-17 12:02:00,40161489.5
1330,2018-02-18 00:01:00,38591334.0
1331,2018-02-18 12:00:00,39664190.5
1332,2018-02-18 23:59:00,35277163.5
1333,2018-02-19 11:58:00,27940231.5
1334,2018-02-19 23:57:00,22996190.5
1335,2018-02-20 11:56:00,15157159.0
1336,2018-02-20 23:55:00,2831080.0
1337,2018-02-21 11:54:00,13394058.0
1338,2018-02-21 23:53:00,23467742.5
1339,2018-02-22 11:52:00,2731277.0
1340,2018-02-22 23:51:00,5863700.5
1341,2018-02-23 11:50:00,184938.0
1342,2018-02-23 23:49:00,28478410.0
1343,2018-02-24 11:48:00,74307545.5
1344,2018-02-24 23:47:00,46404790.0
1345,2018-02-25 11:46:00,596805.0
1346,2018-02-25 23:45:00,94248.0
1347,2018-02-26 11:44:00,28481537.5
1348,2018-02-26 23:43:00,82858319.0
1349,2018-02-27 11:42:00,73287806.5
1350,2018-02-27 23:41:00,49484973.0
1351,2018-02-28 11:40:00,24607882.5
1352,2018-02-28 23:39:00,53602818.5
1353,2018-03-01 11:38:00,27816259.5
1354,2018-03-01 23:37:00,3330595.5
1355,2018-03-02 11:36:00,1351651.5
1356,2018-03-02 23:35:00,28744035.0
1357,2018-03-03 11:34:00,31532743.0
1358,2018-03-03 23:33:00,29857501.5
1359,2018-03-04 11:32:00,30862327.5
1360,2018-03-04 23:31:00,28155586.5
1361,2018-03-05 11:30:00,27755331.0
1362,2018-03-05 23:29:00,27863764.5
1363,2018-03-06 11:28:00,2802748.5
1364,2018-03-06 23:27:00,28574462.5
1365,2018-03-07 11:26:00,18999390.0
1366,2018-03-07 23:25:00,22881594.5
1367,2018-03-08 11:24:00,18394094.0
1368,2018-03-08 23:23:00,18094313.0
1369,2018-03-09 11:22:00,18311100.5
1370,2018-03-09 23:21:00,14410616.5
1371,2018-03-10 11:20:00,13655043.0
1372,2018-03-10 23:19:00,12296727.0
1373,2018-03-11 11:18:00,10476616.0
1374,2018-03-11 23:17:00,3606083.5
1375,2018-03-12 11:16:00,3816299.5
1376,2018-03-12 23:15:00,74625.0
1377,2018-03-13 11:14:00,9103777.0
1378,2018-03-13 23:13:00,142313.5
1379,2018-03-14 11:12:00,411685.5
1380,2018-03-14 23:11:00,3711281.0
1381,2018-03-15 11:10:00,386186.5
1382,2018-03-15 23:09:00,396275.0
1383,2018-03-16 11:08:00,916368.5
1384,2018-03-16 23:07:00,111260.5
1385,2018-03-17 11:06:00,490975.5
1386,2018-03-17 23:05:00,46607.5
1387,2018-03-18 11:04:00,3507066.5
1388,2018-03-18 23:03:00,1437257.0
1389,2018-03-19 11:02:00,280238.0
1390,2018-03-19 23:01:00,310319.0
1391,2018-03-20 11:00:00,4186940.5
1392,2018-03-20 22:59:00,353775.0
1393,2018-03-21 10:58:00,1002994.0
1394,2018-03-21 22:57:00,1469710.0
1395,2018-03-22 10:56:00,142675.0
1396,2018-03-22 22:55:00,236987.0
1397,2018-03-23 10:54:00,8045394.5
1398,2018-03-23 22:53:00,491620.0
1399,2018-03-24 10:52:00,856762.5
1400,2018-03-24 22:51:00,584560.5
1401,2018-03-25 10:50:00,82711.5
1402,2018-03-25 22:49:00,56993.5
1403,2018-03-26 10:48:00,4526576.5
1404,2018-03-26 22:47:00,54682.5
1405,2018-03-27 10:46:00,10445109.0
1406,2018-03-27 22:45:00,831500.5
1407,2018-03-28 10:44:00,1736835.0
1408,2018-03-28 22:43:00,2987143.0
1409,2018-03-29 10:42:00,297829.5
1410,2018-03-29 22:41:00,2528256.0
1411,2018-03-30 10:40:00,352668.5
1412,2018-03-30 22:39:00,469841.0
1413,2018-03-31 10:38:00,1532967.0
1414,2018-03-31 22:37:00,366420.5
1415,2018-04-01 10:36:00,337389.5
1416,2018-04-01 22:35:00,512840.0
1417,2018-04-02 10:34:00,555724.5
1418,2018-04-02 22:33:00,1232365.5
1419,2018-04-03 10:32:00,836487.0
1420,2018-04-03 22:31:00,232720.5
1421,2018-04-04 10:30:00,3077208.0
1422,2018-04-04 22:29:00,198299.5
1423,2018-04-05 10:28:00,772738.0
1424,2018-04-05 22:27:00,94247.5
1425,2018-04-06 10:26:00,793334.0
1426,2018-04-06 22:25:00,1188318.5
1427,2018-04-07 10:24:00,791407.5
1428,2018-04-07 22:23:00,188883.5
1429,2018-04-08 10:22:00,37392.5
1430,2018-04-08 22:21:00,320074.5
1431,2018-04-09 10:20:00,287070.0
1432,2018-04-09 22:19:00,238396.0
1433,2018-04-10 10:18:00,562984.0
1434,2018-04-10 22:17:00,82369.0
1435,2018-04-11 10:16:00,2022325.5
1436,2018-04-11 22:15:00,73738.0
1437,2018-04-12 10:14:00,3104900.5
1438,2018-04-12 22:13:00,1300179.0
1439,2018-04-13 10:12:00,1835100.5
1440,2018-04-13 22:11:00,70207.5
1441,2018-04-14 10:10:00,8326002.5
1442,2018-04-14 22:09:00,27083224.0
1443,2018-04-15 10:08:00,9815006.5
1444,2018-04-15 22:07:00,87087.0
1445,2018-04-16 10:06:00,2879017.0
1446,2018-04-16 22:05:00,1282398.0
1447,2018-04-17 10:04:00,3761049.0
1448,2018-04-17 22:03:00,1097817.5
1449,2018-04-18 10:02:00,1483184.0
1450,2018-04-18 22:01:00,681318.0
1451,2018-04-19 10:00:00,1355024.5
1452,2018-04-19 21:59:00,874658.5
1453,2018-04-20 09:58:00,2320005.5
1454,2018-04-20 21:57:00,3490254.5
1455,2018-04-21 09:56:00,511645.5
1456,2018-04-21 21:55:00,341951.0
1457,2018-04-22 09:54:00,920957.0
1458,2018-04-22 21:53:00,333647.5
1459,2018-04-23 09:52:00,2506723.0
1460,2018-04-23 21:51:00,1343563.5
1461,2018-04-24 09:50:00,2879058.5
1462,2018-04-24 21:49:00,1617241.0
1463,2018-04-25 09:48:00,5540955.5
1464,2018-04-25 21:47:00,6454052.5
1465,2018-04-26 09:46:00,36291.0
1466,2018-04-26 21:45:00,1104122.0
1467,2018-04-27 09:44:00,180197.0
1468,2018-04-27 21:43:00,3565110.5
1469,2018-04-28 09:42:00,194567.0
1470,2018-04-28 21:41:00,767011.0
1471,2018-04-29 09:40:00,299519.0
1472,2018-04-29 21:39:00,1207898.5
1473,2018-04-30 09:38:00,1121679.5
1474,2018-04-30 21:37:00,490811.0
1475,2018-05-01 09:36:00,2225904.5
1476,2018-05-01 21:35:00,899379.0
1477,2018-05-02 09:34:00,721769.5
1478,2018-05-02 21:33:00,285712.5
1479,2018-05-03 09:32:00,618286.0
1480,2018-05-03 21:31:00,12999953.5
1481,2018-05-04 09:30:00,2393025.5
1482,2018-05-04 21:29:00,3437269.5
1483,2018-05-05 09:28:00,322203.5
1484,2018-05-05 21:27:00,492948.0
1485,2018-05-06 09:26:00,2977608.5
1486,2018-05-06 21:25:00,406032.0
1487,2018-05-07 09:24:00,1066994.0
1488,2018-05-07 21:23:00,3025517.5
1489,2018-05-08 09:22:00,2654802.5
1490,2018-05-08 21:21:00,1259819.0
1491,2018-05-09 09:20:00,1195997.5
1492,2018-05-09 21:19:00,330639.5
1493,2018-05-10 09:18:00,1079384.0
1494,2018-05-10 21:17:00,790947.5
1495,2018-05-11 09:16:00,9223707.5
1496,2018-05-11 21:15:00,17450699.0
1497,2018-05-12 09:14:00,371646.5
1498,2018-05-12 21:13:00,457885.5
1499,2018-05-13 09:12:00,845738.5
1500,2018-05-13 21:11:00,4110677.0
