,2009-01-03 00:00:00,1.0
0,2009-01-05 00:00:00,1.0
1,2009-01-07 00:00:00,1.0
2,2009-01-09 00:00:00,1.0
3,2009-01-11 00:00:00,1.0
4,2009-01-13 00:00:00,1.0
5,2009-01-15 00:00:00,1.0
6,2009-01-17 00:00:00,1.0
7,2009-01-19 00:00:00,1.0
8,2009-01-21 00:00:00,1.0
9,2009-01-23 00:00:00,1.0
10,2009-01-25 00:00:00,1.0
11,2009-01-27 00:00:00,1.0
12,2009-01-29 00:00:00,1.0
13,2009-01-31 00:00:00,1.0
14,2009-02-02 00:00:00,1.0
15,2009-02-04 00:00:00,1.0
16,2009-02-06 00:00:00,1.0
17,2009-02-08 00:00:00,1.0
18,2009-02-10 00:00:00,1.0
19,2009-02-12 00:00:00,1.0
20,2009-02-14 00:00:00,1.0
21,2009-02-16 00:00:00,1.0
22,2009-02-18 00:00:00,1.0
23,2009-02-20 00:00:00,1.0
24,2009-02-22 00:00:00,1.0
25,2009-02-24 00:00:00,1.0
26,2009-02-26 00:00:00,1.0
27,2009-02-28 00:00:00,1.0
28,2009-03-02 00:00:00,1.0
29,2009-03-04 00:00:00,1.0
30,2009-03-06 00:00:00,1.0
31,2009-03-08 00:00:00,1.0
32,2009-03-10 00:00:00,1.0
33,2009-03-12 00:00:00,1.0
34,2009-03-14 00:00:00,1.0
35,2009-03-16 00:00:00,1.0
36,2009-03-18 00:00:00,1.0
37,2009-03-20 00:00:00,1.0
38,2009-03-22 00:00:00,1.0
39,2009-03-24 00:00:00,1.0
40,2009-03-26 00:00:00,1.0
41,2009-03-28 00:00:00,1.0
42,2009-03-30 00:00:00,1.0
43,2009-04-01 00:00:00,1.0
44,2009-04-03 00:00:00,1.0
45,2009-04-05 00:00:00,1.0
46,2009-04-07 00:00:00,1.0
47,2009-04-09 00:00:00,1.0
48,2009-04-11 00:00:00,1.0
49,2009-04-13 00:00:00,1.0
50,2009-04-15 00:00:00,1.0
51,2009-04-17 00:00:00,1.0
52,2009-04-19 00:00:00,1.0
53,2009-04-21 00:00:00,1.0
54,2009-04-23 00:00:00,1.0
55,2009-04-25 00:00:00,1.0
56,2009-04-27 00:00:00,1.0
57,2009-04-29 00:00:00,1.0
58,2009-05-01 00:00:00,1.0
59,2009-05-03 00:00:00,1.0
60,2009-05-05 00:00:00,1.0
61,2009-05-07 00:00:00,1.0
62,2009-05-09 00:00:00,1.0
63,2009-05-11 00:00:00,1.0
64,2009-05-13 00:00:00,1.0
65,2009-05-15 00:00:00,1.0
66,2009-05-17 00:00:00,1.0
67,2009-05-19 00:00:00,1.0
68,2009-05-21 00:00:00,1.0
69,2009-05-23 00:00:00,1.0
70,2009-05-25 00:00:00,1.0
71,2009-05-27 00:00:00,1.0
72,2009-05-29 00:00:00,1.0
73,2009-05-31 00:00:00,1.0
74,2009-06-02 00:00:00,1.0
75,2009-06-04 00:00:00,1.0
76,2009-06-06 00:00:00,1.0
77,2009-06-08 00:00:00,1.0
78,2009-06-10 00:00:00,1.0
79,2009-06-12 00:00:00,1.0
80,2009-06-14 00:00:00,1.0
81,2009-06-16 00:00:00,1.0
82,2009-06-18 00:00:00,1.0
83,2009-06-20 00:00:00,1.0
84,2009-06-22 00:00:00,1.0
85,2009-06-24 00:00:00,1.0
86,2009-06-26 00:00:00,1.0
87,2009-06-28 00:00:00,1.0
88,2009-06-30 00:00:00,1.0
89,2009-07-02 00:00:00,1.0
90,2009-07-04 00:00:00,1.0
91,2009-07-06 00:00:00,1.0
92,2009-07-08 00:00:00,1.0
93,2009-07-10 00:00:00,1.0
94,2009-07-12 00:00:00,1.0
95,2009-07-14 00:00:00,1.0
96,2009-07-16 00:00:00,1.0
97,2009-07-18 00:00:00,1.0
98,2009-07-20 00:00:00,1.0
99,2009-07-22 00:00:00,1.0
100,2009-07-24 00:00:00,1.0
101,2009-07-26 00:00:00,1.0
102,2009-07-28 00:00:00,1.0
103,2009-07-30 00:00:00,1.0
104,2009-08-01 00:00:00,1.0
105,2009-08-03 00:00:00,1.0
106,2009-08-05 00:00:00,1.0
107,2009-08-07 00:00:00,1.0
108,2009-08-09 00:00:00,1.0
109,2009-08-11 00:00:00,1.0
110,2009-08-13 00:00:00,1.0
111,2009-08-15 00:00:00,1.0
112,2009-08-17 00:00:00,1.0
113,2009-08-19 00:00:00,1.0
114,2009-08-21 00:00:00,1.0
115,2009-08-23 00:00:00,1.0
116,2009-08-25 00:00:00,1.0
117,2009-08-27 00:00:00,1.0
118,2009-08-29 00:00:00,1.0
119,2009-08-31 00:00:00,1.0
120,2009-09-02 00:00:00,1.0
121,2009-09-04 00:00:00,1.0
122,2009-09-06 00:00:00,1.0
123,2009-09-08 00:00:00,1.0
124,2009-09-10 00:00:00,1.0
125,2009-09-12 00:00:00,1.0
126,2009-09-14 00:00:00,1.0
127,2009-09-16 00:00:00,1.0
128,2009-09-18 00:00:00,1.0
129,2009-09-20 00:00:00,1.0
130,2009-09-22 00:00:00,1.0
131,2009-09-24 00:00:00,1.0
132,2009-09-26 00:00:00,1.0
133,2009-09-28 00:00:00,1.0
134,2009-09-30 00:00:00,1.0
135,2009-10-02 00:00:00,1.0
136,2009-10-04 00:00:00,1.0
137,2009-10-06 00:00:00,1.0
138,2009-10-08 00:00:00,1.0
139,2009-10-10 00:00:00,1.0
140,2009-10-12 00:00:00,1.0
141,2009-10-14 00:00:00,1.0
142,2009-10-16 00:00:00,1.0
143,2009-10-18 00:00:00,1.0
144,2009-10-20 00:00:00,1.0
145,2009-10-22 00:00:00,1.0
146,2009-10-24 00:00:00,1.0
147,2009-10-26 00:00:00,1.0
148,2009-10-28 00:00:00,1.0
149,2009-10-30 00:00:00,1.0
150,2009-11-01 00:00:00,1.0
151,2009-11-03 00:00:00,1.0
152,2009-11-05 00:00:00,1.0
153,2009-11-07 00:00:00,1.0
154,2009-11-09 00:00:00,1.0
155,2009-11-11 00:00:00,1.0
156,2009-11-13 00:00:00,1.0
157,2009-11-15 00:00:00,1.0
158,2009-11-17 00:00:00,1.0
159,2009-11-19 00:00:00,1.0
160,2009-11-21 00:00:00,1.0
161,2009-11-23 00:00:00,1.0
162,2009-11-25 00:00:00,1.0
163,2009-11-27 00:00:00,1.0
164,2009-11-29 00:00:00,1.0
165,2009-12-01 00:00:00,1.0
166,2009-12-03 00:00:00,1.0
167,2009-12-05 00:00:00,1.0
168,2009-12-07 00:00:00,1.0
169,2009-12-09 00:00:00,1.0
170,2009-12-11 00:00:00,1.0
171,2009-12-13 00:00:00,1.0
172,2009-12-15 00:00:00,1.0
173,2009-12-17 00:00:00,1.0
174,2009-12-19 00:00:00,1.0
175,2009-12-21 00:00:00,1.0
176,2009-12-23 00:00:00,1.0
177,2009-12-25 00:00:00,1.0
178,2009-12-27 00:00:00,1.0
179,2009-12-29 00:00:00,1.0
180,2009-12-31 00:00:00,1.0
181,2010-01-02 00:00:00,1.0
182,2010-01-04 00:00:00,1.0
183,2010-01-06 00:00:00,1.0
184,2010-01-08 00:00:00,1.0
185,2010-01-10 00:00:00,1.0
186,2010-01-12 00:00:00,1.0
187,2010-01-14 00:00:00,1.0
188,2010-01-16 00:00:00,1.0
189,2010-01-18 00:00:00,1.0
190,2010-01-20 00:00:00,1.0
191,2010-01-22 00:00:00,1.0
192,2010-01-24 00:00:00,1.0
193,2010-01-26 00:00:00,1.0
194,2010-01-28 00:00:00,1.0
195,2010-01-30 00:00:00,1.0
196,2010-02-01 00:00:00,1.0
197,2010-02-03 00:00:00,1.0
198,2010-02-05 00:00:00,1.0
199,2010-02-07 00:00:00,1.0
200,2010-02-09 00:00:00,1.0
201,2010-02-11 00:00:00,1.0
202,2010-02-13 00:00:00,1.0
203,2010-02-15 00:00:00,1.0
204,2010-02-17 00:00:00,1.0
205,2010-02-19 00:00:00,1.0
206,2010-02-21 00:00:00,1.0
207,2010-02-23 00:00:00,1.0
208,2010-02-25 00:00:00,1.0
209,2010-02-27 00:00:00,1.0
210,2010-03-01 00:00:00,1.0
211,2010-03-03 00:00:00,1.0
212,2010-03-05 00:00:00,1.0
213,2010-03-07 00:00:00,1.0
214,2010-03-09 00:00:00,1.0
215,2010-03-11 00:00:00,1.0
216,2010-03-13 00:00:00,1.0
217,2010-03-15 00:00:00,1.0
218,2010-03-17 00:00:00,1.0
219,2010-03-19 00:00:00,1.0
220,2010-03-21 00:00:00,1.0
221,2010-03-23 00:00:00,1.0
222,2010-03-25 00:00:00,1.0
223,2010-03-27 00:00:00,1.0
224,2010-03-29 00:00:00,1.0
225,2010-03-31 00:00:00,1.0
226,2010-04-02 00:00:00,1.0
227,2010-04-04 00:00:00,1.0
228,2010-04-06 00:00:00,1.0
229,2010-04-08 00:00:00,1.0
230,2010-04-10 00:00:00,1.0
231,2010-04-12 00:00:00,1.0
232,2010-04-14 00:00:00,10.0
233,2010-04-16 00:00:00,1.0
234,2010-04-18 00:00:00,1.0
235,2010-04-20 00:00:00,1.0
236,2010-04-22 00:00:00,1.0
237,2010-04-24 00:00:00,1.0
238,2010-04-26 00:00:00,1.0
239,2010-04-28 00:00:00,1.0
240,2010-04-30 00:00:00,1.0
241,2010-05-02 00:00:00,1.0
242,2010-05-04 00:00:00,1.0
243,2010-05-06 00:00:00,1.0
244,2010-05-08 00:00:00,1.0
245,2010-05-10 00:00:00,1.0
246,2010-05-12 00:00:00,1.0
247,2010-05-14 00:00:00,1.0
248,2010-05-16 00:00:00,1.0
249,2010-05-18 00:00:00,1.0
250,2010-05-20 00:00:00,1.0
251,2010-05-22 00:00:00,1.0
252,2010-05-24 00:00:00,1.0
253,2010-05-26 00:00:00,1.0
254,2010-05-28 00:00:00,1.0
255,2010-05-30 00:00:00,1.0
256,2010-06-01 00:00:00,1.0
257,2010-06-03 00:00:00,1.0
258,2010-06-05 00:00:00,1.0
259,2010-06-07 00:00:00,1.0
260,2010-06-09 00:00:00,1.0
261,2010-06-11 00:00:00,1.0
262,2010-06-13 00:00:00,1.0
263,2010-06-15 00:00:00,1.0
264,2010-06-17 00:00:00,1.0
265,2010-06-19 00:00:00,1.0
266,2010-06-21 00:00:00,1.0
267,2010-06-23 00:00:00,1.0
268,2010-06-25 00:00:00,1.0
269,2010-06-27 00:00:00,1.0
270,2010-06-29 00:00:00,1.0
271,2010-07-01 00:00:00,1.0
272,2010-07-03 00:00:00,1.0
273,2010-07-05 00:00:00,1.0
274,2010-07-07 00:00:00,3.0
275,2010-07-09 00:00:00,9.0
276,2010-07-11 00:00:00,2.0
277,2010-07-13 00:00:00,2.0
278,2010-07-15 00:00:00,3.0
279,2010-07-17 00:00:00,2.0
280,2010-07-19 00:00:00,2.0
281,2010-07-21 00:00:00,1.0
282,2010-07-23 00:00:00,2.0
283,2010-07-25 00:00:00,1.0
284,2010-07-27 00:00:00,1.0
285,2010-07-29 00:00:00,2.0
286,2010-07-31 00:00:00,2.0
287,2010-08-02 00:00:00,2.0
288,2010-08-04 00:00:00,2.0
289,2010-08-06 00:00:00,1.0
290,2010-08-08 00:00:00,2.0
291,2010-08-10 00:00:00,1.0
292,2010-08-12 00:00:00,2.0
293,2010-08-14 00:00:00,2.0
294,2010-08-16 00:00:00,1.0
295,2010-08-18 00:00:00,1.0
296,2010-08-20 00:00:00,1.0
297,2010-08-22 00:00:00,1.0
298,2010-08-24 00:00:00,1.0
299,2010-08-26 00:00:00,2.0
300,2010-08-28 00:00:00,2.0
301,2010-08-30 00:00:00,1.0
302,2010-09-01 00:00:00,1.0
303,2010-09-03 00:00:00,1.0
304,2010-09-05 00:00:00,2.0
305,2010-09-07 00:00:00,1.0
306,2010-09-09 00:00:00,2.0
307,2010-09-11 00:00:00,2.0
308,2010-09-13 00:00:00,1.0
309,2010-09-15 00:00:00,2.0
310,2010-09-17 00:00:00,4.0
311,2010-09-19 00:00:00,2.0
312,2010-09-21 00:00:00,2.0
313,2010-09-23 00:00:00,2.0
314,2010-09-25 00:00:00,2.0
315,2010-09-27 00:00:00,4.0
316,2010-09-29 00:00:00,2.0
317,2010-10-01 00:00:00,2.0
318,2010-10-03 00:00:00,2.0
319,2010-10-05 00:00:00,2.0
320,2010-10-07 00:00:00,2.0
321,2010-10-09 00:00:00,1.0
322,2010-10-11 00:00:00,1.0
323,2010-10-13 00:00:00,1.0
324,2010-10-15 00:00:00,2.0
325,2010-10-17 00:00:00,3.0
326,2010-10-19 00:00:00,2.0
327,2010-10-21 00:00:00,2.0
328,2010-10-23 00:00:00,2.0
329,2010-10-25 00:00:00,1.0
330,2010-10-27 00:00:00,1.0
331,2010-10-29 00:00:00,1.0
332,2010-10-31 00:00:00,1.0
333,2010-11-02 00:00:00,1.0
334,2010-11-04 00:00:00,1.0
335,2010-11-06 00:00:00,1.0
336,2010-11-08 00:00:00,1.0
337,2010-11-10 00:00:00,8.0
338,2010-11-12 00:00:00,1.0
339,2010-11-14 00:00:00,46.0
340,2010-11-16 00:00:00,76.0
341,2010-11-18 00:00:00,2.0
342,2010-11-20 00:00:00,38.0
343,2010-11-22 00:00:00,2.0
344,2010-11-24 00:00:00,2.0
345,2010-11-26 00:00:00,2.0
346,2010-11-28 00:00:00,2.0
347,2010-11-30 00:00:00,1.0
348,2010-12-02 00:00:00,2.0
349,2010-12-04 00:00:00,2.0
350,2010-12-06 00:00:00,2.0
351,2010-12-08 00:00:00,4.0
352,2010-12-10 00:00:00,3.0
353,2010-12-12 00:00:00,2.0
354,2010-12-14 00:00:00,2.0
355,2010-12-16 00:00:00,3.0
356,2010-12-18 00:00:00,3.0
357,2010-12-20 00:00:00,3.0
358,2010-12-22 00:00:00,3.0
359,2010-12-24 00:00:00,3.0
360,2010-12-26 00:00:00,3.0
361,2010-12-28 00:00:00,3.0
362,2010-12-30 00:00:00,8.0
363,2011-01-01 00:00:00,5.0
364,2011-01-03 00:00:00,7.0
365,2011-01-05 00:00:00,8.0
366,2011-01-07 00:00:00,7.0
367,2011-01-09 00:00:00,7.0
368,2011-01-11 00:00:00,5.0
369,2011-01-13 00:00:00,5.0
370,2011-01-15 00:00:00,5.0
371,2011-01-17 00:00:00,8.0
372,2011-01-19 00:00:00,7.0
373,2011-01-21 00:00:00,5.0
374,2011-01-23 00:00:00,6.0
375,2011-01-25 00:00:00,13.0
376,2011-01-27 00:00:00,5.0
377,2011-01-29 00:00:00,5.0
378,2011-01-31 00:00:00,4.0
379,2011-02-02 00:00:00,4.0
380,2011-02-04 00:00:00,5.0
381,2011-02-06 00:00:00,12.0
382,2011-02-08 00:00:00,9.0
383,2011-02-10 00:00:00,10.0
384,2011-02-12 00:00:00,9.0
385,2011-02-14 00:00:00,10.0
386,2011-02-16 00:00:00,10.0
387,2011-02-18 00:00:00,9.0
388,2011-02-20 00:00:00,9.0
389,2011-02-22 00:00:00,8.0
390,2011-02-24 00:00:00,12.0
391,2011-02-26 00:00:00,16.0
392,2011-02-28 00:00:00,7.0
393,2011-03-02 00:00:00,9.0
394,2011-03-04 00:00:00,11.0
395,2011-03-06 00:00:00,15.0
396,2011-03-08 00:00:00,20.0
397,2011-03-10 00:00:00,25.0
398,2011-03-12 00:00:00,24.0
399,2011-03-14 00:00:00,28.0
400,2011-03-16 00:00:00,47.0
401,2011-03-18 00:00:00,29.0
402,2011-03-20 00:00:00,12.0
403,2011-03-22 00:00:00,14.0
404,2011-03-24 00:00:00,18.0
405,2011-03-26 00:00:00,10.0
406,2011-03-28 00:00:00,9.0
407,2011-03-30 00:00:00,12.0
408,2011-04-01 00:00:00,12.0
409,2011-04-03 00:00:00,10.0
410,2011-04-05 00:00:00,9.0
411,2011-04-07 00:00:00,12.0
412,2011-04-09 00:00:00,18.0
413,2011-04-11 00:00:00,11.0
414,2011-04-13 00:00:00,17.0
415,2011-04-15 00:00:00,22.0
416,2011-04-17 00:00:00,13.0
417,2011-04-19 00:00:00,15.0
418,2011-04-21 00:00:00,14.0
419,2011-04-23 00:00:00,22.0
420,2011-04-25 00:00:00,21.0
421,2011-04-27 00:00:00,14.0
422,2011-04-29 00:00:00,15.0
423,2011-05-01 00:00:00,16.0
424,2011-05-03 00:00:00,13.0
425,2011-05-05 00:00:00,15.0
426,2011-05-07 00:00:00,16.0
427,2011-05-09 00:00:00,17.0
428,2011-05-11 00:00:00,18.0
429,2011-05-13 00:00:00,17.0
430,2011-05-15 00:00:00,21.0
431,2011-05-17 00:00:00,21.0
432,2011-05-19 00:00:00,18.0
433,2011-05-21 00:00:00,21.0
434,2011-05-23 00:00:00,32.0
435,2011-05-25 00:00:00,31.0
436,2011-05-27 00:00:00,34.0
437,2011-05-29 00:00:00,41.0
438,2011-05-31 00:00:00,39.0
439,2011-06-02 00:00:00,51.0
440,2011-06-04 00:00:00,57.0
441,2011-06-06 00:00:00,48.0
442,2011-06-08 00:00:00,49.0
443,2011-06-10 00:00:00,50.0
444,2011-06-12 00:00:00,64.0
445,2011-06-14 00:00:00,52.0
446,2011-06-16 00:00:00,39.0
447,2011-06-18 00:00:00,44.0
448,2011-06-20 00:00:00,63.0
449,2011-06-22 00:00:00,71.0
450,2011-06-24 00:00:00,57.0
451,2011-06-26 00:00:00,52.0
452,2011-06-28 00:00:00,49.0
453,2011-06-30 00:00:00,56.0
454,2011-07-02 00:00:00,69.0
455,2011-07-04 00:00:00,53.0
456,2011-07-06 00:00:00,66.0
457,2011-07-08 00:00:00,52.0
458,2011-07-10 00:00:00,53.0
459,2011-07-12 00:00:00,53.0
460,2011-07-14 00:00:00,60.0
461,2011-07-16 00:00:00,55.0
462,2011-07-18 00:00:00,55.0
463,2011-07-20 00:00:00,60.0
464,2011-07-22 00:00:00,46.0
465,2011-07-24 00:00:00,46.0
466,2011-07-26 00:00:00,44.0
467,2011-07-28 00:00:00,59.0
468,2011-07-30 00:00:00,62.0
469,2011-08-01 00:00:00,57.0
470,2011-08-03 00:00:00,55.0
471,2011-08-05 00:00:00,50.0
472,2011-08-07 00:00:00,51.0
473,2011-08-09 00:00:00,61.0
474,2011-08-11 00:00:00,68.0
475,2011-08-13 00:00:00,47.0
476,2011-08-15 00:00:00,49.0
477,2011-08-17 00:00:00,45.0
478,2011-08-19 00:00:00,55.0
479,2011-08-21 00:00:00,48.0
480,2011-08-23 00:00:00,47.0
481,2011-08-25 00:00:00,50.0
482,2011-08-27 00:00:00,56.0
483,2011-08-29 00:00:00,44.0
484,2011-08-31 00:00:00,47.0
485,2011-09-02 00:00:00,48.0
486,2011-09-04 00:00:00,51.0
487,2011-09-06 00:00:00,45.0
488,2011-09-08 00:00:00,48.0
489,2011-09-10 00:00:00,40.0
490,2011-09-12 00:00:00,50.0
491,2011-09-14 00:00:00,51.0
492,2011-09-16 00:00:00,54.0
493,2011-09-18 00:00:00,43.0
494,2011-09-20 00:00:00,39.0
495,2011-09-22 00:00:00,44.0
496,2011-09-24 00:00:00,42.0
497,2011-09-26 00:00:00,41.0
498,2011-09-28 00:00:00,48.0
499,2011-09-30 00:00:00,45.0
500,2011-10-02 00:00:00,43.0
501,2011-10-04 00:00:00,45.0
502,2011-10-06 00:00:00,55.0
503,2011-10-08 00:00:00,52.0
504,2011-10-10 00:00:00,43.0
505,2011-10-12 00:00:00,49.0
506,2011-10-14 00:00:00,36.0
507,2011-10-16 00:00:00,38.0
508,2011-10-18 00:00:00,51.0
509,2011-10-20 00:00:00,40.0
510,2011-10-22 00:00:00,41.0
511,2011-10-24 00:00:00,48.0
512,2011-10-26 00:00:00,36.0
513,2011-10-28 00:00:00,38.0
514,2011-10-30 00:00:00,46.0
515,2011-11-01 00:00:00,33.0
516,2011-11-03 00:00:00,42.0
517,2011-11-05 00:00:00,43.0
518,2011-11-07 00:00:00,39.0
519,2011-11-09 00:00:00,41.0
520,2011-11-11 00:00:00,44.0
521,2011-11-13 00:00:00,36.0
522,2011-11-15 00:00:00,37.0
523,2011-11-17 00:00:00,39.0
524,2011-11-19 00:00:00,44.0
525,2011-11-21 00:00:00,39.0
526,2011-11-23 00:00:00,47.0
527,2011-11-25 00:00:00,43.0
528,2011-11-27 00:00:00,40.0
529,2011-11-29 00:00:00,38.0
530,2011-12-01 00:00:00,44.0
531,2011-12-03 00:00:00,37.0
532,2011-12-05 00:00:00,36.0
533,2011-12-07 00:00:00,36.0
534,2011-12-09 00:00:00,35.0
535,2011-12-11 00:00:00,42.0
536,2011-12-13 00:00:00,31.0
537,2011-12-15 00:00:00,49.0
538,2011-12-17 00:00:00,42.0
539,2011-12-19 00:00:00,35.0
540,2011-12-21 00:00:00,31.0
541,2011-12-23 00:00:00,33.0
542,2011-12-25 00:00:00,39.0
543,2011-12-27 00:00:00,30.0
544,2011-12-29 00:00:00,34.0
545,2011-12-31 00:00:00,47.0
546,2012-01-02 00:00:00,34.0
547,2012-01-04 00:00:00,37.0
548,2012-01-06 00:00:00,47.0
549,2012-01-08 00:00:00,55.0
550,2012-01-10 00:00:00,45.0
551,2012-01-12 00:00:00,41.0
552,2012-01-14 00:00:00,47.0
553,2012-01-16 00:00:00,37.0
554,2012-01-18 00:00:00,34.0
555,2012-01-20 00:00:00,51.0
556,2012-01-22 00:00:00,47.0
557,2012-01-24 00:00:00,39.0
558,2012-01-26 00:00:00,40.0
559,2012-01-28 00:00:00,42.0
560,2012-01-30 00:00:00,46.0
561,2012-02-01 00:00:00,43.0
562,2012-02-03 00:00:00,50.0
563,2012-02-05 00:00:00,58.0
564,2012-02-07 00:00:00,46.0
565,2012-02-09 00:00:00,71.0
566,2012-02-11 00:00:00,71.0
567,2012-02-13 00:00:00,38.0
568,2012-02-15 00:00:00,41.0
569,2012-02-17 00:00:00,45.0
570,2012-02-19 00:00:00,49.0
571,2012-02-21 00:00:00,38.0
572,2012-02-23 00:00:00,44.0
573,2012-02-25 00:00:00,43.0
574,2012-02-27 00:00:00,47.0
575,2012-02-29 00:00:00,50.0
576,2012-03-02 00:00:00,44.0
577,2012-03-04 00:00:00,39.0
578,2012-03-06 00:00:00,38.0
579,2012-03-08 00:00:00,44.0
580,2012-03-10 00:00:00,50.0
581,2012-03-12 00:00:00,43.0
582,2012-03-14 00:00:00,42.0
583,2012-03-16 00:00:00,43.0
584,2012-03-18 00:00:00,48.0
585,2012-03-20 00:00:00,37.0
586,2012-03-22 00:00:00,42.0
587,2012-03-24 00:00:00,54.0
588,2012-03-26 00:00:00,38.0
589,2012-03-28 00:00:00,47.0
590,2012-03-30 00:00:00,53.0
591,2012-04-01 00:00:00,56.0
592,2012-04-03 00:00:00,41.0
593,2012-04-05 00:00:00,58.0
594,2012-04-07 00:00:00,61.0
595,2012-04-09 00:00:00,59.0
596,2012-04-11 00:00:00,58.0
597,2012-04-13 00:00:00,66.0
598,2012-04-15 00:00:00,51.0
599,2012-04-17 00:00:00,45.0
600,2012-04-19 00:00:00,60.0
601,2012-04-21 00:00:00,65.0
602,2012-04-23 00:00:00,45.0
603,2012-04-25 00:00:00,53.0
604,2012-04-27 00:00:00,60.0
605,2012-04-29 00:00:00,92.0
606,2012-05-01 00:00:00,72.0
607,2012-05-03 00:00:00,92.0
608,2012-05-05 00:00:00,88.0
609,2012-05-07 00:00:00,160.0
610,2012-05-09 00:00:00,195.0
611,2012-05-11 00:00:00,175.0
612,2012-05-13 00:00:00,151.0
613,2012-05-15 00:00:00,234.0
614,2012-05-17 00:00:00,216.0
615,2012-05-19 00:00:00,192.0
616,2012-05-21 00:00:00,177.0
617,2012-05-23 00:00:00,235.0
618,2012-05-25 00:00:00,214.0
619,2012-05-27 00:00:00,163.0
620,2012-05-29 00:00:00,168.0
621,2012-05-31 00:00:00,333.0
622,2012-06-02 00:00:00,242.0
623,2012-06-04 00:00:00,188.0
624,2012-06-06 00:00:00,229.0
625,2012-06-08 00:00:00,321.0
626,2012-06-10 00:00:00,361.0
627,2012-06-12 00:00:00,247.0
628,2012-06-14 00:00:00,209.0
629,2012-06-16 00:00:00,217.0
630,2012-06-18 00:00:00,133.0
631,2012-06-20 00:00:00,169.0
632,2012-06-22 00:00:00,189.0
633,2012-06-24 00:00:00,159.0
634,2012-06-26 00:00:00,136.0
635,2012-06-28 00:00:00,158.0
636,2012-06-30 00:00:00,160.0
637,2012-07-02 00:00:00,153.0
638,2012-07-04 00:00:00,153.0
639,2012-07-06 00:00:00,220.0
640,2012-07-08 00:00:00,145.0
641,2012-07-10 00:00:00,173.0
642,2012-07-12 00:00:00,196.0
643,2012-07-14 00:00:00,217.0
644,2012-07-16 00:00:00,250.0
645,2012-07-18 00:00:00,239.0
646,2012-07-20 00:00:00,189.0
647,2012-07-22 00:00:00,157.0
648,2012-07-24 00:00:00,226.0
649,2012-07-26 00:00:00,271.0
650,2012-07-28 00:00:00,210.0
651,2012-07-30 00:00:00,187.0
652,2012-08-01 00:00:00,255.0
653,2012-08-03 00:00:00,228.0
654,2012-08-05 00:00:00,166.0
655,2012-08-07 00:00:00,199.0
656,2012-08-09 00:00:00,230.0
657,2012-08-11 00:00:00,319.0
658,2012-08-13 00:00:00,261.0
659,2012-08-15 00:00:00,191.0
660,2012-08-17 00:00:00,272.0
661,2012-08-19 00:00:00,198.0
662,2012-08-21 00:00:00,173.0
663,2012-08-23 00:00:00,205.0
664,2012-08-25 00:00:00,198.0
665,2012-08-27 00:00:00,257.0
666,2012-08-29 00:00:00,228.0
667,2012-08-31 00:00:00,230.0
668,2012-09-02 00:00:00,188.0
669,2012-09-04 00:00:00,196.0
670,2012-09-06 00:00:00,239.0
671,2012-09-08 00:00:00,192.0
672,2012-09-10 00:00:00,212.0
673,2012-09-12 00:00:00,144.0
674,2012-09-14 00:00:00,224.0
675,2012-09-16 00:00:00,183.0
676,2012-09-18 00:00:00,162.0
677,2012-09-20 00:00:00,159.0
678,2012-09-22 00:00:00,211.0
679,2012-09-24 00:00:00,157.0
680,2012-09-26 00:00:00,160.0
681,2012-09-28 00:00:00,233.0
682,2012-09-30 00:00:00,253.0
683,2012-10-02 00:00:00,231.0
684,2012-10-04 00:00:00,247.0
685,2012-10-06 00:00:00,217.0
686,2012-10-08 00:00:00,255.0
687,2012-10-10 00:00:00,189.0
688,2012-10-12 00:00:00,232.0
689,2012-10-14 00:00:00,179.0
690,2012-10-16 00:00:00,251.0
691,2012-10-18 00:00:00,292.0
692,2012-10-20 00:00:00,203.0
693,2012-10-22 00:00:00,98.0
694,2012-10-24 00:00:00,121.0
695,2012-10-26 00:00:00,205.0
696,2012-10-28 00:00:00,189.0
697,2012-10-30 00:00:00,141.0
698,2012-11-01 00:00:00,206.0
699,2012-11-03 00:00:00,215.0
700,2012-11-05 00:00:00,166.0
701,2012-11-07 00:00:00,174.0
702,2012-11-09 00:00:00,202.0
703,2012-11-11 00:00:00,264.0
704,2012-11-13 00:00:00,208.0
705,2012-11-15 00:00:00,236.0
706,2012-11-17 00:00:00,224.0
707,2012-11-19 00:00:00,180.0
708,2012-11-21 00:00:00,218.0
709,2012-11-23 00:00:00,216.0
710,2012-11-25 00:00:00,219.0
711,2012-11-27 00:00:00,136.0
712,2012-11-29 00:00:00,252.0
713,2012-12-01 00:00:00,260.0
714,2012-12-03 00:00:00,235.0
715,2012-12-05 00:00:00,270.0
716,2012-12-07 00:00:00,273.0
717,2012-12-09 00:00:00,398.0
718,2012-12-11 00:00:00,295.0
719,2012-12-13 00:00:00,369.0
720,2012-12-15 00:00:00,334.0
721,2012-12-17 00:00:00,361.0
722,2012-12-19 00:00:00,292.0
723,2012-12-21 00:00:00,248.0
724,2012-12-23 00:00:00,269.0
725,2012-12-25 00:00:00,273.0
726,2012-12-27 00:00:00,174.0
727,2012-12-29 00:00:00,258.0
728,2012-12-31 00:00:00,261.0
729,2013-01-02 00:00:00,244.0
730,2013-01-04 00:00:00,323.0
731,2013-01-06 00:00:00,451.0
732,2013-01-08 00:00:00,383.0
733,2013-01-10 00:00:00,359.0
734,2013-01-12 00:00:00,390.0
735,2013-01-14 00:00:00,400.0
736,2013-01-16 00:00:00,283.0
737,2013-01-18 00:00:00,360.0
738,2013-01-20 00:00:00,331.0
739,2013-01-22 00:00:00,351.0
740,2013-01-24 00:00:00,330.0
741,2013-01-26 00:00:00,242.0
742,2013-01-28 00:00:00,365.0
743,2013-01-30 00:00:00,326.0
744,2013-02-01 00:00:00,290.0
745,2013-02-03 00:00:00,433.0
746,2013-02-05 00:00:00,349.0
747,2013-02-07 00:00:00,411.0
748,2013-02-09 00:00:00,328.0
749,2013-02-11 00:00:00,270.0
750,2013-02-13 00:00:00,287.0
751,2013-02-15 00:00:00,333.0
752,2013-02-17 00:00:00,365.0
753,2013-02-19 00:00:00,352.0
754,2013-02-21 00:00:00,400.0
755,2013-02-23 00:00:00,356.0
756,2013-02-25 00:00:00,404.0
757,2013-02-27 00:00:00,367.0
758,2013-03-01 00:00:00,410.0
759,2013-03-03 00:00:00,443.0
760,2013-03-05 00:00:00,385.0
761,2013-03-07 00:00:00,376.0
762,2013-03-09 00:00:00,318.0
763,2013-03-11 00:00:00,246.0
764,2013-03-13 00:00:00,220.0
765,2013-03-15 00:00:00,227.0
766,2013-03-17 00:00:00,267.0
767,2013-03-19 00:00:00,229.0
768,2013-03-21 00:00:00,302.0
769,2013-03-23 00:00:00,319.0
770,2013-03-25 00:00:00,360.0
771,2013-03-27 00:00:00,240.0
772,2013-03-29 00:00:00,366.0
773,2013-03-31 00:00:00,389.0
774,2013-04-02 00:00:00,363.0
775,2013-04-04 00:00:00,365.0
776,2013-04-06 00:00:00,412.0
777,2013-04-08 00:00:00,348.0
778,2013-04-10 00:00:00,345.0
779,2013-04-12 00:00:00,336.0
780,2013-04-14 00:00:00,462.0
781,2013-04-16 00:00:00,259.0
782,2013-04-18 00:00:00,360.0
783,2013-04-20 00:00:00,384.0
784,2013-04-22 00:00:00,303.0
785,2013-04-24 00:00:00,276.0
786,2013-04-26 00:00:00,357.0
787,2013-04-28 00:00:00,379.0
788,2013-04-30 00:00:00,320.0
789,2013-05-02 00:00:00,336.0
790,2013-05-04 00:00:00,399.0
791,2013-05-06 00:00:00,402.0
792,2013-05-08 00:00:00,345.0
793,2013-05-10 00:00:00,451.0
794,2013-05-12 00:00:00,378.0
795,2013-05-14 00:00:00,305.0
796,2013-05-16 00:00:00,366.0
797,2013-05-18 00:00:00,340.0
798,2013-05-20 00:00:00,324.0
799,2013-05-22 00:00:00,304.0
800,2013-05-24 00:00:00,326.0
801,2013-05-26 00:00:00,309.0
802,2013-05-28 00:00:00,250.0
803,2013-05-30 00:00:00,286.0
804,2013-06-01 00:00:00,314.0
805,2013-06-03 00:00:00,285.0
806,2013-06-05 00:00:00,235.0
807,2013-06-07 00:00:00,232.0
808,2013-06-09 00:00:00,279.0
809,2013-06-11 00:00:00,214.0
810,2013-06-13 00:00:00,322.0
811,2013-06-15 00:00:00,338.0
812,2013-06-17 00:00:00,247.0
813,2013-06-19 00:00:00,286.0
814,2013-06-21 00:00:00,241.0
815,2013-06-23 00:00:00,287.0
816,2013-06-25 00:00:00,201.0
817,2013-06-27 00:00:00,275.0
818,2013-06-29 00:00:00,203.0
819,2013-07-01 00:00:00,196.0
820,2013-07-03 00:00:00,198.0
821,2013-07-05 00:00:00,230.0
822,2013-07-07 00:00:00,303.0
823,2013-07-09 00:00:00,209.0
824,2013-07-11 00:00:00,236.0
825,2013-07-13 00:00:00,239.0
826,2013-07-15 00:00:00,179.0
827,2013-07-17 00:00:00,206.0
828,2013-07-19 00:00:00,259.0
829,2013-07-21 00:00:00,232.0
830,2013-07-23 00:00:00,187.0
831,2013-07-25 00:00:00,216.0
832,2013-07-27 00:00:00,247.0
833,2013-07-29 00:00:00,274.0
834,2013-07-31 00:00:00,249.0
835,2013-08-02 00:00:00,325.0
836,2013-08-04 00:00:00,255.0
837,2013-08-06 00:00:00,191.0
838,2013-08-08 00:00:00,278.0
839,2013-08-10 00:00:00,353.0
840,2013-08-12 00:00:00,316.0
841,2013-08-14 00:00:00,392.0
842,2013-08-16 00:00:00,307.0
843,2013-08-18 00:00:00,278.0
844,2013-08-20 00:00:00,315.0
845,2013-08-22 00:00:00,354.0
846,2013-08-24 00:00:00,310.0
847,2013-08-26 00:00:00,244.0
848,2013-08-28 00:00:00,214.0
849,2013-08-30 00:00:00,293.0
850,2013-09-01 00:00:00,333.0
851,2013-09-03 00:00:00,311.0
852,2013-09-05 00:00:00,287.0
853,2013-09-07 00:00:00,245.0
854,2013-09-09 00:00:00,218.0
855,2013-09-11 00:00:00,298.0
856,2013-09-13 00:00:00,426.0
857,2013-09-15 00:00:00,305.0
858,2013-09-17 00:00:00,255.0
859,2013-09-19 00:00:00,316.0
860,2013-09-21 00:00:00,317.0
861,2013-09-23 00:00:00,261.0
862,2013-09-25 00:00:00,256.0
863,2013-09-27 00:00:00,349.0
864,2013-09-29 00:00:00,307.0
865,2013-10-01 00:00:00,221.0
866,2013-10-03 00:00:00,274.0
867,2013-10-05 00:00:00,296.0
868,2013-10-07 00:00:00,252.0
869,2013-10-09 00:00:00,216.0
870,2013-10-11 00:00:00,237.0
871,2013-10-13 00:00:00,349.0
872,2013-10-15 00:00:00,230.0
873,2013-10-17 00:00:00,260.0
874,2013-10-19 00:00:00,302.0
875,2013-10-21 00:00:00,248.0
876,2013-10-23 00:00:00,271.0
877,2013-10-25 00:00:00,244.0
878,2013-10-27 00:00:00,254.0
879,2013-10-29 00:00:00,182.0
880,2013-10-31 00:00:00,300.0
881,2013-11-02 00:00:00,380.0
882,2013-11-04 00:00:00,407.0
883,2013-11-06 00:00:00,279.0
884,2013-11-08 00:00:00,335.0
885,2013-11-10 00:00:00,380.0
886,2013-11-12 00:00:00,248.0
887,2013-11-14 00:00:00,602.0
888,2013-11-16 00:00:00,479.0
889,2013-11-18 00:00:00,463.0
890,2013-11-20 00:00:00,399.0
891,2013-11-22 00:00:00,549.0
892,2013-11-24 00:00:00,488.0
893,2013-11-26 00:00:00,344.0
894,2013-11-28 00:00:00,411.0
895,2013-11-30 00:00:00,497.0
896,2013-12-02 00:00:00,391.0
897,2013-12-04 00:00:00,293.0
898,2013-12-06 00:00:00,432.0
899,2013-12-08 00:00:00,360.0
900,2013-12-10 00:00:00,291.0
901,2013-12-12 00:00:00,363.0
902,2013-12-14 00:00:00,318.0
903,2013-12-16 00:00:00,362.0
904,2013-12-18 00:00:00,327.0
905,2013-12-20 00:00:00,331.0
906,2013-12-22 00:00:00,315.0
907,2013-12-24 00:00:00,326.0
908,2013-12-26 00:00:00,309.0
909,2013-12-28 00:00:00,331.0
910,2013-12-30 00:00:00,364.0
911,2014-01-01 00:00:00,381.0
912,2014-01-03 00:00:00,319.0
913,2014-01-05 00:00:00,280.0
914,2014-01-07 00:00:00,259.0
915,2014-01-09 00:00:00,360.0
916,2014-01-11 00:00:00,287.0
917,2014-01-13 00:00:00,326.0
918,2014-01-15 00:00:00,321.0
919,2014-01-17 00:00:00,349.0
920,2014-01-19 00:00:00,346.0
921,2014-01-21 00:00:00,322.0
922,2014-01-23 00:00:00,395.0
923,2014-01-25 00:00:00,380.0
924,2014-01-27 00:00:00,288.0
925,2014-01-29 00:00:00,303.0
926,2014-01-31 00:00:00,397.0
927,2014-02-02 00:00:00,435.0
928,2014-02-04 00:00:00,392.0
929,2014-02-06 00:00:00,376.0
930,2014-02-08 00:00:00,371.0
931,2014-02-10 00:00:00,356.0
932,2014-02-12 00:00:00,344.0
933,2014-02-14 00:00:00,347.0
934,2014-02-16 00:00:00,437.0
935,2014-02-18 00:00:00,322.0
936,2014-02-20 00:00:00,494.0
937,2014-02-22 00:00:00,392.0
938,2014-02-24 00:00:00,428.0
939,2014-02-26 00:00:00,511.0
940,2014-02-28 00:00:00,460.0
941,2014-03-02 00:00:00,416.0
942,2014-03-04 00:00:00,373.0
943,2014-03-06 00:00:00,452.0
944,2014-03-08 00:00:00,445.0
945,2014-03-10 00:00:00,376.0
946,2014-03-12 00:00:00,364.0
947,2014-03-14 00:00:00,434.0
948,2014-03-16 00:00:00,408.0
949,2014-03-18 00:00:00,277.0
950,2014-03-20 00:00:00,480.0
951,2014-03-22 00:00:00,424.0
952,2014-03-24 00:00:00,321.0
953,2014-03-26 00:00:00,375.0
954,2014-03-28 00:00:00,360.0
955,2014-03-30 00:00:00,326.0
956,2014-04-01 00:00:00,334.0
957,2014-04-03 00:00:00,449.0
958,2014-04-05 00:00:00,394.0
959,2014-04-07 00:00:00,324.0
960,2014-04-09 00:00:00,353.0
961,2014-04-11 00:00:00,459.0
962,2014-04-13 00:00:00,362.0
963,2014-04-15 00:00:00,290.0
964,2014-04-17 00:00:00,475.0
965,2014-04-19 00:00:00,460.0
966,2014-04-21 00:00:00,328.0
967,2014-04-23 00:00:00,378.0
968,2014-04-25 00:00:00,437.0
969,2014-04-27 00:00:00,355.0
970,2014-04-29 00:00:00,337.0
971,2014-05-01 00:00:00,412.0
972,2014-05-03 00:00:00,438.0
973,2014-05-05 00:00:00,337.0
974,2014-05-07 00:00:00,446.0
975,2014-05-09 00:00:00,466.0
976,2014-05-11 00:00:00,378.0
977,2014-05-13 00:00:00,328.0
978,2014-05-15 00:00:00,388.0
979,2014-05-17 00:00:00,425.0
980,2014-05-19 00:00:00,346.0
981,2014-05-21 00:00:00,389.0
982,2014-05-23 00:00:00,408.0
983,2014-05-25 00:00:00,410.0
984,2014-05-27 00:00:00,295.0
985,2014-05-29 00:00:00,371.0
986,2014-05-31 00:00:00,459.0
987,2014-06-02 00:00:00,347.0
988,2014-06-04 00:00:00,411.0
989,2014-06-06 00:00:00,421.0
990,2014-06-08 00:00:00,387.0
991,2014-06-10 00:00:00,289.0
992,2014-06-12 00:00:00,377.0
993,2014-06-14 00:00:00,412.0
994,2014-06-16 00:00:00,274.0
995,2014-06-18 00:00:00,358.0
996,2014-06-20 00:00:00,342.0
997,2014-06-22 00:00:00,335.0
998,2014-06-24 00:00:00,300.0
999,2014-06-26 00:00:00,514.0
1000,2014-06-28 00:00:00,475.0
1001,2014-06-30 00:00:00,319.0
1002,2014-07-02 00:00:00,431.0
1003,2014-07-04 00:00:00,444.0
1004,2014-07-06 00:00:00,399.0
1005,2014-07-08 00:00:00,344.0
1006,2014-07-10 00:00:00,503.0
1007,2014-07-12 00:00:00,401.0
1008,2014-07-14 00:00:00,340.0
1009,2014-07-16 00:00:00,413.0
1010,2014-07-18 00:00:00,471.0
1011,2014-07-20 00:00:00,402.0
1012,2014-07-22 00:00:00,329.0
1013,2014-07-24 00:00:00,434.0
1014,2014-07-26 00:00:00,439.0
1015,2014-07-28 00:00:00,354.0
1016,2014-07-30 00:00:00,467.0
1017,2014-08-01 00:00:00,515.0
1018,2014-08-03 00:00:00,429.0
1019,2014-08-05 00:00:00,326.0
1020,2014-08-07 00:00:00,435.0
1021,2014-08-09 00:00:00,477.0
1022,2014-08-11 00:00:00,440.0
1023,2014-08-13 00:00:00,388.0
1024,2014-08-15 00:00:00,462.0
1025,2014-08-17 00:00:00,423.0
1026,2014-08-19 00:00:00,335.0
1027,2014-08-21 00:00:00,445.0
1028,2014-08-23 00:00:00,382.0
1029,2014-08-25 00:00:00,371.0
1030,2014-08-27 00:00:00,441.0
1031,2014-08-29 00:00:00,453.0
1032,2014-08-31 00:00:00,449.0
1033,2014-09-02 00:00:00,362.0
1034,2014-09-04 00:00:00,605.0
1035,2014-09-06 00:00:00,417.0
1036,2014-09-08 00:00:00,353.0
1037,2014-09-10 00:00:00,500.0
1038,2014-09-12 00:00:00,422.0
1039,2014-09-14 00:00:00,442.0
1040,2014-09-16 00:00:00,360.0
1041,2014-09-18 00:00:00,471.0
1042,2014-09-20 00:00:00,475.0
1043,2014-09-22 00:00:00,522.0
1044,2014-09-24 00:00:00,531.0
1045,2014-09-26 00:00:00,539.0
1046,2014-09-28 00:00:00,515.0
1047,2014-09-30 00:00:00,374.0
1048,2014-10-02 00:00:00,521.0
1049,2014-10-04 00:00:00,555.0
1050,2014-10-06 00:00:00,459.0
1051,2014-10-08 00:00:00,492.0
1052,2014-10-10 00:00:00,524.0
1053,2014-10-12 00:00:00,536.0
1054,2014-10-14 00:00:00,467.0
1055,2014-10-16 00:00:00,581.0
1056,2014-10-18 00:00:00,553.0
1057,2014-10-20 00:00:00,483.0
1058,2014-10-22 00:00:00,537.0
1059,2014-10-24 00:00:00,626.0
1060,2014-10-26 00:00:00,468.0
1061,2014-10-28 00:00:00,462.0
1062,2014-10-30 00:00:00,551.0
1063,2014-11-01 00:00:00,623.0
1064,2014-11-03 00:00:00,486.0
1065,2014-11-05 00:00:00,536.0
1066,2014-11-07 00:00:00,650.0
1067,2014-11-09 00:00:00,607.0
1068,2014-11-11 00:00:00,505.0
1069,2014-11-13 00:00:00,583.0
1070,2014-11-15 00:00:00,624.0
1071,2014-11-17 00:00:00,492.0
1072,2014-11-19 00:00:00,540.0
1073,2014-11-21 00:00:00,629.0
1074,2014-11-23 00:00:00,554.0
1075,2014-11-25 00:00:00,518.0
1076,2014-11-27 00:00:00,709.0
1077,2014-11-29 00:00:00,681.0
1078,2014-12-01 00:00:00,576.0
1079,2014-12-03 00:00:00,563.0
1080,2014-12-05 00:00:00,553.0
1081,2014-12-07 00:00:00,564.0
1082,2014-12-09 00:00:00,560.0
1083,2014-12-11 00:00:00,742.0
1084,2014-12-13 00:00:00,742.0
1085,2014-12-15 00:00:00,648.0
1086,2014-12-17 00:00:00,693.0
1087,2014-12-19 00:00:00,592.0
1088,2014-12-21 00:00:00,497.0
1089,2014-12-23 00:00:00,447.0
1090,2014-12-25 00:00:00,583.0
1091,2014-12-27 00:00:00,355.0
1092,2014-12-29 00:00:00,505.0
1093,2014-12-31 00:00:00,558.0
1094,2015-01-02 00:00:00,627.0
1095,2015-01-04 00:00:00,692.0
1096,2015-01-06 00:00:00,639.0
1097,2015-01-08 00:00:00,943.0
1098,2015-01-10 00:00:00,833.0
1099,2015-01-12 00:00:00,655.0
1100,2015-01-14 00:00:00,607.0
1101,2015-01-16 00:00:00,731.0
1102,2015-01-18 00:00:00,703.0
1103,2015-01-20 00:00:00,653.0
1104,2015-01-22 00:00:00,683.0
1105,2015-01-24 00:00:00,520.0
1106,2015-01-26 00:00:00,540.0
1107,2015-01-28 00:00:00,566.0
1108,2015-01-30 00:00:00,554.0
1109,2015-02-01 00:00:00,476.0
1110,2015-02-03 00:00:00,646.0
1111,2015-02-05 00:00:00,690.0
1112,2015-02-07 00:00:00,690.0
1113,2015-02-09 00:00:00,664.0
1114,2015-02-11 00:00:00,654.0
1115,2015-02-13 00:00:00,649.0
1116,2015-02-15 00:00:00,582.0
1117,2015-02-17 00:00:00,569.0
1118,2015-02-19 00:00:00,756.0
1119,2015-02-21 00:00:00,703.0
1120,2015-02-23 00:00:00,668.0
1121,2015-02-25 00:00:00,686.0
1122,2015-02-27 00:00:00,667.0
1123,2015-03-01 00:00:00,609.0
1124,2015-03-03 00:00:00,554.0
1125,2015-03-05 00:00:00,744.0
1126,2015-03-07 00:00:00,734.0
1127,2015-03-09 00:00:00,662.0
1128,2015-03-11 00:00:00,746.0
1129,2015-03-13 00:00:00,730.0
1130,2015-03-15 00:00:00,731.0
1131,2015-03-17 00:00:00,634.0
1132,2015-03-19 00:00:00,577.0
1133,2015-03-21 00:00:00,660.0
1134,2015-03-23 00:00:00,600.0
1135,2015-03-25 00:00:00,719.0
1136,2015-03-27 00:00:00,891.0
1137,2015-03-29 00:00:00,687.0
1138,2015-03-31 00:00:00,622.0
1139,2015-04-02 00:00:00,703.0
1140,2015-04-04 00:00:00,823.0
1141,2015-04-06 00:00:00,755.0
1142,2015-04-08 00:00:00,746.0
1143,2015-04-10 00:00:00,857.0
1144,2015-04-12 00:00:00,761.0
1145,2015-04-14 00:00:00,634.0
1146,2015-04-16 00:00:00,717.0
1147,2015-04-18 00:00:00,777.0
1148,2015-04-20 00:00:00,654.0
1149,2015-04-22 00:00:00,792.0
1150,2015-04-24 00:00:00,906.0
1151,2015-04-26 00:00:00,715.0
1152,2015-04-28 00:00:00,623.0
1153,2015-04-30 00:00:00,741.0
1154,2015-05-02 00:00:00,704.0
1155,2015-05-04 00:00:00,783.0
1156,2015-05-06 00:00:00,691.0
1157,2015-05-08 00:00:00,670.0
1158,2015-05-10 00:00:00,653.0
1159,2015-05-12 00:00:00,494.0
1160,2015-05-14 00:00:00,783.0
1161,2015-05-16 00:00:00,653.0
1162,2015-05-18 00:00:00,772.0
1163,2015-05-20 00:00:00,732.0
1164,2015-05-22 00:00:00,748.0
1165,2015-05-24 00:00:00,784.0
1166,2015-05-26 00:00:00,653.0
1167,2015-05-28 00:00:00,914.0
1168,2015-05-30 00:00:00,872.0
1169,2015-06-01 00:00:00,633.0
1170,2015-06-03 00:00:00,666.0
1171,2015-06-05 00:00:00,842.0
1172,2015-06-07 00:00:00,919.0
1173,2015-06-09 00:00:00,693.0
1174,2015-06-11 00:00:00,1008.0
1175,2015-06-13 00:00:00,792.0
1176,2015-06-15 00:00:00,856.0
1177,2015-06-17 00:00:00,755.0
1178,2015-06-19 00:00:00,758.0
1179,2015-06-21 00:00:00,781.0
1180,2015-06-23 00:00:00,664.0
1181,2015-06-25 00:00:00,1041.0
1182,2015-06-27 00:00:00,968.0
1183,2015-06-29 00:00:00,737.0
1184,2015-07-01 00:00:00,892.0
1185,2015-07-03 00:00:00,1301.0
1186,2015-07-05 00:00:00,1374.0
1187,2015-07-07 00:00:00,1483.0
1188,2015-07-09 00:00:00,861.0
1189,2015-07-11 00:00:00,836.0
1190,2015-07-13 00:00:00,753.0
1191,2015-07-15 00:00:00,780.0
1192,2015-07-17 00:00:00,1003.0
1193,2015-07-19 00:00:00,653.0
1194,2015-07-21 00:00:00,649.0
1195,2015-07-23 00:00:00,826.0
1196,2015-07-25 00:00:00,975.0
1197,2015-07-27 00:00:00,994.0
1198,2015-07-29 00:00:00,806.0
1199,2015-07-31 00:00:00,1033.0
1200,2015-08-02 00:00:00,877.0
1201,2015-08-04 00:00:00,655.0
1202,2015-08-06 00:00:00,691.0
1203,2015-08-08 00:00:00,794.0
1204,2015-08-10 00:00:00,791.0
1205,2015-08-12 00:00:00,751.0
1206,2015-08-14 00:00:00,808.0
1207,2015-08-16 00:00:00,755.0
1208,2015-08-18 00:00:00,684.0
1209,2015-08-20 00:00:00,906.0
1210,2015-08-22 00:00:00,780.0
1211,2015-08-24 00:00:00,689.0
1212,2015-08-26 00:00:00,742.0
1213,2015-08-28 00:00:00,894.0
1214,2015-08-30 00:00:00,627.0
1215,2015-09-01 00:00:00,667.0
1216,2015-09-03 00:00:00,911.0
1217,2015-09-05 00:00:00,726.0
1218,2015-09-07 00:00:00,1128.0
1219,2015-09-09 00:00:00,1028.0
1220,2015-09-11 00:00:00,1134.0
1221,2015-09-13 00:00:00,1307.0
1222,2015-09-15 00:00:00,882.0
1223,2015-09-17 00:00:00,855.0
1224,2015-09-19 00:00:00,860.0
1225,2015-09-21 00:00:00,786.0
1226,2015-09-23 00:00:00,941.0
1227,2015-09-25 00:00:00,911.0
1228,2015-09-27 00:00:00,1087.0
1229,2015-09-29 00:00:00,667.0
1230,2015-10-01 00:00:00,955.0
1231,2015-10-03 00:00:00,1018.0
1232,2015-10-05 00:00:00,863.0
1233,2015-10-07 00:00:00,906.0
1234,2015-10-09 00:00:00,896.0
1235,2015-10-11 00:00:00,928.0
1236,2015-10-13 00:00:00,845.0
1237,2015-10-15 00:00:00,1087.0
1238,2015-10-17 00:00:00,954.0
1239,2015-10-19 00:00:00,1013.0
1240,2015-10-21 00:00:00,829.0
1241,2015-10-23 00:00:00,1138.0
1242,2015-10-25 00:00:00,1005.0
1243,2015-10-27 00:00:00,985.0
1244,2015-10-29 00:00:00,1126.0
1245,2015-10-31 00:00:00,1270.0
1246,2015-11-02 00:00:00,991.0
1247,2015-11-04 00:00:00,1039.0
1248,2015-11-06 00:00:00,967.0
1249,2015-11-08 00:00:00,940.0
1250,2015-11-10 00:00:00,954.0
1251,2015-11-12 00:00:00,982.0
1252,2015-11-14 00:00:00,1104.0
1253,2015-11-16 00:00:00,892.0
1254,2015-11-18 00:00:00,891.0
1255,2015-11-20 00:00:00,990.0
1256,2015-11-22 00:00:00,1051.0
1257,2015-11-24 00:00:00,832.0
1258,2015-11-26 00:00:00,960.0
1259,2015-11-28 00:00:00,1182.0
1260,2015-11-30 00:00:00,1191.0
1261,2015-12-02 00:00:00,1230.0
1262,2015-12-04 00:00:00,1257.0
1263,2015-12-06 00:00:00,1206.0
1264,2015-12-08 00:00:00,1249.0
1265,2015-12-10 00:00:00,1179.0
1266,2015-12-12 00:00:00,1381.0
1267,2015-12-14 00:00:00,1399.0
1268,2015-12-16 00:00:00,1442.0
1269,2015-12-18 00:00:00,1341.0
1270,2015-12-20 00:00:00,1374.0
1271,2015-12-22 00:00:00,802.0
1272,2015-12-24 00:00:00,1230.0
1273,2015-12-26 00:00:00,1139.0
1274,2015-12-28 00:00:00,1043.0
1275,2015-12-30 00:00:00,972.0
1276,2016-01-01 00:00:00,1304.0
1277,2016-01-03 00:00:00,1085.0
1278,2016-01-05 00:00:00,968.0
1279,2016-01-07 00:00:00,1117.0
1280,2016-01-09 00:00:00,1389.0
1281,2016-01-11 00:00:00,1369.0
1282,2016-01-13 00:00:00,1222.0
1283,2016-01-15 00:00:00,1342.0
1284,2016-01-17 00:00:00,1370.0
1285,2016-01-19 00:00:00,1166.0
1286,2016-01-21 00:00:00,1440.0
1287,2016-01-23 00:00:00,1563.0
1288,2016-01-25 00:00:00,1186.0
1289,2016-01-27 00:00:00,1260.0
1290,2016-01-29 00:00:00,1149.0
1291,2016-01-31 00:00:00,1199.0
1292,2016-02-02 00:00:00,1165.0
1293,2016-02-04 00:00:00,1365.0
1294,2016-02-06 00:00:00,1184.0
1295,2016-02-08 00:00:00,1245.0
1296,2016-02-10 00:00:00,1401.0
1297,2016-02-12 00:00:00,1624.0
1298,2016-02-14 00:00:00,1550.0
1299,2016-02-16 00:00:00,1660.0
1300,2016-02-18 00:00:00,1826.0
1301,2016-02-20 00:00:00,1508.0
1302,2016-02-22 00:00:00,1392.0
1303,2016-02-24 00:00:00,1968.0
1304,2016-02-26 00:00:00,1760.0
1305,2016-02-28 00:00:00,1395.0
1306,2016-03-01 00:00:00,1233.0
1307,2016-03-03 00:00:00,1447.0
1308,2016-03-05 00:00:00,1196.0
1309,2016-03-07 00:00:00,1209.0
1310,2016-03-09 00:00:00,1241.0
1311,2016-03-11 00:00:00,1270.0
1312,2016-03-13 00:00:00,1475.0
1313,2016-03-15 00:00:00,1165.0
1314,2016-03-17 00:00:00,1412.0
1315,2016-03-19 00:00:00,1291.0
1316,2016-03-21 00:00:00,1104.0
1317,2016-03-23 00:00:00,1276.0
1318,2016-03-25 00:00:00,1307.0
1319,2016-03-27 00:00:00,1487.0
1320,2016-03-29 00:00:00,1202.0
1321,2016-03-31 00:00:00,1454.0
1322,2016-04-02 00:00:00,1506.0
1323,2016-04-04 00:00:00,1281.0
1324,2016-04-06 00:00:00,1439.0
1325,2016-04-08 00:00:00,1418.0
1326,2016-04-10 00:00:00,1495.0
1327,2016-04-12 00:00:00,1251.0
1328,2016-04-14 00:00:00,1518.0
1329,2016-04-16 00:00:00,1303.0
1330,2016-04-18 00:00:00,1284.0
1331,2016-04-20 00:00:00,1313.8181818181818
1332,2016-04-22 00:00:00,1475.3566433566434
1333,2016-04-24 00:00:00,1387.5378787878788
1334,2016-04-26 00:00:00,1660.5562913907283
1335,2016-04-28 00:00:00,1836.7259259259256
1336,2016-04-30 00:00:00,1477.4794520547946
1337,2016-05-02 00:00:00,1425.3821656050955
1338,2016-05-04 00:00:00,1399.3592814371254
1339,2016-05-06 00:00:00,1439.7037037037037
1340,2016-05-08 00:00:00,1138.4171779141107
1341,2016-05-10 00:00:00,1555.1962025316454
1342,2016-05-12 00:00:00,1643.230215827338
1343,2016-05-14 00:00:00,1467.2222222222224
1344,2016-05-16 00:00:00,1700.77304964539
1345,2016-05-18 00:00:00,1536.4967320261435
1346,2016-05-20 00:00:00,1405.3422818791946
1347,2016-05-22 00:00:00,1001.8913043478259
1348,2016-05-24 00:00:00,1676.9863945578231
1349,2016-05-26 00:00:00,1630.3185185185184
1350,2016-05-28 00:00:00,1451.5338345864661
1351,2016-05-30 00:00:00,1467.8402777777776
1352,2016-06-01 00:00:00,1639.0559440559439
1353,2016-06-03 00:00:00,1652.5985915492959
1354,2016-06-05 00:00:00,1120.7529411764706
1355,2016-06-07 00:00:00,1775.5428571428574
1356,2016-06-09 00:00:00,1432.4424242424245
1357,2016-06-11 00:00:00,1366.4038461538462
1358,2016-06-13 00:00:00,1561.2049689440994
1359,2016-06-15 00:00:00,1704.6103896103893
1360,2016-06-17 00:00:00,1703.03355704698
1361,2016-06-19 00:00:00,1233.322033898305
1362,2016-06-21 00:00:00,1665.5302013422818
1363,2016-06-23 00:00:00,1723.571428571429
1364,2016-06-25 00:00:00,1271.0722891566265
1365,2016-06-27 00:00:00,1476.3877551020407
1366,2016-06-29 00:00:00,1535.013698630137
1367,2016-07-01 00:00:00,1340.1847133757965
1368,2016-07-03 00:00:00,1150.1753246753246
1369,2016-07-05 00:00:00,1482.4758620689654
1370,2016-07-07 00:00:00,1571.1014492753625
1371,2016-07-09 00:00:00,1244.3288590604027
1372,2016-07-11 00:00:00,1525.0979020979019
1373,2016-07-13 00:00:00,1677.6384615384616
1374,2016-07-15 00:00:00,1600.6
1375,2016-07-17 00:00:00,1147.7382550335574
1376,2016-07-19 00:00:00,1735.515625
1377,2016-07-21 00:00:00,1636.135338345865
1378,2016-07-23 00:00:00,1494.6259541984732
1379,2016-07-25 00:00:00,1822.219696969697
1380,2016-07-27 00:00:00,1840.6484375
1381,2016-07-29 00:00:00,1574.2448979591834
1382,2016-07-31 00:00:00,1248.4025974025974
1383,2016-08-02 00:00:00,1627.4322580645162
1384,2016-08-04 00:00:00,1515.2614379084964
1385,2016-08-06 00:00:00,1176.952095808383
1386,2016-08-08 00:00:00,1585.8456375838925
1387,2016-08-10 00:00:00,1615.6644736842104
1388,2016-08-12 00:00:00,1563.5771812080536
1389,2016-08-14 00:00:00,1223.030487804878
1390,2016-08-16 00:00:00,1885.639705882353
1391,2016-08-18 00:00:00,1555.4610389610389
1392,2016-08-20 00:00:00,1348.4102564102566
1393,2016-08-22 00:00:00,1445.2893081761006
1394,2016-08-24 00:00:00,1555.2679738562092
1395,2016-08-26 00:00:00,1717.9318181818182
1396,2016-08-28 00:00:00,1147.953947368421
1397,2016-08-30 00:00:00,1542.3393939393939
1398,2016-09-01 00:00:00,1689.4113475177305
1399,2016-09-03 00:00:00,1446.063492063492
1400,2016-09-05 00:00:00,1626.307142857143
1401,2016-09-07 00:00:00,1650.0592105263156
1402,2016-09-09 00:00:00,1553.1048951048954
1403,2016-09-11 00:00:00,1099.9451219512196
1404,2016-09-13 00:00:00,1453.1024096385545
1405,2016-09-15 00:00:00,1516.155844155844
1406,2016-09-17 00:00:00,1322.2638036809815
1407,2016-09-19 00:00:00,1680.751879699248
1408,2016-09-21 00:00:00,1441.0602409638557
1409,2016-09-23 00:00:00,1641.0808823529412
1410,2016-09-25 00:00:00,1060.741935483871
1411,2016-09-27 00:00:00,1437.9171597633135
1412,2016-09-29 00:00:00,1697.4125874125873
1413,2016-10-01 00:00:00,1362.6114649681529
1414,2016-10-03 00:00:00,1715.875
1415,2016-10-05 00:00:00,1597.670658682635
1416,2016-10-07 00:00:00,1864.020833333333
1417,2016-10-09 00:00:00,1315.925
1418,2016-10-11 00:00:00,1896.1510791366907
1419,2016-10-13 00:00:00,1794.5546875
1420,2016-10-15 00:00:00,1482.0281690140844
1421,2016-10-17 00:00:00,1897.856
1422,2016-10-19 00:00:00,1595.436507936508
1423,2016-10-21 00:00:00,1618.0182926829266
1424,2016-10-23 00:00:00,1330.4027777777776
1425,2016-10-25 00:00:00,1705.2517985611512
1426,2016-10-27 00:00:00,2014.7407407407406
1427,2016-10-29 00:00:00,1541.5369127516778
1428,2016-10-31 00:00:00,1644.7482993197282
1429,2016-11-02 00:00:00,2018.18045112782
1430,2016-11-04 00:00:00,2138.3017241379307
1431,2016-11-06 00:00:00,1483.2467532467533
1432,2016-11-08 00:00:00,1751.8343195266273
1433,2016-11-10 00:00:00,1615.321428571429
1434,2016-11-12 00:00:00,1362.4166666666667
1435,2016-11-14 00:00:00,1572.7093023255813
1436,2016-11-16 00:00:00,1692.9418604651162
1437,2016-11-18 00:00:00,1864.358108108108
1438,2016-11-20 00:00:00,1911.139534883721
1439,2016-11-22 00:00:00,2131.6044776119397
1440,2016-11-24 00:00:00,2033.3292682926829
1441,2016-11-26 00:00:00,1814.1168831168832
1442,2016-11-28 00:00:00,1820.3048780487804
1443,2016-11-30 00:00:00,2060.9436619718313
1444,2016-12-02 00:00:00,2210.159722222222
1445,2016-12-04 00:00:00,1659.7972972972973
1446,2016-12-06 00:00:00,2131.7466666666664
1447,2016-12-08 00:00:00,1800.7070063694268
1448,2016-12-10 00:00:00,1895.7651515151513
1449,2016-12-12 00:00:00,1722.1923076923074
1450,2016-12-14 00:00:00,2059.9136690647483
1451,2016-12-16 00:00:00,2100.458646616541
1452,2016-12-18 00:00:00,1672.2624113475174
1453,2016-12-20 00:00:00,2148.355072463768
1454,2016-12-22 00:00:00,1978.8930817610064
1455,2016-12-24 00:00:00,1757.8102189781025
1456,2016-12-26 00:00:00,1724.7464788732395
1457,2016-12-28 00:00:00,1862.158536585366
1458,2016-12-30 00:00:00,1826.8662420382168
1459,2017-01-01 00:00:00,1157.0641025641025
1460,2017-01-03 00:00:00,1839.4146341463413
1461,2017-01-05 00:00:00,2060.7214285714285
1462,2017-01-07 00:00:00,2048.338129496403
1463,2017-01-09 00:00:00,1984.9044117647054
1464,2017-01-11 00:00:00,1980.7712418300653
1465,2017-01-13 00:00:00,1822.17880794702
1466,2017-01-15 00:00:00,1413.167664670659
1467,2017-01-17 00:00:00,1852.5126582278479
1468,2017-01-19 00:00:00,1727.6149425287354
1469,2017-01-21 00:00:00,1456.1436464088395
1470,2017-01-23 00:00:00,1702.8201438848919
1471,2017-01-25 00:00:00,2039.74
1472,2017-01-27 00:00:00,1549.0117647058826
1473,2017-01-29 00:00:00,1446.868263473054
1474,2017-01-31 00:00:00,2121.9517241379317
1475,2017-02-02 00:00:00,1653.2420382165603
1476,2017-02-04 00:00:00,1974.6620689655167
1477,2017-02-06 00:00:00,1840.2160000000001
1478,2017-02-08 00:00:00,2111.7534246575337
1479,2017-02-10 00:00:00,2057.135135135135
1480,2017-02-12 00:00:00,1689.2340425531916
1481,2017-02-14 00:00:00,1864.4023668639054
1482,2017-02-16 00:00:00,1877.1644736842104
1483,2017-02-18 00:00:00,1895.717105263158
1484,2017-02-20 00:00:00,1910.3243243243246
1485,2017-02-22 00:00:00,2043.3381294964029
1486,2017-02-24 00:00:00,2112.9578313253014
1487,2017-02-26 00:00:00,1489.9044943820224
1488,2017-02-28 00:00:00,2126.8888888888887
1489,2017-03-02 00:00:00,2098.267515923567
1490,2017-03-04 00:00:00,2006.5298507462687
1491,2017-03-06 00:00:00,2026.274647887324
1492,2017-03-08 00:00:00,2092.3098591549297
1493,2017-03-10 00:00:00,1977.448717948718
1494,2017-03-12 00:00:00,1426.516129032258
1495,2017-03-14 00:00:00,1989.7115384615383
1496,2017-03-16 00:00:00,2137.4771241830067
1497,2017-03-18 00:00:00,1678.5350318471335
1498,2017-03-20 00:00:00,2037.0073529411768
1499,2017-03-22 00:00:00,1992.006211180124
1500,2017-03-24 00:00:00,1645.0056818181818
1501,2017-03-26 00:00:00,1336.8373493975905
1502,2017-03-28 00:00:00,1896.7806451612905
1503,2017-03-30 00:00:00,1760.9024390243906
1504,2017-04-01 00:00:00,1938.416666666667
1505,2017-04-03 00:00:00,1637.1647727272727
1506,2017-04-05 00:00:00,1954.0432098765432
1507,2017-04-07 00:00:00,1823.8456790123455
1508,2017-04-09 00:00:00,1498.6540880503146
1509,2017-04-11 00:00:00,1843.670658682635
1510,2017-04-13 00:00:00,1800.6220472440946
1511,2017-04-15 00:00:00,1801.1655629139073
1512,2017-04-17 00:00:00,1776.695652173913
1513,2017-04-19 00:00:00,2168.5594405594406
1514,2017-04-21 00:00:00,1978.167664670659
1515,2017-04-23 00:00:00,1601.5620915032682
1516,2017-04-25 00:00:00,2198.560810810811
1517,2017-04-27 00:00:00,2026.421768707483
1518,2017-04-29 00:00:00,1972.942196531792
1519,2017-05-01 00:00:00,1965.24
1520,2017-05-03 00:00:00,2235.9772727272725
1521,2017-05-05 00:00:00,2071.2635658914733
1522,2017-05-07 00:00:00,1892.2814371257487
1523,2017-05-09 00:00:00,2147.606451612903
1524,2017-05-11 00:00:00,2183.2814814814815
1525,2017-05-13 00:00:00,2083.962025316456
1526,2017-05-15 00:00:00,1936.6411764705883
1527,2017-05-17 00:00:00,2048.561290322581
1528,2017-05-19 00:00:00,1948.1829268292686
1529,2017-05-21 00:00:00,2218.074829931973
1530,2017-05-23 00:00:00,2188.75
1531,2017-05-25 00:00:00,2147.9386503067485
1532,2017-05-27 00:00:00,1975.6785714285716
1533,2017-05-29 00:00:00,2130.0529801324506
1534,2017-05-31 00:00:00,1961.1829268292686
1535,2017-06-02 00:00:00,1859.8561643835615
1536,2017-06-04 00:00:00,1652.447204968944
1537,2017-06-06 00:00:00,1969.64238410596
1538,2017-06-08 00:00:00,1862.8909090909087
1539,2017-06-10 00:00:00,1808.4609929078013
1540,2017-06-12 00:00:00,1830.5986394557824
1541,2017-06-14 00:00:00,2054.6
1542,2017-06-16 00:00:00,1823.8986486486488
1543,2017-06-18 00:00:00,1443.855172413793
1544,2017-06-20 00:00:00,1952.4492753623188
1545,2017-06-22 00:00:00,1940.1798561151081
1546,2017-06-24 00:00:00,1555.664383561644
1547,2017-06-26 00:00:00,1844.408450704225
1548,2017-06-28 00:00:00,1782.2356687898086
1549,2017-06-30 00:00:00,1736.1038961038962
1550,2017-07-02 00:00:00,1045.4202127659576
1551,2017-07-04 00:00:00,1669.8235294117646
1552,2017-07-06 00:00:00,1585.2535211267605
1553,2017-07-08 00:00:00,1338.3939393939395
1554,2017-07-10 00:00:00,1277.7766497461928
1555,2017-07-12 00:00:00,1452.7570621468924
1556,2017-07-14 00:00:00,1639.589928057554
1557,2017-07-16 00:00:00,1246.4110429447853
1558,2017-07-18 00:00:00,1579.2424242424242
1559,2017-07-20 00:00:00,1420.9814814814815
1560,2017-07-22 00:00:00,1395.9875
1561,2017-07-24 00:00:00,1348.7191011235955
1562,2017-07-26 00:00:00,1618.047619047619
1563,2017-07-28 00:00:00,1648.0466666666666
1564,2017-07-30 00:00:00,1252.687074829932
1565,2017-08-01 00:00:00,885.0671140939598
1566,2017-08-03 00:00:00,1543.6014492753625
1567,2017-08-05 00:00:00,1354.638418079096
1568,2017-08-07 00:00:00,1627.4640522875818
1569,2017-08-09 00:00:00,1890.9782608695648
1570,2017-08-11 00:00:00,1972.229166666667
1571,2017-08-13 00:00:00,1779.1216216216214
1572,2017-08-15 00:00:00,2046.0657894736842
1573,2017-08-17 00:00:00,1940.3296089385474
1574,2017-08-19 00:00:00,1767.0993377483444
1575,2017-08-21 00:00:00,2058.8869565217387
1576,2017-08-23 00:00:00,1985.748427672956
1577,2017-08-25 00:00:00,2061.0792079207918
1578,2017-08-27 00:00:00,1689.6193548387093
1579,2017-08-29 00:00:00,1886.6845637583888
1580,2017-08-31 00:00:00,1722.2331288343555
1581,2017-09-02 00:00:00,1443.969512195122
1582,2017-09-04 00:00:00,1538.7428571428575
1583,2017-09-06 00:00:00,1705.0925925925924
1584,2017-09-08 00:00:00,1597.0742857142857
1585,2017-09-10 00:00:00,1400.2898550724638
1586,2017-09-12 00:00:00,1362.9255319148936
1587,2017-09-14 00:00:00,1540.6206896551723
1588,2017-09-16 00:00:00,1350.6331360946745
1589,2017-09-18 00:00:00,1718.1417322834643
1590,2017-09-20 00:00:00,2014.726495726496
1591,2017-09-22 00:00:00,1637.5179856115105
1592,2017-09-24 00:00:00,1277.7724137931034
1593,2017-09-26 00:00:00,1910.4927536231885
1594,2017-09-28 00:00:00,1559.1864406779664
1595,2017-09-30 00:00:00,1541.144927536232
1596,2017-10-02 00:00:00,1966.68
1597,2017-10-04 00:00:00,1737.5074626865674
1598,2017-10-06 00:00:00,1784.2704402515726
1599,2017-10-08 00:00:00,1309.8076923076926
1600,2017-10-10 00:00:00,1894.38125
1601,2017-10-12 00:00:00,1916.1045751633987
1602,2017-10-14 00:00:00,2079.0070921985816
1603,2017-10-16 00:00:00,1808.7643678160919
1604,2017-10-18 00:00:00,2182.6423841059604
1605,2017-10-20 00:00:00,1745.3016759776535
1606,2017-10-22 00:00:00,1588.631868131868
1607,2017-10-24 00:00:00,2079.1616766467064
1608,2017-10-26 00:00:00,1476.8166666666666
1609,2017-10-28 00:00:00,2436.070588235294
1610,2017-10-30 00:00:00,2150.183673469388
1611,2017-11-01 00:00:00,2218.238532110092
1612,2017-11-03 00:00:00,2332.756302521009
1613,2017-11-05 00:00:00,1785.3049645390072
1614,2017-11-07 00:00:00,2151.5128205128203
1615,2017-11-09 00:00:00,2230.59477124183
1616,2017-11-11 00:00:00,2432.925
1617,2017-11-13 00:00:00,2209.2785714285715
1618,2017-11-15 00:00:00,2117.0263157894738
1619,2017-11-17 00:00:00,1836.0299401197608
1620,2017-11-19 00:00:00,1655.34375
1621,2017-11-21 00:00:00,2145.034682080925
1622,2017-11-23 00:00:00,2243.356687898089
1623,2017-11-25 00:00:00,2158.2628205128203
1624,2017-11-27 00:00:00,2230.917647058824
1625,2017-11-29 00:00:00,2301.098265895954
1626,2017-12-01 00:00:00,2256.3278688524592
1627,2017-12-03 00:00:00,2005.9318181818185
1628,2017-12-05 00:00:00,2279.2640449438204
1629,2017-12-07 00:00:00,2465.8609271523183
1630,2017-12-09 00:00:00,2318.385057471264
1631,2017-12-11 00:00:00,2155.5438596491226
1632,2017-12-13 00:00:00,2282.682795698925
1633,2017-12-15 00:00:00,2400.449704142012
1634,2017-12-17 00:00:00,2118.4324324324325
1635,2017-12-19 00:00:00,2704.442857142857
1636,2017-12-21 00:00:00,2541.530303030303
1637,2017-12-23 00:00:00,2217.345323741007
1638,2017-12-25 00:00:00,1695.7481481481482
1639,2017-12-27 00:00:00,1972.0641025641025
1640,2017-12-29 00:00:00,2144.387878787879
1641,2017-12-31 00:00:00,1781.7300613496932
1642,2018-01-02 00:00:00,1994.0350877192984
1643,2018-01-04 00:00:00,2529.809523809524
1644,2018-01-06 00:00:00,2135.9940476190477
1645,2018-01-08 00:00:00,2082.3614457831327
1646,2018-01-10 00:00:00,2092.7289156626507
1647,2018-01-12 00:00:00,1685.9044943820224
1648,2018-01-14 00:00:00,1516.4193548387098
1649,2018-01-16 00:00:00,1910.2201257861639
1650,2018-01-18 00:00:00,1788.9884393063587
1651,2018-01-20 00:00:00,1351.747191011236
1652,2018-01-22 00:00:00,1470.4311377245508
1653,2018-01-24 00:00:00,1422.8579545454545
1654,2018-01-26 00:00:00,1422.316129032258
1655,2018-01-28 00:00:00,1350.9240506329113
1656,2018-01-30 00:00:00,1416.820359281437
1657,2018-02-01 00:00:00,1610.4
1658,2018-02-03 00:00:00,1233.487341772152
1659,2018-02-05 00:00:00,1169.5297297297298
1660,2018-02-07 00:00:00,1515.7375886524826
1661,2018-02-09 00:00:00,1317.4814814814815
1662,2018-02-11 00:00:00,974.8874172185432
1663,2018-02-13 00:00:00,1115.7560975609756
1664,2018-02-15 00:00:00,1512.8473282442749
1665,2018-02-17 00:00:00,1166.3691275167785
1666,2018-02-19 00:00:00,1156.5864197530866
1667,2018-02-21 00:00:00,1214.207100591716
1668,2018-02-23 00:00:00,1251.304054054054
1669,2018-02-25 00:00:00,847.1871345029241
1670,2018-02-27 00:00:00,1372.65
1671,2018-03-01 00:00:00,1416.6303030303034
1672,2018-03-03 00:00:00,983.4666666666667
1673,2018-03-05 00:00:00,1351.9328859060402
1674,2018-03-07 00:00:00,1362.9171974522294
1675,2018-03-09 00:00:00,1357.3972602739725
1676,2018-03-11 00:00:00,986.1699346405228
1677,2018-03-13 00:00:00,1241.392405063291
1678,2018-03-15 00:00:00,1431.8472222222224
1679,2018-03-17 00:00:00,1036.8859060402683
1680,2018-03-19 00:00:00,1235.6645161290323
1681,2018-03-21 00:00:00,1281.8815789473686
1682,2018-03-23 00:00:00,1352.015037593985
1683,2018-03-25 00:00:00,1002.0296296296297
1684,2018-03-27 00:00:00,1230.6907894736842
1685,2018-03-29 00:00:00,1265.8618421052631
1686,2018-03-31 00:00:00,1161.0703125
1687,2018-04-02 00:00:00,1078.0641025641023
1688,2018-04-04 00:00:00,1263.3333333333333
1689,2018-04-06 00:00:00,1252.8188405797102
1690,2018-04-08 00:00:00,860.4658385093168
1691,2018-04-10 00:00:00,1136.6768292682927
1692,2018-04-12 00:00:00,1369.3441558441561
1693,2018-04-14 00:00:00,1181.3357664233577
1694,2018-04-16 00:00:00,1390.822695035461
1695,2018-04-18 00:00:00,1254.625
1696,2018-04-20 00:00:00,1516.6204379562046
1697,2018-04-22 00:00:00,1074.1875
1698,2018-04-24 00:00:00,1600.5849056603774
1699,2018-04-26 00:00:00,1537.106382978723
1700,2018-04-28 00:00:00,1591.2578125
1701,2018-04-30 00:00:00,1387.7870967741935
1702,2018-05-02 00:00:00,1516.4
1703,2018-05-04 00:00:00,1587.4565217391305
1704,2018-05-06 00:00:00,1253.7299270072992
1705,2018-05-08 00:00:00,1566.978417266187
1706,2018-05-10 00:00:00,1356.8896103896104
1707,2018-05-12 00:00:00,1103.3575757575757
