,2011-09-29 03:00:00,933111.0
0,2011-09-30 17:00:00,937243.0
1,2011-10-02 07:00:00,940555.0
2,2011-10-03 21:00:00,944305.0
3,2011-10-05 11:00:00,947092.0
4,2011-10-07 01:00:00,951004.0
5,2011-10-08 15:00:00,954508.0
6,2011-10-10 05:00:00,957813.0
7,2011-10-11 19:00:00,961335.0
8,2011-10-13 09:00:00,963384.0
9,2011-10-14 23:00:00,966163.0
10,2011-10-16 13:00:00,970258.0
11,2011-10-18 03:00:00,971793.0
12,2011-10-19 17:00:00,975146.0
13,2011-10-21 07:00:00,978902.0
14,2011-10-22 21:00:00,983037.0
15,2011-10-24 11:00:00,986954.0
16,2011-10-26 01:00:00,991773.0
17,2011-10-27 15:00:00,995198.0
18,2011-10-29 05:00:00,997900.0
19,2011-10-30 19:00:00,999941.0
20,2011-11-01 09:00:00,1003369.0
21,2011-11-02 23:00:00,1006316.0
22,2011-11-04 13:00:00,1009190.0
23,2011-11-06 03:00:00,1012539.0
24,2011-11-07 17:00:00,1016161.0
25,2011-11-09 07:00:00,1019405.0
26,2011-11-10 21:00:00,1022676.0
27,2011-11-12 11:00:00,1024936.0
28,2011-11-14 01:00:00,1029380.0
29,2011-11-15 15:00:00,1033522.0
30,2011-11-17 05:00:00,1035524.0
31,2011-11-18 19:00:00,1038118.0
32,2011-11-20 09:00:00,1039759.0
33,2011-11-21 23:00:00,1043515.0
34,2011-11-23 13:00:00,1046444.0
35,2011-11-25 03:00:00,1049000.0
36,2011-11-26 17:00:00,1051280.0
37,2011-11-28 07:00:00,1055191.0
38,2011-11-29 21:00:00,1056289.0
39,2011-12-01 11:00:00,1056859.0
40,2011-12-03 01:00:00,1059769.0
41,2011-12-04 15:00:00,1062999.0
42,2011-12-06 05:00:00,1066725.0
43,2011-12-07 19:00:00,1069833.0
44,2011-12-09 09:00:00,1071804.0
45,2011-12-10 23:00:00,1075767.0
46,2011-12-12 13:00:00,1075771.0
47,2011-12-14 03:00:00,1078862.0
48,2011-12-15 17:00:00,1082588.0
49,2011-12-17 07:00:00,1084199.0
50,2011-12-18 21:00:00,1086647.0
51,2011-12-20 11:00:00,1086420.0
52,2011-12-22 01:00:00,1087666.0
53,2011-12-23 15:00:00,1092084.0
54,2011-12-25 05:00:00,1095293.0
55,2011-12-26 19:00:00,1099124.0
56,2011-12-28 09:00:00,1101640.0
57,2011-12-29 23:00:00,1104386.0
58,2011-12-31 13:00:00,1106779.0
59,2012-01-02 03:00:00,1106197.0
60,2012-01-03 17:00:00,1104765.0
61,2012-01-05 07:00:00,1103899.0
62,2012-01-06 21:00:00,1100733.0
63,2012-01-08 11:00:00,1100936.0
64,2012-01-10 01:00:00,1099572.0
65,2012-01-11 15:00:00,1094639.0
66,2012-01-13 05:00:00,1094553.0
67,2012-01-14 19:00:00,1097187.0
68,2012-01-16 09:00:00,1100057.0
69,2012-01-17 23:00:00,1102658.0
70,2012-01-19 13:00:00,1105288.0
71,2012-01-21 03:00:00,1108587.0
72,2012-01-22 17:00:00,1111471.0
73,2012-01-24 07:00:00,1115758.0
74,2012-01-25 21:00:00,1118181.0
75,2012-01-27 11:00:00,1121155.0
76,2012-01-29 01:00:00,1123961.0
77,2012-01-30 15:00:00,1126872.0
78,2012-02-01 05:00:00,1130996.0
79,2012-02-02 19:00:00,1134746.0
80,2012-02-04 09:00:00,1137634.0
81,2012-02-05 23:00:00,1141869.0
82,2012-02-07 13:00:00,1145374.0
83,2012-02-09 03:00:00,1150569.0
84,2012-02-10 17:00:00,1153940.0
85,2012-02-12 07:00:00,1157423.0
86,2012-02-13 21:00:00,1162842.0
87,2012-02-15 11:00:00,1166313.0
88,2012-02-17 01:00:00,1169434.0
89,2012-02-18 15:00:00,1174693.0
90,2012-02-20 05:00:00,1180854.0
91,2012-02-21 19:00:00,1184309.0
92,2012-02-23 09:00:00,1190101.0
93,2012-02-24 23:00:00,1192979.0
94,2012-02-26 13:00:00,1197466.0
95,2012-02-28 03:00:00,1201570.0
96,2012-02-29 17:00:00,1206965.0
97,2012-03-02 07:00:00,1209602.0
98,2012-03-03 21:00:00,1213125.0
99,2012-03-05 11:00:00,1219589.0
100,2012-03-07 01:00:00,1221990.0
101,2012-03-08 15:00:00,1228676.0
102,2012-03-10 05:00:00,1232223.0
103,2012-03-11 19:00:00,1235138.0
104,2012-03-13 09:00:00,1240503.0
105,2012-03-14 23:00:00,1239543.0
106,2012-03-16 13:00:00,1243733.0
107,2012-03-18 03:00:00,1249427.0
108,2012-03-19 17:00:00,1253980.0
109,2012-03-21 07:00:00,1257270.0
110,2012-03-22 21:00:00,1263334.0
111,2012-03-24 11:00:00,1269070.0
112,2012-03-26 01:00:00,1272148.0
113,2012-03-27 15:00:00,1277151.0
114,2012-03-29 05:00:00,1281675.0
115,2012-03-30 19:00:00,1287489.0
116,2012-04-01 09:00:00,1291520.0
117,2012-04-02 23:00:00,1294518.0
118,2012-04-04 13:00:00,1297329.0
119,2012-04-06 03:00:00,1297435.0
120,2012-04-07 17:00:00,1299700.0
121,2012-04-09 07:00:00,1304879.0
122,2012-04-10 21:00:00,1309638.0
123,2012-04-12 11:00:00,1313079.0
124,2012-04-14 01:00:00,1316893.0
125,2012-04-15 15:00:00,1323449.0
126,2012-04-17 05:00:00,1326630.0
127,2012-04-18 19:00:00,1326123.0
128,2012-04-20 09:00:00,1328516.0
129,2012-04-21 23:00:00,1328308.0
130,2012-04-23 13:00:00,1331473.0
131,2012-04-25 03:00:00,1336487.0
132,2012-04-26 17:00:00,1342343.0
133,2012-04-28 07:00:00,1346210.0
134,2012-04-29 21:00:00,1350664.0
135,2012-05-01 11:00:00,1356627.0
136,2012-05-03 01:00:00,1359222.0
137,2012-05-04 15:00:00,1366376.0
138,2012-05-06 05:00:00,1368007.0
139,2012-05-07 19:00:00,1373393.0
140,2012-05-09 09:00:00,1377480.0
141,2012-05-10 23:00:00,1379994.0
142,2012-05-12 13:00:00,1383571.0
143,2012-05-14 03:00:00,1388021.0
144,2012-05-15 17:00:00,1391988.0
145,2012-05-17 07:00:00,1393860.0
146,2012-05-18 21:00:00,1398050.0
147,2012-05-20 11:00:00,1403833.0
148,2012-05-22 01:00:00,1408662.0
149,2012-05-23 15:00:00,1415319.0
150,2012-05-25 05:00:00,1420987.0
151,2012-05-26 19:00:00,1426430.0
152,2012-05-28 09:00:00,1430365.0
153,2012-05-29 23:00:00,1433835.0
154,2012-05-31 13:00:00,1439595.0
155,2012-06-02 03:00:00,1444826.0
156,2012-06-03 17:00:00,1451392.0
157,2012-06-05 07:00:00,1454115.0
158,2012-06-06 21:00:00,1458903.0
159,2012-06-08 11:00:00,1464889.0
160,2012-06-10 01:00:00,1465782.0
161,2012-06-11 15:00:00,1475684.0
162,2012-06-13 05:00:00,1482212.0
163,2012-06-14 19:00:00,1489878.0
164,2012-06-16 09:00:00,1493287.0
165,2012-06-17 23:00:00,1506479.0
166,2012-06-19 13:00:00,1512663.0
167,2012-06-21 03:00:00,1519096.0
168,2012-06-22 17:00:00,1524452.0
169,2012-06-24 07:00:00,1528906.0
170,2012-06-25 21:00:00,1536055.0
171,2012-06-27 11:00:00,1549059.0
172,2012-06-29 01:00:00,1555666.0
173,2012-06-30 15:00:00,1565959.0
174,2012-07-02 05:00:00,1575328.0
175,2012-07-03 19:00:00,1585516.0
176,2012-07-05 09:00:00,1595257.0
177,2012-07-06 23:00:00,1601167.0
178,2012-07-08 13:00:00,1607778.0
179,2012-07-10 03:00:00,1616873.0
180,2012-07-11 17:00:00,1622755.0
181,2012-07-13 07:00:00,1626527.0
182,2012-07-14 21:00:00,1632225.0
183,2012-07-16 11:00:00,1639240.0
184,2012-07-18 01:00:00,1640296.0
185,2012-07-19 15:00:00,1638890.0
186,2012-07-21 05:00:00,1648582.0
187,2012-07-22 19:00:00,1661272.0
188,2012-07-24 09:00:00,1671354.0
189,2012-07-25 23:00:00,1680945.0
190,2012-07-27 13:00:00,1691840.0
191,2012-07-29 03:00:00,1708525.0
192,2012-07-30 17:00:00,1713783.0
193,2012-08-01 07:00:00,1716360.0
194,2012-08-02 21:00:00,1724634.0
195,2012-08-04 11:00:00,1731512.0
196,2012-08-06 01:00:00,1741915.0
197,2012-08-07 15:00:00,1757048.0
198,2012-08-09 05:00:00,1771940.0
199,2012-08-10 19:00:00,1778067.0
200,2012-08-12 09:00:00,1795284.0
201,2012-08-13 23:00:00,1826170.0
202,2012-08-15 13:00:00,1838268.0
203,2012-08-17 03:00:00,1845397.0
204,2012-08-18 17:00:00,1852845.0
205,2012-08-20 07:00:00,1842691.0
206,2012-08-21 21:00:00,1858078.0
207,2012-08-23 11:00:00,1871953.0
208,2012-08-25 01:00:00,1889103.0
209,2012-08-26 15:00:00,1902538.0
210,2012-08-28 05:00:00,1912176.0
211,2012-08-29 19:00:00,1929500.0
212,2012-08-31 09:00:00,1939813.0
213,2012-09-01 23:00:00,1955516.0
214,2012-09-03 13:00:00,1969662.0
215,2012-09-05 03:00:00,1977914.0
216,2012-09-06 17:00:00,1987779.0
217,2012-09-08 07:00:00,1996402.0
218,2012-09-09 21:00:00,2008695.0
219,2012-09-11 11:00:00,2025338.0
220,2012-09-13 01:00:00,2040758.0
221,2012-09-14 15:00:00,2053910.0
222,2012-09-16 05:00:00,2067644.0
223,2012-09-17 19:00:00,2077804.0
224,2012-09-19 09:00:00,2092408.0
225,2012-09-20 23:00:00,2110929.0
226,2012-09-22 13:00:00,2117120.0
227,2012-09-24 03:00:00,2130287.0
228,2012-09-25 17:00:00,2145088.0
229,2012-09-27 07:00:00,2158011.0
230,2012-09-28 21:00:00,2178651.0
231,2012-09-30 11:00:00,2193569.0
232,2012-10-02 01:00:00,2214188.0
233,2012-10-03 15:00:00,2212613.0
234,2012-10-05 05:00:00,2217828.0
235,2012-10-06 19:00:00,2233032.0
236,2012-10-08 09:00:00,2246700.0
237,2012-10-09 23:00:00,2268362.0
238,2012-10-11 13:00:00,2288339.0
239,2012-10-13 03:00:00,2310794.0
240,2012-10-14 17:00:00,2333883.0
241,2012-10-16 07:00:00,2348365.0
242,2012-10-17 21:00:00,2366466.0
243,2012-10-19 11:00:00,2376149.0
244,2012-10-21 01:00:00,2391047.0
245,2012-10-22 15:00:00,2412139.0
246,2012-10-24 05:00:00,2429930.0
247,2012-10-25 19:00:00,2440290.0
248,2012-10-27 09:00:00,2454206.0
249,2012-10-28 23:00:00,2464119.0
250,2012-10-30 13:00:00,2471018.0
251,2012-11-01 03:00:00,2482026.0
252,2012-11-02 17:00:00,2498390.0
253,2012-11-04 07:00:00,2514479.0
254,2012-11-05 21:00:00,2521699.0
255,2012-11-07 11:00:00,2538277.0
256,2012-11-09 01:00:00,2550575.0
257,2012-11-10 15:00:00,2561967.0
258,2012-11-12 05:00:00,2579708.0
259,2012-11-13 19:00:00,2588798.0
260,2012-11-15 09:00:00,2603821.0
261,2012-11-16 23:00:00,2618880.0
262,2012-11-18 13:00:00,2668990.0
263,2012-11-20 03:00:00,2682459.0
264,2012-11-21 17:00:00,2693771.0
265,2012-11-23 07:00:00,2708934.0
266,2012-11-24 21:00:00,2721609.0
267,2012-11-26 11:00:00,2731315.0
268,2012-11-28 01:00:00,2742004.0
269,2012-11-29 15:00:00,2754854.0
270,2012-12-01 05:00:00,2769856.0
271,2012-12-02 19:00:00,2781211.0
272,2012-12-04 09:00:00,2792223.0
273,2012-12-05 23:00:00,2791739.0
274,2012-12-07 13:00:00,2799429.0
275,2012-12-09 03:00:00,2812285.0
276,2012-12-10 17:00:00,2826514.0
277,2012-12-12 07:00:00,2846959.0
278,2012-12-13 21:00:00,2851952.0
279,2012-12-15 11:00:00,2862998.0
280,2012-12-17 01:00:00,2878968.0
281,2012-12-18 15:00:00,2907059.0
282,2012-12-20 05:00:00,2923572.0
283,2012-12-21 19:00:00,2925914.0
284,2012-12-23 09:00:00,2949099.0
285,2012-12-24 23:00:00,2954448.0
286,2012-12-26 13:00:00,2965533.0
287,2012-12-28 03:00:00,2977637.0
288,2012-12-29 17:00:00,2993243.0
289,2012-12-31 07:00:00,3015137.0
290,2013-01-01 21:00:00,3031437.0
291,2013-01-03 11:00:00,3056600.0
292,2013-01-05 01:00:00,3074712.0
293,2013-01-06 15:00:00,3098724.0
294,2013-01-08 05:00:00,3117090.0
295,2013-01-09 19:00:00,3114647.0
296,2013-01-11 09:00:00,3131551.0
297,2013-01-12 23:00:00,3151900.0
298,2013-01-14 13:00:00,3162182.0
299,2013-01-16 03:00:00,3183255.0
300,2013-01-17 17:00:00,3195973.0
301,2013-01-19 07:00:00,3204711.0
302,2013-01-20 21:00:00,3218132.0
303,2013-01-22 11:00:00,3228822.0
304,2013-01-24 01:00:00,3234549.0
305,2013-01-25 15:00:00,3232355.0
306,2013-01-27 05:00:00,3245557.0
307,2013-01-28 19:00:00,3266842.0
308,2013-01-30 09:00:00,3274323.0
309,2013-01-31 23:00:00,3283657.0
310,2013-02-02 13:00:00,3301885.0
311,2013-02-04 03:00:00,3312994.0
312,2013-02-05 17:00:00,3328668.0
313,2013-02-07 07:00:00,3347427.0
314,2013-02-08 21:00:00,3359550.0
315,2013-02-10 11:00:00,3380693.0
316,2013-02-12 01:00:00,3389955.0
317,2013-02-13 15:00:00,3399418.0
318,2013-02-15 05:00:00,3402439.0
319,2013-02-16 19:00:00,3420258.0
320,2013-02-18 09:00:00,3437499.0
321,2013-02-19 23:00:00,3448703.0
322,2013-02-21 13:00:00,3458791.0
323,2013-02-23 03:00:00,3474869.0
324,2013-02-24 17:00:00,3493489.0
325,2013-02-26 07:00:00,3508575.0
326,2013-02-27 21:00:00,3526549.0
327,2013-03-01 11:00:00,3546845.0
328,2013-03-03 01:00:00,3562682.0
329,2013-03-04 15:00:00,3579390.0
330,2013-03-06 05:00:00,3582074.0
331,2013-03-07 19:00:00,3582757.0
332,2013-03-09 09:00:00,3592935.0
333,2013-03-10 23:00:00,3609856.0
334,2013-03-12 13:00:00,3625309.0
335,2013-03-14 03:00:00,3643762.0
336,2013-03-15 17:00:00,3678094.0
337,2013-03-17 07:00:00,3710091.0
338,2013-03-18 21:00:00,3729236.0
339,2013-03-20 11:00:00,3742619.0
340,2013-03-22 01:00:00,3756737.0
341,2013-03-23 15:00:00,3772989.0
342,2013-03-25 05:00:00,3799301.0
343,2013-03-26 19:00:00,3826236.0
344,2013-03-28 09:00:00,3853005.0
345,2013-03-29 23:00:00,3863115.0
346,2013-03-31 13:00:00,3847332.0
347,2013-04-02 03:00:00,3881856.0
348,2013-04-03 17:00:00,3932014.0
349,2013-04-05 07:00:00,3970901.0
350,2013-04-06 21:00:00,4013481.0
351,2013-04-08 11:00:00,4087638.0
352,2013-04-10 01:00:00,4116291.0
353,2013-04-11 15:00:00,4138989.0
354,2013-04-13 05:00:00,4183225.0
355,2013-04-14 19:00:00,4227866.0
356,2013-04-16 09:00:00,4300326.0
357,2013-04-17 23:00:00,4368320.0
358,2013-04-19 13:00:00,4414448.0
359,2013-04-21 03:00:00,4463462.0
360,2013-04-22 17:00:00,4533559.0
361,2013-04-24 07:00:00,4584458.0
362,2013-04-25 21:00:00,4631684.0
363,2013-04-27 11:00:00,4693103.0
364,2013-04-29 01:00:00,4793648.0
365,2013-04-30 15:00:00,4854102.0
366,2013-05-02 05:00:00,4901009.0
367,2013-05-03 19:00:00,4955460.0
368,2013-05-05 09:00:00,5029779.0
369,2013-05-06 23:00:00,5099466.0
370,2013-05-08 13:00:00,5210494.0
371,2013-05-10 03:00:00,5271799.0
372,2013-05-11 17:00:00,5343554.0
373,2013-05-13 07:00:00,5412179.0
374,2013-05-14 21:00:00,5482218.0
375,2013-05-16 11:00:00,5543119.0
376,2013-05-18 01:00:00,5600836.0
377,2013-05-19 15:00:00,5633747.0
378,2013-05-21 05:00:00,5694025.0
379,2013-05-22 19:00:00,5744962.0
380,2013-05-24 09:00:00,5780237.0
381,2013-05-25 23:00:00,5807138.0
382,2013-05-27 13:00:00,5843833.0
383,2013-05-29 03:00:00,5873186.0
384,2013-05-30 17:00:00,5902235.0
385,2013-06-01 07:00:00,5929291.0
386,2013-06-02 21:00:00,5950924.0
387,2013-06-04 11:00:00,5969726.0
388,2013-06-06 01:00:00,6011030.0
389,2013-06-07 15:00:00,6026591.0
390,2013-06-09 05:00:00,6039385.0
391,2013-06-10 19:00:00,6056385.0
392,2013-06-12 09:00:00,6084716.0
393,2013-06-13 23:00:00,6106599.0
394,2013-06-15 13:00:00,6116046.0
395,2013-06-17 03:00:00,6124718.0
396,2013-06-18 17:00:00,6136907.0
397,2013-06-20 07:00:00,6149906.0
398,2013-06-21 21:00:00,6154438.0
399,2013-06-23 11:00:00,6164395.0
400,2013-06-25 01:00:00,6177422.0
401,2013-06-26 15:00:00,6193327.0
402,2013-06-28 05:00:00,6203539.0
403,2013-06-29 19:00:00,6227542.0
404,2013-07-01 09:00:00,6239263.0
405,2013-07-02 23:00:00,6252319.0
406,2013-07-04 13:00:00,6272255.0
407,2013-07-06 03:00:00,6283724.0
408,2013-07-07 17:00:00,6292703.0
409,2013-07-09 07:00:00,6302608.0
410,2013-07-10 21:00:00,6328607.0
411,2013-07-12 11:00:00,6363983.0
412,2013-07-14 01:00:00,6377108.0
413,2013-07-15 15:00:00,6389132.0
414,2013-07-17 05:00:00,6404633.0
415,2013-07-18 19:00:00,6418203.0
416,2013-07-20 09:00:00,6435709.0
417,2013-07-21 23:00:00,6448638.0
418,2013-07-23 13:00:00,6463200.0
419,2013-07-25 03:00:00,6477787.0
420,2013-07-26 17:00:00,6482806.0
421,2013-07-28 07:00:00,6491782.0
422,2013-07-29 21:00:00,6498514.0
423,2013-07-31 11:00:00,6505721.0
424,2013-08-02 01:00:00,6543743.0
425,2013-08-03 15:00:00,6552639.0
426,2013-08-05 05:00:00,6553504.0
427,2013-08-06 19:00:00,6565310.0
428,2013-08-08 09:00:00,6582335.0
429,2013-08-09 23:00:00,6590296.0
430,2013-08-11 13:00:00,6601865.0
431,2013-08-13 03:00:00,6595450.0
432,2013-08-14 17:00:00,6582540.0
433,2013-08-16 07:00:00,6589469.0
434,2013-08-17 21:00:00,6597580.0
435,2013-08-19 11:00:00,6607434.0
436,2013-08-21 01:00:00,6616250.0
437,2013-08-22 15:00:00,6631896.0
438,2013-08-24 05:00:00,6626410.0
439,2013-08-25 19:00:00,6632070.0
440,2013-08-27 09:00:00,6634120.0
441,2013-08-28 23:00:00,6637011.0
442,2013-08-30 13:00:00,6652570.0
443,2013-09-01 03:00:00,6682450.0
444,2013-09-02 17:00:00,6699265.0
445,2013-09-04 07:00:00,6696226.0
446,2013-09-05 21:00:00,6709490.0
447,2013-09-07 11:00:00,6723044.0
448,2013-09-09 01:00:00,6735354.0
449,2013-09-10 15:00:00,6745668.0
450,2013-09-12 05:00:00,6759095.0
451,2013-09-13 19:00:00,6776096.0
452,2013-09-15 09:00:00,6786045.0
453,2013-09-16 23:00:00,6783581.0
454,2013-09-18 13:00:00,6795271.0
455,2013-09-20 03:00:00,6811080.0
456,2013-09-21 17:00:00,6833053.0
457,2013-09-23 07:00:00,6851532.0
458,2013-09-24 21:00:00,6869108.0
459,2013-09-26 11:00:00,6890187.0
460,2013-09-28 01:00:00,6900442.0
461,2013-09-29 15:00:00,6911412.0
462,2013-10-01 05:00:00,6926269.0
463,2013-10-02 19:00:00,6933798.0
464,2013-10-04 09:00:00,6944284.0
465,2013-10-05 23:00:00,6962686.0
466,2013-10-07 13:00:00,6974090.0
467,2013-10-09 03:00:00,6989156.0
468,2013-10-10 17:00:00,7001461.0
469,2013-10-12 07:00:00,7018613.0
470,2013-10-13 21:00:00,7032343.0
471,2013-10-15 11:00:00,7037991.0
472,2013-10-17 01:00:00,7049699.0
473,2013-10-18 15:00:00,7062931.0
474,2013-10-20 05:00:00,7063647.0
475,2013-10-21 19:00:00,7074478.0
476,2013-10-23 09:00:00,7081658.0
477,2013-10-24 23:00:00,7067387.0
478,2013-10-26 13:00:00,7065903.0
479,2013-10-28 03:00:00,7082597.0
480,2013-10-29 17:00:00,7095221.0
481,2013-10-31 07:00:00,7111460.0
482,2013-11-01 21:00:00,7123439.0
483,2013-11-03 11:00:00,7123275.0
484,2013-11-05 01:00:00,7129434.0
485,2013-11-06 15:00:00,7135795.0
486,2013-11-08 05:00:00,7121270.0
487,2013-11-09 19:00:00,7114958.0
488,2013-11-11 09:00:00,7127562.0
489,2013-11-12 23:00:00,7146551.0
490,2013-11-14 13:00:00,7167675.0
491,2013-11-16 03:00:00,7193352.0
492,2013-11-17 17:00:00,7220170.0
493,2013-11-19 07:00:00,7215382.0
494,2013-11-20 21:00:00,7209333.0
495,2013-11-22 11:00:00,7192005.0
496,2013-11-24 01:00:00,7201797.0
497,2013-11-25 15:00:00,7219648.0
498,2013-11-27 05:00:00,7241955.0
499,2013-11-28 19:00:00,7265707.0
500,2013-11-30 09:00:00,7289111.0
501,2013-12-01 23:00:00,7297505.0
502,2013-12-03 13:00:00,7327399.0
503,2013-12-05 03:00:00,7349872.0
504,2013-12-06 17:00:00,7380389.0
505,2013-12-08 07:00:00,7417570.0
506,2013-12-09 21:00:00,7466452.0
507,2013-12-11 11:00:00,7474575.0
508,2013-12-13 01:00:00,7509326.0
509,2013-12-14 15:00:00,7516067.0
510,2013-12-16 05:00:00,7512834.0
511,2013-12-17 19:00:00,7541631.0
512,2013-12-19 09:00:00,7574710.0
513,2013-12-20 23:00:00,7588560.0
514,2013-12-22 13:00:00,7626347.0
515,2013-12-24 03:00:00,7674496.0
516,2013-12-25 17:00:00,7707056.0
517,2013-12-27 07:00:00,7722615.0
518,2013-12-28 21:00:00,7747110.0
519,2013-12-30 11:00:00,7743849.0
520,2014-01-01 01:00:00,7793855.0
521,2014-01-02 15:00:00,7834080.0
522,2014-01-04 05:00:00,7844514.0
523,2014-01-05 19:00:00,7853069.0
524,2014-01-07 09:00:00,7878664.0
525,2014-01-08 23:00:00,7922451.0
526,2014-01-10 13:00:00,7963186.0
527,2014-01-12 03:00:00,7991816.0
528,2014-01-13 17:00:00,8020594.0
529,2014-01-15 07:00:00,8081368.0
530,2014-01-16 21:00:00,8113298.0
531,2014-01-18 11:00:00,8154000.0
532,2014-01-20 01:00:00,8180020.0
533,2014-01-21 15:00:00,8221618.0
534,2014-01-23 05:00:00,8270961.0
535,2014-01-24 19:00:00,8290853.0
536,2014-01-26 09:00:00,8326455.0
537,2014-01-27 23:00:00,8376721.0
538,2014-01-29 13:00:00,8416524.0
539,2014-01-31 03:00:00,8462830.0
540,2014-02-01 17:00:00,8504918.0
541,2014-02-03 07:00:00,8539841.0
542,2014-02-04 21:00:00,8585386.0
543,2014-02-06 11:00:00,8631065.0
544,2014-02-08 01:00:00,8649497.0
545,2014-02-09 15:00:00,8697479.0
546,2014-02-11 05:00:00,8754921.0
547,2014-02-12 19:00:00,8701934.0
548,2014-02-14 09:00:00,8717165.0
549,2014-02-15 23:00:00,8736634.0
550,2014-02-17 13:00:00,8762502.0
551,2014-02-19 03:00:00,8825533.0
552,2014-02-20 17:00:00,8853396.0
553,2014-02-22 07:00:00,8897658.0
554,2014-02-23 21:00:00,8927611.0
555,2014-02-25 11:00:00,8993758.0
556,2014-02-27 01:00:00,9018618.0
557,2014-02-28 15:00:00,9059436.0
558,2014-03-02 05:00:00,9074957.0
559,2014-03-03 19:00:00,9124192.0
560,2014-03-05 09:00:00,9137407.0
561,2014-03-06 23:00:00,9165504.0
562,2014-03-08 13:00:00,9206457.0
563,2014-03-10 03:00:00,9260104.0
564,2014-03-11 17:00:00,9305258.0
565,2014-03-13 07:00:00,9343586.0
566,2014-03-14 21:00:00,9339832.0
567,2014-03-16 11:00:00,9374516.0
568,2014-03-18 01:00:00,9436982.0
569,2014-03-19 15:00:00,9472546.0
570,2014-03-21 05:00:00,9492280.0
571,2014-03-22 19:00:00,9480624.0
572,2014-03-24 09:00:00,9534575.0
573,2014-03-25 23:00:00,9575214.0
574,2014-03-27 13:00:00,9599563.0
575,2014-03-29 03:00:00,9635269.0
576,2014-03-30 17:00:00,9709981.0
577,2014-04-01 07:00:00,9744075.0
578,2014-04-02 21:00:00,9770489.0
579,2014-04-04 11:00:00,9790167.0
580,2014-04-06 01:00:00,9810732.0
581,2014-04-07 15:00:00,9890527.0
582,2014-04-09 05:00:00,9912771.0
583,2014-04-10 19:00:00,9936931.0
584,2014-04-12 09:00:00,9960243.0
585,2014-04-13 23:00:00,10026610.0
586,2014-04-15 13:00:00,10036193.0
587,2014-04-17 03:00:00,10027007.0
588,2014-04-18 17:00:00,10047975.0
589,2014-04-20 07:00:00,10075134.0
590,2014-04-21 21:00:00,10137866.0
591,2014-04-23 11:00:00,10177457.0
592,2014-04-25 01:00:00,10198594.0
593,2014-04-26 15:00:00,10232229.0
594,2014-04-28 05:00:00,10297033.0
595,2014-04-29 19:00:00,10322142.0
596,2014-05-01 09:00:00,10348205.0
597,2014-05-02 23:00:00,10378173.0
598,2014-05-04 13:00:00,10416648.0
599,2014-05-06 03:00:00,10481252.0
600,2014-05-07 17:00:00,10507569.0
601,2014-05-09 07:00:00,10536866.0
602,2014-05-10 21:00:00,10560736.0
603,2014-05-12 11:00:00,10642200.0
604,2014-05-14 01:00:00,10652801.0
605,2014-05-15 15:00:00,10680408.0
606,2014-05-17 05:00:00,10691928.0
607,2014-05-18 19:00:00,10735558.0
608,2014-05-20 09:00:00,10737948.0
609,2014-05-21 23:00:00,10731329.0
610,2014-05-23 13:00:00,10737217.0
611,2014-05-25 03:00:00,10753200.0
612,2014-05-26 17:00:00,10800734.0
613,2014-05-28 07:00:00,10814107.0
614,2014-05-29 21:00:00,10820005.0
615,2014-05-31 11:00:00,10841542.0
616,2014-06-02 01:00:00,10885963.0
617,2014-06-03 15:00:00,10898372.0
618,2014-06-05 05:00:00,10922846.0
619,2014-06-06 19:00:00,10938460.0
620,2014-06-08 09:00:00,10973998.0
621,2014-06-09 23:00:00,11020963.0
622,2014-06-11 13:00:00,11033511.0
623,2014-06-13 03:00:00,11045502.0
624,2014-06-14 17:00:00,11080677.0
625,2014-06-16 07:00:00,11161516.0
626,2014-06-17 21:00:00,11193694.0
627,2014-06-19 11:00:00,11224985.0
628,2014-06-21 01:00:00,11243120.0
629,2014-06-22 15:00:00,11305755.0
630,2014-06-24 05:00:00,11347395.0
631,2014-06-25 19:00:00,11371805.0
632,2014-06-27 09:00:00,11410744.0
633,2014-06-28 23:00:00,11426929.0
634,2014-06-30 13:00:00,11502304.0
635,2014-07-02 03:00:00,11494161.0
636,2014-07-03 17:00:00,11513589.0
637,2014-07-05 07:00:00,11552254.0
638,2014-07-06 21:00:00,11631370.0
639,2014-07-08 11:00:00,11678986.0
640,2014-07-10 01:00:00,11684327.0
641,2014-07-11 15:00:00,11700421.0
642,2014-07-13 05:00:00,11749555.0
643,2014-07-14 19:00:00,11820698.0
644,2014-07-16 09:00:00,11850413.0
645,2014-07-17 23:00:00,11872057.0
646,2014-07-19 13:00:00,11876915.0
647,2014-07-21 03:00:00,11964946.0
648,2014-07-22 17:00:00,11974306.0
649,2014-07-24 07:00:00,12003066.0
650,2014-07-25 21:00:00,12022853.0
651,2014-07-27 11:00:00,12068960.0
652,2014-07-29 01:00:00,12127133.0
653,2014-07-30 15:00:00,12149877.0
654,2014-08-01 05:00:00,12163993.0
655,2014-08-02 19:00:00,12194484.0
656,2014-08-04 09:00:00,12272020.0
657,2014-08-05 23:00:00,12278065.0
658,2014-08-07 13:00:00,12304030.0
659,2014-08-09 03:00:00,12312012.0
660,2014-08-10 17:00:00,12401846.0
661,2014-08-12 07:00:00,12415860.0
662,2014-08-13 21:00:00,12428679.0
663,2014-08-15 11:00:00,12435032.0
664,2014-08-17 01:00:00,12382750.0
665,2014-08-18 15:00:00,12465142.0
666,2014-08-20 05:00:00,12510614.0
667,2014-08-21 19:00:00,12538596.0
668,2014-08-23 09:00:00,12562276.0
669,2014-08-24 23:00:00,12652174.0
670,2014-08-26 13:00:00,12667168.0
671,2014-08-28 03:00:00,12676744.0
672,2014-08-29 17:00:00,12719963.0
673,2014-08-31 07:00:00,12764821.0
674,2014-09-01 21:00:00,12852096.0
675,2014-09-03 11:00:00,12867014.0
676,2014-09-05 01:00:00,12874320.0
677,2014-09-06 15:00:00,12901518.0
678,2014-09-08 05:00:00,13039032.0
679,2014-09-09 19:00:00,13052797.0
680,2014-09-11 09:00:00,12992624.0
681,2014-09-12 23:00:00,13014935.0
682,2014-09-14 13:00:00,13107109.0
683,2014-09-16 03:00:00,13120572.0
684,2014-09-17 17:00:00,13141158.0
685,2014-09-19 07:00:00,13159453.0
686,2014-09-20 21:00:00,13168209.0
687,2014-09-22 11:00:00,13272119.0
688,2014-09-24 01:00:00,13294579.0
689,2014-09-25 15:00:00,13324647.0
690,2014-09-27 05:00:00,13353182.0
691,2014-09-28 19:00:00,13486008.0
692,2014-09-30 09:00:00,13484088.0
693,2014-10-01 23:00:00,13540003.0
694,2014-10-03 13:00:00,13576842.0
695,2014-10-05 03:00:00,13633515.0
696,2014-10-06 17:00:00,13732480.0
697,2014-10-08 07:00:00,13745729.0
698,2014-10-09 21:00:00,13752553.0
699,2014-10-11 11:00:00,13782798.0
700,2014-10-13 01:00:00,13894408.0
701,2014-10-14 15:00:00,13899010.0
702,2014-10-16 05:00:00,13914228.0
703,2014-10-17 19:00:00,13913766.0
704,2014-10-19 09:00:00,13965748.0
705,2014-10-20 23:00:00,14046110.0
706,2014-10-22 13:00:00,14053428.0
707,2014-10-24 03:00:00,14059688.0
708,2014-10-25 17:00:00,14123559.0
709,2014-10-27 07:00:00,14193848.0
710,2014-10-28 21:00:00,14210702.0
711,2014-10-30 11:00:00,14234605.0
712,2014-11-01 01:00:00,14243013.0
713,2014-11-02 15:00:00,14369910.0
714,2014-11-04 05:00:00,14384552.0
715,2014-11-05 19:00:00,14384933.0
716,2014-11-07 09:00:00,14372577.0
717,2014-11-08 23:00:00,14354195.0
718,2014-11-10 13:00:00,14470756.0
719,2014-11-12 03:00:00,14475790.0
720,2014-11-13 17:00:00,14464954.0
721,2014-11-15 07:00:00,14493231.0
722,2014-11-16 21:00:00,14619861.0
723,2014-11-18 11:00:00,14610440.0
724,2014-11-20 01:00:00,14622418.0
725,2014-11-21 15:00:00,14645703.0
726,2014-11-23 05:00:00,14676366.0
727,2014-11-24 19:00:00,14788140.0
728,2014-11-26 09:00:00,14778681.0
729,2014-11-27 23:00:00,14794795.0
730,2014-11-29 13:00:00,14810846.0
731,2014-12-01 03:00:00,14918898.0
732,2014-12-02 17:00:00,14928042.0
733,2014-12-04 07:00:00,14932119.0
734,2014-12-05 21:00:00,14972615.0
735,2014-12-07 11:00:00,14991640.0
736,2014-12-09 01:00:00,15102933.0
737,2014-12-10 15:00:00,15104815.0
738,2014-12-12 05:00:00,15123169.0
739,2014-12-13 19:00:00,15152274.0
740,2014-12-15 09:00:00,15283198.0
741,2014-12-16 23:00:00,15275162.0
742,2014-12-18 13:00:00,15273431.0
743,2014-12-20 03:00:00,15313225.0
744,2014-12-21 17:00:00,15422259.0
745,2014-12-23 07:00:00,15419987.0
746,2014-12-24 21:00:00,15407992.0
747,2014-12-26 11:00:00,15432662.0
748,2014-12-28 01:00:00,15477254.0
749,2014-12-29 15:00:00,15575768.0
750,2014-12-31 05:00:00,15590486.0
751,2015-01-01 19:00:00,15594927.0
752,2015-01-03 09:00:00,15653068.0
753,2015-01-04 23:00:00,15752165.0
754,2015-01-06 13:00:00,15759387.0
755,2015-01-08 03:00:00,15765650.0
756,2015-01-09 17:00:00,15788438.0
757,2015-01-11 07:00:00,15902040.0
758,2015-01-12 21:00:00,15951959.0
759,2015-01-14 11:00:00,15939092.0
760,2015-01-16 01:00:00,15967662.0
761,2015-01-17 15:00:00,16102613.0
762,2015-01-19 05:00:00,16178888.0
763,2015-01-20 19:00:00,16177819.0
764,2015-01-22 09:00:00,16180269.0
765,2015-01-23 23:00:00,16185577.0
766,2015-01-25 13:00:00,16296567.0
767,2015-01-27 03:00:00,16327461.0
768,2015-01-28 17:00:00,16307278.0
769,2015-01-30 07:00:00,16339908.0
770,2015-01-31 21:00:00,16431743.0
771,2015-02-02 11:00:00,16487937.0
772,2015-02-04 01:00:00,16492545.0
773,2015-02-05 15:00:00,16508223.0
774,2015-02-07 05:00:00,16546057.0
775,2015-02-08 19:00:00,16693109.0
776,2015-02-10 09:00:00,16706859.0
777,2015-02-11 23:00:00,16710012.0
778,2015-02-13 13:00:00,16839711.0
779,2015-02-15 03:00:00,16968707.0
780,2015-02-16 17:00:00,17108344.0
781,2015-02-18 07:00:00,17219115.0
782,2015-02-19 21:00:00,17231486.0
783,2015-02-21 11:00:00,17241580.0
784,2015-02-23 01:00:00,17318824.0
785,2015-02-24 15:00:00,17330757.0
786,2015-02-26 05:00:00,17341594.0
787,2015-02-27 19:00:00,17336721.0
788,2015-03-01 09:00:00,17365697.0
789,2015-03-02 23:00:00,17403677.0
790,2015-03-04 13:00:00,17380872.0
791,2015-03-06 03:00:00,17350912.0
792,2015-03-07 17:00:00,17359561.0
793,2015-03-09 07:00:00,17429495.0
794,2015-03-10 21:00:00,17376293.0
795,2015-03-12 11:00:00,17286386.0
796,2015-03-14 01:00:00,17290862.0
797,2015-03-15 15:00:00,17421142.0
798,2015-03-17 05:00:00,17455318.0
799,2015-03-18 19:00:00,17469392.0
800,2015-03-20 09:00:00,17438017.0
801,2015-03-21 23:00:00,17515526.0
802,2015-03-23 13:00:00,17592444.0
803,2015-03-25 03:00:00,17613670.0
804,2015-03-26 17:00:00,17621612.0
805,2015-03-28 07:00:00,17658496.0
806,2015-03-29 21:00:00,17764572.0
807,2015-03-31 11:00:00,17772382.0
808,2015-04-02 01:00:00,17808962.0
809,2015-04-03 15:00:00,17834490.0
810,2015-04-05 05:00:00,17877221.0
811,2015-04-06 19:00:00,17926771.0
812,2015-04-08 09:00:00,17938525.0
813,2015-04-09 23:00:00,17956682.0
814,2015-04-11 13:00:00,18057649.0
815,2015-04-13 03:00:00,18140996.0
816,2015-04-14 17:00:00,18133034.0
817,2015-04-16 07:00:00,18151615.0
818,2015-04-17 21:00:00,18180690.0
819,2015-04-19 11:00:00,18264061.0
820,2015-04-21 01:00:00,18335585.0
821,2015-04-22 15:00:00,18346427.0
822,2015-04-24 05:00:00,18351035.0
823,2015-04-25 19:00:00,18412331.0
824,2015-04-27 09:00:00,18485419.0
825,2015-04-28 23:00:00,18487727.0
826,2015-04-30 13:00:00,18492640.0
827,2015-05-02 03:00:00,18519567.0
828,2015-05-03 17:00:00,18650240.0
829,2015-05-05 07:00:00,18669473.0
830,2015-05-06 21:00:00,18702837.0
831,2015-05-08 11:00:00,18731064.0
832,2015-05-10 01:00:00,18817777.0
833,2015-05-11 15:00:00,18880851.0
834,2015-05-13 05:00:00,18891245.0
835,2015-05-14 19:00:00,18905621.0
836,2015-05-16 09:00:00,18958290.0
837,2015-05-17 23:00:00,19063236.0
838,2015-05-19 13:00:00,19099739.0
839,2015-05-21 03:00:00,19123235.0
840,2015-05-22 17:00:00,19159544.0
841,2015-05-24 07:00:00,19210141.0
842,2015-05-25 21:00:00,19331439.0
843,2015-05-27 11:00:00,19342381.0
844,2015-05-29 01:00:00,19345206.0
845,2015-05-30 15:00:00,19448444.0
846,2015-06-01 05:00:00,19541515.0
847,2015-06-02 19:00:00,19556249.0
848,2015-06-04 09:00:00,19572651.0
849,2015-06-05 23:00:00,19607323.0
850,2015-06-07 13:00:00,19700223.0
851,2015-06-09 03:00:00,19751857.0
852,2015-06-10 17:00:00,19729628.0
853,2015-06-12 07:00:00,19773537.0
854,2015-06-13 21:00:00,19838111.0
855,2015-06-15 11:00:00,19929207.0
856,2015-06-17 01:00:00,20058031.0
857,2015-06-18 15:00:00,20045345.0
858,2015-06-20 05:00:00,20250523.0
859,2015-06-21 19:00:00,20361965.0
860,2015-06-23 09:00:00,20387501.0
861,2015-06-24 23:00:00,20413673.0
862,2015-06-26 13:00:00,20438060.0
863,2015-06-28 03:00:00,20514958.0
864,2015-06-29 17:00:00,20559224.0
865,2015-07-01 07:00:00,20887127.0
866,2015-07-02 21:00:00,20874988.0
867,2015-07-04 11:00:00,20951626.0
868,2015-07-06 01:00:00,21003368.0
869,2015-07-07 15:00:00,21746376.0
870,2015-07-09 05:00:00,23026096.0
871,2015-07-10 19:00:00,23619622.0
872,2015-07-12 09:00:00,25014357.0
873,2015-07-13 23:00:00,25736467.0
874,2015-07-15 13:00:00,25272951.0
875,2015-07-17 03:00:00,24958636.0
876,2015-07-18 17:00:00,24623828.0
877,2015-07-20 07:00:00,24451941.0
878,2015-07-21 21:00:00,24470751.0
879,2015-07-23 11:00:00,24460872.0
880,2015-07-25 01:00:00,24447624.0
881,2015-07-26 15:00:00,24533692.0
882,2015-07-28 05:00:00,24792094.0
883,2015-07-29 19:00:00,25750308.0
884,2015-07-31 09:00:00,27194350.0
885,2015-08-01 23:00:00,29152695.0
886,2015-08-03 13:00:00,29392591.0
887,2015-08-05 03:00:00,30488057.0
888,2015-08-06 17:00:00,32170712.0
889,2015-08-08 07:00:00,32777542.0
890,2015-08-09 21:00:00,32872353.0
891,2015-08-11 11:00:00,32826791.0
892,2015-08-13 01:00:00,32807609.0
893,2015-08-14 15:00:00,32801473.0
894,2015-08-16 05:00:00,32845797.0
895,2015-08-17 19:00:00,32910521.0
896,2015-08-19 09:00:00,32919038.0
897,2015-08-20 23:00:00,32927885.0
898,2015-08-22 13:00:00,32995642.0
899,2015-08-24 03:00:00,33084192.0
900,2015-08-25 17:00:00,33084988.0
901,2015-08-27 07:00:00,33126764.0
902,2015-08-28 21:00:00,33168168.0
903,2015-08-30 11:00:00,33251623.0
904,2015-09-01 01:00:00,33312983.0
905,2015-09-02 15:00:00,34292349.0
906,2015-09-04 05:00:00,35178512.0
907,2015-09-05 19:00:00,35260041.0
908,2015-09-07 09:00:00,35347974.0
909,2015-09-08 23:00:00,35191251.0
910,2015-09-10 13:00:00,34730422.0
911,2015-09-12 03:00:00,34365903.0
912,2015-09-13 17:00:00,34246881.0
913,2015-09-15 07:00:00,33833644.0
914,2015-09-16 21:00:00,33527016.0
915,2015-09-18 11:00:00,33447422.0
916,2015-09-20 01:00:00,33466135.0
917,2015-09-21 15:00:00,33596221.0
918,2015-09-23 05:00:00,33636929.0
919,2015-09-24 19:00:00,33595611.0
920,2015-09-26 09:00:00,33603806.0
921,2015-09-27 23:00:00,33678437.0
922,2015-09-29 13:00:00,33685962.0
923,2015-10-01 03:00:00,33656909.0
924,2015-10-02 17:00:00,33687719.0
925,2015-10-04 07:00:00,33705632.0
926,2015-10-05 21:00:00,33801304.0
927,2015-10-07 11:00:00,33708162.0
928,2015-10-09 01:00:00,33487902.0
929,2015-10-10 15:00:00,33308921.0
930,2015-10-12 05:00:00,33067021.0
931,2015-10-13 19:00:00,32949444.0
932,2015-10-15 09:00:00,32864227.0
933,2015-10-16 23:00:00,32798018.0
934,2015-10-18 13:00:00,32791863.0
935,2015-10-20 03:00:00,32790920.0
936,2015-10-21 17:00:00,32739784.0
937,2015-10-23 07:00:00,32728874.0
938,2015-10-24 21:00:00,32760448.0
939,2015-10-26 11:00:00,32729912.0
940,2015-10-28 01:00:00,32663082.0
941,2015-10-29 15:00:00,32645743.0
942,2015-10-31 05:00:00,32622906.0
943,2015-11-01 19:00:00,32688587.0
944,2015-11-03 09:00:00,32637484.0
945,2015-11-04 23:00:00,32576619.0
946,2015-11-06 13:00:00,32577888.0
947,2015-11-08 03:00:00,32589206.0
948,2015-11-09 17:00:00,32626130.0
949,2015-11-11 07:00:00,32627206.0
950,2015-11-12 21:00:00,32614062.0
951,2015-11-14 11:00:00,32692253.0
952,2015-11-16 01:00:00,32801684.0
953,2015-11-17 15:00:00,32788861.0
954,2015-11-19 05:00:00,32806803.0
955,2015-11-20 19:00:00,32792843.0
956,2015-11-22 09:00:00,32827683.0
957,2015-11-23 23:00:00,32828407.0
958,2015-11-25 13:00:00,32871054.0
959,2015-11-27 03:00:00,32835683.0
960,2015-11-28 17:00:00,32883525.0
961,2015-11-30 07:00:00,32948717.0
962,2015-12-01 21:00:00,32888985.0
963,2015-12-03 11:00:00,32827391.0
964,2015-12-05 01:00:00,32819889.0
965,2015-12-06 15:00:00,32918468.0
966,2015-12-08 05:00:00,32958955.0
967,2015-12-09 19:00:00,32937235.0
968,2015-12-11 09:00:00,32955349.0
969,2015-12-12 23:00:00,32985877.0
970,2015-12-14 13:00:00,33063378.0
971,2015-12-16 03:00:00,33071839.0
972,2015-12-17 17:00:00,33103153.0
973,2015-12-19 07:00:00,33160278.0
974,2015-12-20 21:00:00,33325090.0
975,2015-12-22 11:00:00,33397150.0
976,2015-12-24 01:00:00,33430602.0
977,2015-12-25 15:00:00,33498546.0
978,2015-12-27 05:00:00,33581224.0
979,2015-12-28 19:00:00,33624570.0
980,2015-12-30 09:00:00,33630576.0
981,2015-12-31 23:00:00,33623858.0
982,2016-01-02 13:00:00,33704898.0
983,2016-01-04 03:00:00,33784006.0
984,2016-01-05 17:00:00,33768001.0
985,2016-01-07 07:00:00,33782933.0
986,2016-01-08 21:00:00,33793448.0
987,2016-01-10 11:00:00,33879972.0
988,2016-01-12 01:00:00,33939257.0
989,2016-01-13 15:00:00,33949161.0
990,2016-01-15 05:00:00,34011797.0
991,2016-01-16 19:00:00,33985001.0
992,2016-01-18 09:00:00,34151199.0
993,2016-01-19 23:00:00,34125898.0
994,2016-01-21 13:00:00,34069277.0
995,2016-01-23 03:00:00,34087699.0
996,2016-01-24 17:00:00,34226853.0
997,2016-01-26 07:00:00,34281308.0
998,2016-01-27 21:00:00,34304103.0
999,2016-01-29 11:00:00,34336895.0
1000,2016-01-31 01:00:00,34379272.0
1001,2016-02-01 15:00:00,34416523.0
1002,2016-02-03 05:00:00,34291938.0
1003,2016-02-04 19:00:00,34188064.0
1004,2016-02-06 09:00:00,34265285.0
1005,2016-02-07 23:00:00,34481994.0
1006,2016-02-09 13:00:00,34552764.0
1007,2016-02-11 03:00:00,34610867.0
1008,2016-02-12 17:00:00,34599281.0
1009,2016-02-14 07:00:00,34692839.0
1010,2016-02-15 21:00:00,34767982.0
1011,2016-02-17 11:00:00,34832258.0
1012,2016-02-19 01:00:00,34884214.0
1013,2016-02-20 15:00:00,34956720.0
1014,2016-02-22 05:00:00,35096807.0
1015,2016-02-23 19:00:00,35170934.0
1016,2016-02-25 09:00:00,35219220.0
1017,2016-02-26 23:00:00,35211546.0
1018,2016-02-28 13:00:00,35297122.0
1019,2016-03-01 03:00:00,35464091.0
1020,2016-03-02 17:00:00,35523360.0
1021,2016-03-04 07:00:00,35459400.0
1022,2016-03-05 21:00:00,35484975.0
1023,2016-03-07 11:00:00,35536121.0
1024,2016-03-09 01:00:00,35577983.0
1025,2016-03-10 15:00:00,35438859.0
1026,2016-03-12 05:00:00,35479204.0
1027,2016-03-13 19:00:00,35551342.0
1028,2016-03-15 09:00:00,35542820.0
1029,2016-03-16 23:00:00,35540187.0
1030,2016-03-18 13:00:00,35624148.0
1031,2016-03-20 03:00:00,35741680.0
1032,2016-03-21 17:00:00,35806782.0
1033,2016-03-23 07:00:00,35869068.0
1034,2016-03-24 21:00:00,35891575.0
1035,2016-03-26 11:00:00,35941249.0
1036,2016-03-28 01:00:00,35923138.0
1037,2016-03-29 15:00:00,35791190.0
1038,2016-03-31 05:00:00,35712230.0
1039,2016-04-01 19:00:00,35699549.0
1040,2016-04-03 09:00:00,35619358.0
1041,2016-04-04 23:00:00,35690126.0
1042,2016-04-06 13:00:00,35740392.0
1043,2016-04-08 03:00:00,35818826.0
1044,2016-04-09 17:00:00,35931686.0
1045,2016-04-11 07:00:00,36024257.0
1046,2016-04-12 21:00:00,36102653.0
1047,2016-04-14 11:00:00,36171304.0
1048,2016-04-16 01:00:00,36288117.0
1049,2016-04-17 15:00:00,36347166.0
1050,2016-04-19 05:00:00,36488526.0
1051,2016-04-20 19:00:00,36548891.0
1052,2016-04-22 09:00:00,36633823.0
1053,2016-04-23 23:00:00,36726387.0
1054,2016-04-25 13:00:00,36871022.0
1055,2016-04-27 03:00:00,37005944.0
1056,2016-04-28 17:00:00,37095436.0
1057,2016-04-30 07:00:00,37300421.0
1058,2016-05-01 21:00:00,37429402.0
1059,2016-05-03 11:00:00,37511333.0
1060,2016-05-05 01:00:00,37576964.0
1061,2016-05-06 15:00:00,37661227.0
1062,2016-05-08 05:00:00,37775241.0
1063,2016-05-09 19:00:00,37882758.0
1064,2016-05-11 09:00:00,38030633.0
1065,2016-05-12 23:00:00,38142532.0
1066,2016-05-14 13:00:00,38256781.0
1067,2016-05-16 03:00:00,38351946.0
1068,2016-05-17 17:00:00,38523535.0
1069,2016-05-19 07:00:00,38714634.0
1070,2016-05-20 21:00:00,38726392.0
1071,2016-05-22 11:00:00,38673359.0
1072,2016-05-24 01:00:00,38765869.0
1073,2016-05-25 15:00:00,38870086.0
1074,2016-05-27 05:00:00,38957104.0
1075,2016-05-28 19:00:00,38857502.0
1076,2016-05-30 09:00:00,38899316.0
1077,2016-05-31 23:00:00,38940728.0
1078,2016-06-02 13:00:00,39041306.0
1079,2016-06-04 03:00:00,39165914.0
1080,2016-06-05 17:00:00,39271313.0
1081,2016-06-07 07:00:00,39362901.0
1082,2016-06-08 21:00:00,39460156.0
1083,2016-06-10 11:00:00,39604738.0
1084,2016-06-12 01:00:00,39716243.0
1085,2016-06-13 15:00:00,39738582.0
1086,2016-06-15 05:00:00,39818929.0
1087,2016-06-16 19:00:00,39812622.0
1088,2016-06-18 09:00:00,39944555.0
1089,2016-06-19 23:00:00,39934683.0
1090,2016-06-21 13:00:00,40042325.0
1091,2016-06-23 03:00:00,40165373.0
1092,2016-06-24 17:00:00,40255391.0
1093,2016-06-26 07:00:00,40297269.0
1094,2016-06-27 21:00:00,40306169.0
1095,2016-06-29 11:00:00,40410896.0
1096,2016-07-01 01:00:00,40456917.0
1097,2016-07-02 15:00:00,40476742.0
1098,2016-07-04 05:00:00,40544542.0
1099,2016-07-05 19:00:00,40597640.0
1100,2016-07-07 09:00:00,40673518.0
1101,2016-07-08 23:00:00,40729164.0
1102,2016-07-10 13:00:00,40788160.0
1103,2016-07-12 03:00:00,40892120.0
1104,2016-07-13 17:00:00,40934755.0
1105,2016-07-15 07:00:00,41025704.0
1106,2016-07-16 21:00:00,41037804.0
1107,2016-07-18 11:00:00,40980378.0
1108,2016-07-20 01:00:00,41099155.0
1109,2016-07-21 15:00:00,41147995.0
1110,2016-07-23 05:00:00,41206446.0
1111,2016-07-24 19:00:00,41238655.0
1112,2016-07-26 09:00:00,41381871.0
1113,2016-07-27 23:00:00,41422285.0
1114,2016-07-29 13:00:00,41470369.0
1115,2016-07-31 03:00:00,41545045.0
1116,2016-08-01 17:00:00,41505052.0
1117,2016-08-03 07:00:00,41489879.0
1118,2016-08-04 21:00:00,41508267.0
1119,2016-08-06 11:00:00,41541128.0
1120,2016-08-08 01:00:00,41552633.0
1121,2016-08-09 15:00:00,41621013.0
1122,2016-08-11 05:00:00,41722796.0
1123,2016-08-12 19:00:00,41798019.0
1124,2016-08-14 09:00:00,41819911.0
1125,2016-08-15 23:00:00,41818229.0
1126,2016-08-17 13:00:00,41897479.0
1127,2016-08-19 03:00:00,41988642.0
1128,2016-08-20 17:00:00,42020029.0
1129,2016-08-22 07:00:00,42046221.0
1130,2016-08-23 21:00:00,42071480.0
1131,2016-08-25 11:00:00,42154067.0
1132,2016-08-27 01:00:00,42259227.0
1133,2016-08-28 15:00:00,42297381.0
1134,2016-08-30 05:00:00,42302833.0
1135,2016-08-31 19:00:00,42381993.0
1136,2016-09-02 09:00:00,42421551.0
1137,2016-09-03 23:00:00,42460349.0
1138,2016-09-05 13:00:00,42485488.0
1139,2016-09-07 03:00:00,42553793.0
1140,2016-09-08 17:00:00,42606781.0
1141,2016-09-10 07:00:00,42597267.0
1142,2016-09-11 21:00:00,42636107.0
1143,2016-09-13 11:00:00,42643284.0
1144,2016-09-15 01:00:00,42604604.0
1145,2016-09-16 15:00:00,42638802.0
1146,2016-09-18 05:00:00,42610385.0
1147,2016-09-19 19:00:00,42680561.0
1148,2016-09-21 09:00:00,42767594.0
1149,2016-09-22 23:00:00,42824960.0
1150,2016-09-24 13:00:00,42833750.0
1151,2016-09-26 03:00:00,42858376.0
1152,2016-09-27 17:00:00,42867911.0
1153,2016-09-29 07:00:00,42867574.0
1154,2016-09-30 21:00:00,42939418.0
1155,2016-10-02 11:00:00,42889670.0
1156,2016-10-04 01:00:00,42987253.0
1157,2016-10-05 15:00:00,43029317.0
1158,2016-10-07 05:00:00,43143957.0
1159,2016-10-08 19:00:00,43202188.0
1160,2016-10-10 09:00:00,43213017.0
1161,2016-10-11 23:00:00,43287071.0
1162,2016-10-13 13:00:00,43326625.0
1163,2016-10-15 03:00:00,43406161.0
1164,2016-10-16 17:00:00,43453299.0
1165,2016-10-18 07:00:00,43466258.0
1166,2016-10-19 21:00:00,43446915.0
1167,2016-10-21 11:00:00,43467213.0
1168,2016-10-23 01:00:00,43412696.0
1169,2016-10-24 15:00:00,43289954.0
1170,2016-10-26 05:00:00,43094171.0
1171,2016-10-27 19:00:00,42985667.0
1172,2016-10-29 09:00:00,42936871.0
1173,2016-10-30 23:00:00,42908712.0
1174,2016-11-01 13:00:00,42926853.0
1175,2016-11-03 03:00:00,43006365.0
1176,2016-11-04 17:00:00,43043951.0
1177,2016-11-06 07:00:00,43117880.0
1178,2016-11-07 21:00:00,43221695.0
1179,2016-11-09 11:00:00,43259716.0
1180,2016-11-11 01:00:00,43281531.0
1181,2016-11-12 15:00:00,43273418.0
1182,2016-11-14 05:00:00,43353404.0
1183,2016-11-15 19:00:00,43405218.0
1184,2016-11-17 09:00:00,43421609.0
1185,2016-11-18 23:00:00,43482383.0
1186,2016-11-20 13:00:00,43630280.0
1187,2016-11-22 03:00:00,43840774.0
1188,2016-11-23 17:00:00,43987968.0
1189,2016-11-25 07:00:00,44072877.0
1190,2016-11-26 21:00:00,44113694.0
1191,2016-11-28 11:00:00,44154929.0
1192,2016-11-30 01:00:00,44233092.0
1193,2016-12-01 15:00:00,44328451.0
1194,2016-12-03 05:00:00,44379486.0
1195,2016-12-04 19:00:00,44315968.0
1196,2016-12-06 09:00:00,44379626.0
1197,2016-12-07 23:00:00,44439282.0
1198,2016-12-09 13:00:00,44466653.0
1199,2016-12-11 03:00:00,44518973.0
1200,2016-12-12 17:00:00,44511044.0
1201,2016-12-14 07:00:00,44544993.0
1202,2016-12-15 21:00:00,44658735.0
1203,2016-12-17 11:00:00,44800818.0
1204,2016-12-19 01:00:00,44853682.0
1205,2016-12-20 15:00:00,44908213.0
1206,2016-12-22 05:00:00,44941693.0
1207,2016-12-23 19:00:00,45026335.0
1208,2016-12-25 09:00:00,45042370.0
1209,2016-12-26 23:00:00,45042461.0
1210,2016-12-28 13:00:00,45084127.0
1211,2016-12-30 03:00:00,45157623.0
1212,2016-12-31 17:00:00,45265983.0
1213,2017-01-02 07:00:00,45331971.0
1214,2017-01-03 21:00:00,45494438.0
1215,2017-01-05 11:00:00,45593168.0
1216,2017-01-07 01:00:00,45709537.0
1217,2017-01-08 15:00:00,45786460.0
1218,2017-01-10 05:00:00,45920635.0
1219,2017-01-11 19:00:00,45967676.0
1220,2017-01-13 09:00:00,46017121.0
1221,2017-01-14 23:00:00,46073475.0
1222,2017-01-16 13:00:00,46128278.0
1223,2017-01-18 03:00:00,46210416.0
1224,2017-01-19 17:00:00,46284141.0
1225,2017-01-21 07:00:00,46387740.0
1226,2017-01-22 21:00:00,46451791.0
1227,2017-01-24 11:00:00,46340059.0
1228,2017-01-26 01:00:00,46397585.0
1229,2017-01-27 15:00:00,46338923.0
1230,2017-01-29 05:00:00,46260539.0
1231,2017-01-30 19:00:00,46205182.0
1232,2017-02-01 09:00:00,46271799.0
1233,2017-02-02 23:00:00,46304078.0
1234,2017-02-04 13:00:00,46477608.0
1235,2017-02-06 03:00:00,46416126.0
1236,2017-02-07 17:00:00,46483846.0
1237,2017-02-09 07:00:00,46585645.0
1238,2017-02-10 21:00:00,46691534.0
1239,2017-02-12 11:00:00,46688777.0
1240,2017-02-14 01:00:00,46715906.0
1241,2017-02-15 15:00:00,46814731.0
1242,2017-02-17 05:00:00,46858699.0
1243,2017-02-18 19:00:00,46994879.0
1244,2017-02-20 09:00:00,47062669.0
1245,2017-02-21 23:00:00,47144130.0
1246,2017-02-23 13:00:00,47261515.0
1247,2017-02-25 03:00:00,47372813.0
1248,2017-02-26 17:00:00,47327095.0
1249,2017-02-28 07:00:00,47419061.0
1250,2017-03-01 21:00:00,47601007.0
1251,2017-03-03 11:00:00,47760897.0
1252,2017-03-05 01:00:00,47902863.0
1253,2017-03-06 15:00:00,47970067.0
1254,2017-03-08 05:00:00,48110396.0
1255,2017-03-09 19:00:00,48233243.0
1256,2017-03-11 09:00:00,48294412.0
1257,2017-03-12 23:00:00,48184975.0
1258,2017-03-14 13:00:00,48218860.0
1259,2017-03-16 03:00:00,48352095.0
1260,2017-03-17 17:00:00,48436261.0
1261,2017-03-19 07:00:00,48436613.0
1262,2017-03-20 21:00:00,48513945.0
1263,2017-03-22 11:00:00,48641168.0
1264,2017-03-24 01:00:00,48750269.0
1265,2017-03-25 15:00:00,48817311.0
1266,2017-03-27 05:00:00,48983725.0
1267,2017-03-28 19:00:00,49029467.0
1268,2017-03-30 09:00:00,49125582.0
1269,2017-03-31 23:00:00,49184322.0
1270,2017-04-02 13:00:00,49276843.0
1271,2017-04-04 03:00:00,49385357.0
1272,2017-04-05 17:00:00,49488117.0
1273,2017-04-07 07:00:00,49640871.0
1274,2017-04-08 21:00:00,49673936.0
1275,2017-04-10 11:00:00,49697672.0
1276,2017-04-12 01:00:00,49862318.0
1277,2017-04-13 15:00:00,50056745.0
1278,2017-04-15 05:00:00,50228868.0
1279,2017-04-16 19:00:00,50344566.0
1280,2017-04-18 09:00:00,50485960.0
1281,2017-04-19 23:00:00,50667249.0
1282,2017-04-21 13:00:00,50673191.0
1283,2017-04-23 03:00:00,50753184.0
1284,2017-04-24 17:00:00,50776598.0
1285,2017-04-26 07:00:00,50943542.0
1286,2017-04-27 21:00:00,51059974.0
1287,2017-04-29 11:00:00,51213863.0
1288,2017-05-01 01:00:00,51281226.0
1289,2017-05-02 15:00:00,51364470.0
1290,2017-05-04 05:00:00,51565672.0
1291,2017-05-05 19:00:00,51767140.0
1292,2017-05-07 09:00:00,51861554.0
1293,2017-05-08 23:00:00,52016999.0
1294,2017-05-10 13:00:00,52175412.0
1295,2017-05-12 03:00:00,52450521.0
1296,2017-05-13 17:00:00,52592822.0
1297,2017-05-15 07:00:00,52745688.0
1298,2017-05-16 21:00:00,52824749.0
1299,2017-05-18 11:00:00,52913678.0
1300,2017-05-20 01:00:00,53019793.0
1301,2017-05-21 15:00:00,53095042.0
1302,2017-05-23 05:00:00,53270066.0
1303,2017-05-24 19:00:00,53462673.0
1304,2017-05-26 09:00:00,53700183.0
1305,2017-05-27 23:00:00,53830039.0
1306,2017-05-29 13:00:00,53879222.0
1307,2017-05-31 03:00:00,54048989.0
1308,2017-06-01 17:00:00,54142597.0
1309,2017-06-03 07:00:00,54208481.0
1310,2017-06-04 21:00:00,54117450.0
1311,2017-06-06 11:00:00,54118109.0
1312,2017-06-08 01:00:00,54207074.0
1313,2017-06-09 15:00:00,54199773.0
1314,2017-06-11 05:00:00,54198373.0
1315,2017-06-12 19:00:00,54134146.0
1316,2017-06-14 09:00:00,54298412.0
1317,2017-06-15 23:00:00,54368011.0
1318,2017-06-17 13:00:00,54273557.0
1319,2017-06-19 03:00:00,54147034.0
1320,2017-06-20 17:00:00,54178843.0
1321,2017-06-22 07:00:00,54335564.0
1322,2017-06-23 21:00:00,54265238.0
1323,2017-06-25 11:00:00,54152828.0
1324,2017-06-27 01:00:00,54161873.0
1325,2017-06-28 15:00:00,54237891.0
1326,2017-06-30 05:00:00,54294844.0
1327,2017-07-01 19:00:00,54175835.0
1328,2017-07-03 09:00:00,54009019.0
1329,2017-07-04 23:00:00,54051297.0
1330,2017-07-06 13:00:00,53976302.0
1331,2017-07-08 03:00:00,54058332.0
1332,2017-07-09 17:00:00,53997497.0
1333,2017-07-11 07:00:00,54055305.0
1334,2017-07-12 21:00:00,54008835.0
1335,2017-07-14 11:00:00,54020226.0
1336,2017-07-16 01:00:00,54040138.0
1337,2017-07-17 15:00:00,53894430.0
1338,2017-07-19 05:00:00,53882117.0
1339,2017-07-20 19:00:00,53795848.0
1340,2017-07-22 09:00:00,53757354.0
1341,2017-07-23 23:00:00,53661558.0
1342,2017-07-25 13:00:00,53569825.0
1343,2017-07-27 03:00:00,53549880.0
1344,2017-07-28 17:00:00,53434510.0
1345,2017-07-30 07:00:00,53282857.0
1346,2017-07-31 21:00:00,53142866.0
1347,2017-08-02 11:00:00,52873666.0
1348,2017-08-04 01:00:00,52798387.0
1349,2017-08-05 15:00:00,52556079.0
1350,2017-08-07 05:00:00,52541329.0
1351,2017-08-08 19:00:00,52490918.0
1352,2017-08-10 09:00:00,52636790.0
1353,2017-08-11 23:00:00,52781223.0
1354,2017-08-13 13:00:00,52802367.0
1355,2017-08-15 03:00:00,52951096.0
1356,2017-08-16 17:00:00,53166809.0
1357,2017-08-18 07:00:00,53294002.0
1358,2017-08-19 21:00:00,53401193.0
1359,2017-08-21 11:00:00,53430587.0
1360,2017-08-23 01:00:00,53652646.0
1361,2017-08-24 15:00:00,53766225.0
1362,2017-08-26 05:00:00,53969925.0
1363,2017-08-27 19:00:00,54017048.0
1364,2017-08-29 09:00:00,54036051.0
1365,2017-08-30 23:00:00,53944960.0
1366,2017-09-01 13:00:00,53876431.0
1367,2017-09-03 03:00:00,53897756.0
1368,2017-09-04 17:00:00,53796706.0
1369,2017-09-06 07:00:00,53833104.0
1370,2017-09-07 21:00:00,53815577.0
1371,2017-09-09 11:00:00,53850361.0
1372,2017-09-11 01:00:00,53832517.0
1373,2017-09-12 15:00:00,53817150.0
1374,2017-09-14 05:00:00,53892544.0
1375,2017-09-15 19:00:00,53935021.0
1376,2017-09-17 09:00:00,54021872.0
1377,2017-09-18 23:00:00,54062048.0
1378,2017-09-20 13:00:00,54092566.0
1379,2017-09-22 03:00:00,54165635.0
1380,2017-09-23 17:00:00,54244163.0
1381,2017-09-25 07:00:00,54336756.0
1382,2017-09-26 21:00:00,54386976.0
1383,2017-09-28 11:00:00,54493458.0
1384,2017-09-30 01:00:00,54549418.0
1385,2017-10-01 15:00:00,54569999.0
1386,2017-10-03 05:00:00,54562201.0
1387,2017-10-04 19:00:00,54602595.0
1388,2017-10-06 09:00:00,54714069.0
1389,2017-10-07 23:00:00,54792474.0
1390,2017-10-09 13:00:00,54760224.0
1391,2017-10-11 03:00:00,54834223.0
1392,2017-10-12 17:00:00,54905482.0
1393,2017-10-14 07:00:00,55150007.0
1394,2017-10-15 21:00:00,55091933.0
1395,2017-10-17 11:00:00,55187484.0
1396,2017-10-19 01:00:00,55433754.0
1397,2017-10-20 15:00:00,55463742.0
1398,2017-10-22 05:00:00,55422779.0
1399,2017-10-23 19:00:00,55439167.0
1400,2017-10-25 09:00:00,55445887.0
1401,2017-10-26 23:00:00,55498882.0
1402,2017-10-28 13:00:00,55777272.0
1403,2017-10-30 03:00:00,55989576.0
1404,2017-10-31 17:00:00,56079714.0
1405,2017-11-02 07:00:00,56291219.0
1406,2017-11-03 21:00:00,56609466.0
1407,2017-11-05 11:00:00,56702523.0
1408,2017-11-07 01:00:00,56852266.0
1409,2017-11-08 15:00:00,56995816.0
1410,2017-11-10 05:00:00,57247898.0
1411,2017-11-11 19:00:00,57496034.0
1412,2017-11-13 09:00:00,57737107.0
1413,2017-11-14 23:00:00,57993177.0
1414,2017-11-16 13:00:00,58105855.0
1415,2017-11-18 03:00:00,58182549.0
1416,2017-11-19 17:00:00,58116400.0
1417,2017-11-21 07:00:00,58226468.0
1418,2017-11-22 21:00:00,58432648.0
1419,2017-11-24 11:00:00,58606360.0
1420,2017-11-26 01:00:00,58830479.0
1421,2017-11-27 15:00:00,59053268.0
1422,2017-11-29 05:00:00,59383192.0
1423,2017-11-30 19:00:00,59725921.0
1424,2017-12-02 09:00:00,59978699.0
1425,2017-12-03 23:00:00,60127985.0
1426,2017-12-05 13:00:00,60418712.0
1427,2017-12-07 03:00:00,60850022.0
1428,2017-12-08 17:00:00,61331272.0
1429,2017-12-10 07:00:00,61611549.0
1430,2017-12-11 21:00:00,61780462.0
1431,2017-12-13 11:00:00,62182949.0
1432,2017-12-15 01:00:00,62682119.0
1433,2017-12-16 15:00:00,62954688.0
1434,2017-12-18 05:00:00,63147524.0
1435,2017-12-19 19:00:00,63615311.0
1436,2017-12-21 09:00:00,64207201.0
1437,2017-12-22 23:00:00,64683497.0
1438,2017-12-24 13:00:00,64897592.0
1439,2017-12-26 03:00:00,64834930.0
1440,2017-12-27 17:00:00,64864872.0
1441,2017-12-29 07:00:00,65062659.0
1442,2017-12-30 21:00:00,65444667.0
1443,2018-01-01 11:00:00,65270231.0
1444,2018-01-03 01:00:00,65384063.0
1445,2018-01-04 15:00:00,65982477.0
1446,2018-01-06 05:00:00,66559270.0
1447,2018-01-07 19:00:00,66926083.0
1448,2018-01-09 09:00:00,67308973.0
1449,2018-01-10 23:00:00,67686565.0
1450,2018-01-12 13:00:00,67581390.0
1451,2018-01-14 03:00:00,67564123.0
1452,2018-01-15 17:00:00,67503658.0
1453,2018-01-17 07:00:00,67596007.0
1454,2018-01-18 21:00:00,67671237.0
1455,2018-01-20 11:00:00,67255242.0
1456,2018-01-22 01:00:00,66765220.0
1457,2018-01-23 15:00:00,66427352.0
1458,2018-01-25 05:00:00,66055354.0
1459,2018-01-26 19:00:00,65883068.0
1460,2018-01-28 09:00:00,65668772.0
1461,2018-01-29 23:00:00,65506175.0
1462,2018-01-31 13:00:00,65355655.0
1463,2018-02-02 03:00:00,65240011.0
1464,2018-02-03 17:00:00,64953866.0
1465,2018-02-05 07:00:00,64466110.0
1466,2018-02-06 21:00:00,63999663.0
1467,2018-02-08 11:00:00,63668216.0
1468,2018-02-10 01:00:00,63364417.0
1469,2018-02-11 15:00:00,62790199.0
1470,2018-02-13 05:00:00,62109345.0
1471,2018-02-14 19:00:00,61444020.0
1472,2018-02-16 09:00:00,61111840.0
1473,2018-02-17 23:00:00,60634361.0
1474,2018-02-19 13:00:00,60018310.0
1475,2018-02-21 03:00:00,59743658.0
1476,2018-02-22 17:00:00,59628312.0
1477,2018-02-24 07:00:00,59184556.0
1478,2018-02-25 21:00:00,58919526.0
1479,2018-02-27 11:00:00,58732566.0
1480,2018-03-01 01:00:00,58500460.0
1481,2018-03-02 15:00:00,58423747.0
1482,2018-03-04 05:00:00,57871473.0
1483,2018-03-05 19:00:00,57390056.0
1484,2018-03-07 09:00:00,56930861.0
1485,2018-03-08 23:00:00,56467845.0
1486,2018-03-10 13:00:00,56061700.0
1487,2018-03-12 03:00:00,55462229.0
1488,2018-03-13 17:00:00,55098996.0
1489,2018-03-15 07:00:00,55126919.0
1490,2018-03-16 21:00:00,55190654.0
1491,2018-03-18 11:00:00,55261588.0
1492,2018-03-20 01:00:00,55309604.0
1493,2018-03-21 15:00:00,55373396.0
1494,2018-03-23 05:00:00,55352225.0
1495,2018-03-24 19:00:00,55305822.0
1496,2018-03-26 09:00:00,55327444.0
1497,2018-03-27 23:00:00,55261513.0
1498,2018-03-29 13:00:00,55324474.0
1499,2018-03-31 03:00:00,55439232.0
1500,2018-04-01 17:00:00,55451600.0
1501,2018-04-03 07:00:00,55540828.0
1502,2018-04-04 21:00:00,55558879.0
1503,2018-04-06 11:00:00,55646565.0
1504,2018-04-08 01:00:00,55594497.0
1505,2018-04-09 15:00:00,55630913.0
1506,2018-04-11 05:00:00,55612266.0
1507,2018-04-12 19:00:00,55574458.0
1508,2018-04-14 09:00:00,55660195.0
1509,2018-04-15 23:00:00,55527308.0
1510,2018-04-17 13:00:00,55311335.0
1511,2018-04-19 03:00:00,55413628.0
1512,2018-04-20 17:00:00,55580043.0
1513,2018-04-22 07:00:00,55577563.0
1514,2018-04-23 21:00:00,55696988.0
1515,2018-04-25 11:00:00,55645007.0
1516,2018-04-27 01:00:00,55664512.0
1517,2018-04-28 15:00:00,55744583.0
1518,2018-04-30 05:00:00,55853571.0
1519,2018-05-01 19:00:00,55968703.0
1520,2018-05-03 09:00:00,55987319.0
1521,2018-05-04 23:00:00,55972782.0
1522,2018-05-06 13:00:00,55990951.0
1523,2018-05-08 03:00:00,55898526.0
1524,2018-05-09 17:00:00,55904051.0
1525,2018-05-11 07:00:00,55950140.0
1526,2018-05-12 21:00:00,55942503.0
