username,created,location,has_location,is_verified,total_tweets,total_following,total_followers,total_likes,has_avatar,has_background,is_protected,profile_modified
Michael69720465,2018-06-04,0,0,0,3234,0,14,0,1,1,0,1
agarwalvaibhav6,2011-03-26,0,0,0,1694,1495,254,988,1,1,0,1
raiviswin,2017-12-17,0,0,0,1143,333,160,990,1,1,0,1
HojixLee,2018-01-04,0,0,0,8820,0,35,0,1,1,0,1
yokokondashin,2010-06-11,0,0,0,2168,7487,7438,1603,1,1,0,1
BancCoin,2018-02-08,0,0,0,44,382,71,59,1,0,0,1
Bubbcle,2017-03-11,,1,0,17238,4639,3243,4463,1,1,0,1
CyclopsWK,2013-02-10,0,0,0,4219,447,220,11366,1,1,0,1
jeu154,2010-05-14,decentralized land,1,0,30511,80,643,10689,1,1,0,1
_WhyzGuy_,2016-11-09,0,0,0,41945,2980,996,18037,1,0,0,1
deeptiadlakha,2014-03-20,United Kingdom & India,1,0,4135,4366,1454,1902,1,1,0,1
ElijahZinoviev,2012-10-07,0,0,0,259,5690,5689,191,1,0,0,1
AirDropExpert,2018-02-02,0,0,0,1052,600,1351,120,1,1,0,1
Bubbcle,2017-03-11,,1,0,17239,4639,3243,4464,1,1,0,1
Vicco93165127,2018-06-28,0,0,0,16,6,5,0,1,1,0,1
CryptoAndMetals,2015-07-04,0,0,0,3267,336,258,322,1,1,0,1
NathanOTCTrader,2015-10-27,0,0,0,8445,937,476,3419,1,0,0,1
Choudry_Nasir,2012-12-11,Multan pakistan,1,0,3673,4975,1123,2461,1,1,0,1
SimonErm,2013-05-29,0,0,0,10774,1381,269,4169,1,1,0,1
coindl_net,2018-07-24,0,0,0,89,5,2,0,1,1,0,1
santhosh121081,2018-01-10,0,0,0,833,2205,396,505,1,1,0,1
RandolphMlny,2017-01-08,0xbE6cb25854073B6f2efcCE48A74E110Ae5ac87f1,1,0,987,419,645,63,1,1,0,1
gingerbubbles73,2012-07-13,0,0,0,11084,1432,1049,5391,1,1,0,1
ElijahZinoviev,2012-10-07,0,0,0,260,5690,5689,192,1,0,0,1
anna_calcagni,2018-02-08,0,0,0,213,174,14,214,1,1,0,1
Bubbcle,2017-03-11,,1,0,17240,4639,3243,4465,1,1,0,1
bernieceprzybi9,2018-07-27,0,0,0,7,0,0,0,1,1,0,1
CHalexov2016,2016-04-23,0,0,0,14825,490,40817,25624,1,1,0,1
marina_biksa,2013-02-10,0,0,0,10295,11535,10608,9211,1,0,0,1
babobobobobo111,2018-04-13,0,0,0,4995,19,6,0,0,1,0,1
th0maspee,2011-08-02,0,0,0,3743,1019,616,16184,1,0,0,1
luckyranjan786,2014-08-28,,1,0,725,329,105,828,1,1,0,1
Hiroyuk84577546,2018-05-12,0,0,0,32,64,5,2,0,1,0,1
agarwalvaibhav6,2011-03-26,0,0,0,1695,1495,254,989,1,1,0,1
DomainBookers,2013-09-30,0,0,0,59877,3,396,1908,1,1,0,1
Bearbullmarker,2016-01-07,,1,0,283,251,71,397,1,1,0,1
BTCbitmap,2015-04-05,0,0,0,24550,104,462,1,1,1,0,1
Jay_Profits,2015-12-04,0,0,0,61732,2398,2484,245,1,1,0,1
TheBitcoinKing,2014-08-26,0,0,0,11772,139,3032,1880,1,0,0,1
Gabbas89475643,2018-05-22,0,0,0,3583,1929,508,1587,1,1,0,1
bernie8859,2011-06-03,"Maple Ridge, B.C.",1,0,116445,111,937,51696,1,1,0,1
ChakmaKolomoni,2018-05-20,0,0,0,223,188,10,138,0,1,0,1
Manikally_Kaos,2014-03-09,"Walsall, England",1,0,1757,4272,938,924,1,1,0,1
Amansur2017,2017-10-29,0,0,0,314,473,59,52,1,1,0,1
Jay_Profits,2015-12-04,0,0,0,61733,2398,2484,245,1,1,0,1
_WhyzGuy_,2016-11-09,0,0,0,41946,2980,996,18038,1,0,0,1
marina_biksa,2013-02-10,0,0,0,10296,11535,10608,9212,1,0,0,1
EthereumStockPr,2018-03-07,0,0,0,35963,2209,419,0,1,1,0,1
BTCbitmap,2015-04-05,0,0,0,24551,104,462,1,1,1,0,1
tokens_guru,2018-02-21,0,0,0,351,590,654,295,1,0,0,1
DCamilus,2015-05-08,0,0,0,8,10,23,2,0,1,0,1
i_robertjones,2018-04-16,0,0,0,111,679,271,7,1,0,0,1
__MsTrepreneur,2015-08-19,0,0,0,737,2775,4190,448,1,1,0,1
jugenorb,2015-06-03,0,0,0,4800,627,194,6585,1,1,0,1
Block101coin,2018-04-17,0,0,0,1277,169,117,1079,1,1,0,1
5065ferma,2018-07-26,0,0,0,4,3,0,0,1,1,0,1
OceanviewSr,2018-07-21,0,0,0,21,28,12,38,1,1,0,1
StellarStick,2017-12-11,0,0,0,98,35,17,1034,0,1,0,1
CryptoNewswire,2016-09-02,0,0,0,94983,199,9576,0,1,1,0,1
vijayragav127,2015-12-03,0,0,0,5970,774,584,17810,1,1,0,1
lindsacain,2018-07-09,0,0,0,10,61,2,9,1,1,0,1
famywufofun,2015-05-10,0,0,0,262,987,695,141,1,0,0,1
djboobytrvp,2014-04-23,"Pennsylvania, USA",1,0,38,620,856,4153,1,0,0,1
maruf_h20,2017-10-23,0,0,0,1753,4769,4293,697,1,1,0,1
BorisBateman,2017-10-31,0,0,0,6445,4958,3394,4381,1,0,0,1
Chrissy93131636,2017-11-30,0,0,0,26902,5002,392,324,1,0,0,1
propify_online,2017-04-10,0,0,0,1630,3311,1408,2020,1,0,0,1
CoinsAirdrops,2018-02-24,0,0,0,563,539,480,37,1,1,0,1
ChrisJordanTwit,2018-01-08,0,0,0,14485,56,34,0,1,1,0,1
ninhsuunhi,2018-03-21,0,0,0,32,187,40,30,1,1,0,1
debradating,2016-12-25,0,0,0,132412,3836,380,572,1,1,0,1
amajoroperation,2010-09-02,0,0,0,15614,884,159,2681,1,1,0,1
HarcharnSinghLo,2012-05-26,0,0,0,61,57,20,90,0,1,0,1
The_Mainlander,2008-04-30,Melbourne,1,0,14180,1987,1196,17375,1,1,0,1
agarwalvaibhav6,2011-03-26,0,0,0,1696,1495,254,990,1,1,0,1
DomainBookers,2013-09-30,0,0,0,59878,3,396,1908,1,1,0,1
mittalmanishm,2016-10-29,0,0,0,117,160,42,471,1,1,0,1
Ectini06,2013-04-13,0,0,0,2042,660,94,5015,1,0,0,1
Amandee60834957,2018-03-13,0,0,0,634,320,26,601,0,1,0,1
Prisma_intel,2018-05-17,0,0,0,961,335,445,292,1,0,0,1
Aajaxsamex,2013-05-09,0,0,0,2675,4990,3466,1259,1,1,0,1
Saptak013,2011-08-25,0,0,0,1423,225,479,2973,1,1,0,1
colyabit,2018-02-24,0,0,0,608,5428,4915,540,1,0,0,1
Nano_coin,2016-11-16,0,0,0,347869,2701,3189,18830,1,1,0,1
lan_fin,2009-03-03,0,0,0,1761,151,117,3097,1,1,0,1
EmekaEbenezer,2018-07-08,0,0,0,202,74,20,11,0,1,0,1
BornChampion01,2018-02-15,0,0,0,419,564,79,244,0,1,0,1
ElijahZinoviev,2012-10-07,0,0,0,262,5690,5689,194,1,0,0,1
LitecoinUKs,2017-09-12,0,0,0,60354,2839,2942,76,1,1,0,1
CqWCDv8OBwZSuzH,2018-01-31,0,0,0,1130,2056,37,1035,0,1,0,1
jasmine22682,2016-02-16,0,0,0,28616,9824,10606,17581,1,0,0,1
ResRGFauABLmDD3,2017-12-17,0,0,0,4088,6869,6732,4250,1,1,0,1
sabrinagodboldt,2011-05-31,caen,1,0,37357,54,6,0,1,1,0,1
takeshi3344,2013-01-27,0,0,0,193,49,21,12,1,1,0,1
Rafallol7,2017-03-13,0,0,0,5065,128,188,8573,1,1,0,1
bradymcds,2018-02-22,0,0,0,5850,3888,2995,3934,1,0,0,1
Mycryptencies,2016-04-25,0,0,0,4060,3504,1698,2892,1,0,0,1
trihadinasrul,2010-08-31,,1,0,20712,3140,3236,12916,1,1,0,1
aItcoinist,2018-04-27,0,0,0,5227,1054,280,424,1,1,0,1
serxndipitypjm,2016-03-29,En el coraz√≥n de Han Jisung ‚ù§Ô∏è,1,0,5008,249,292,16032,1,0,0,1
SumaelSam,2018-04-18,0,0,0,14655,118,29,11506,1,1,0,1
devnullius,2009-05-19,0,0,0,442936,93815,54903,49806,1,1,0,1
bitcoinvigil,2017-12-29,0,0,0,40613,2091,1659,66,1,1,0,1
KenFeltman,2009-07-01,0,0,0,57440,2120,2515,19,1,1,0,1
bgcoin,2014-03-09,Switzerland,1,0,17835,2640,1645,14352,1,0,0,1
cysites,2018-04-26,0,0,0,552,51,18,0,1,1,0,1
anna_calcagni,2018-02-08,0,0,0,215,174,14,216,1,1,0,1
parvezbt,2018-05-10,0,0,0,918,4599,2317,686,1,1,0,1
BCHNewsUpdates,2018-02-10,0,0,0,1856,293,464,2264,1,1,0,1
nhethathe,2013-11-25,"South Africa,Gauteng province",1,0,6702,4974,1623,1841,1,1,0,1
OyetunjiOyepej1,2018-01-24,0,0,0,511,605,179,213,1,1,0,1
BonnieFRobinson,2012-09-30,0,0,0,16244,4544,5387,40195,1,0,0,1
frederikro,2009-04-01,‚Çørussels,1,0,12046,171,752,22127,1,0,0,1
kriptosan797,2018-04-15,0,0,0,7681,1723,1654,5176,1,0,0,1
vovik152,2012-05-18,0,0,0,8608,10915,10739,8283,1,1,0,1
vova072,2013-10-08,0,0,0,84,188,13,62,1,1,0,1
SergeyB03860193,2018-06-23,0,0,0,62,60,5,101,0,1,0,1
BeachBumElla,2017-08-18,0,0,0,6069,4734,3517,4006,1,0,0,1
CoinAirdropsAll,2018-04-16,0,0,0,161,234,287,0,1,1,0,1
nefertititrade,2018-03-02,0,0,0,9346,0,61,0,1,1,0,1
meghihana,2018-06-03,0,0,0,555,644,145,434,1,1,0,1
SSQS5,2014-11-30,0,0,0,2024,7292,7236,1876,1,1,0,1
nefertititrade,2018-03-02,0,0,0,9347,0,61,0,1,1,0,1
hieu53286368,2018-07-28,0,0,0,2,9,1,0,0,1,0,1
ghostaloco,2017-06-09,0,0,0,4048,2485,1785,2458,1,1,0,1
RiponRa98964905,2018-07-05,0,0,0,299,331,36,131,1,0,0,1
cyberboyIndia,2012-12-09,0,0,0,2797,885,4108,1717,1,0,0,1
Vicco93165127,2018-06-28,0,0,0,18,6,5,0,1,1,0,1
RippleStockPr,2018-03-07,0,0,0,38464,1206,175,0,1,1,0,1
JohnJdeBoer,2012-02-12,0,0,0,488,96,21,164,1,1,0,1
kaI_erypto,2018-05-26,0,0,0,1092,518,87,873,1,1,0,1
okereke_oliver,2018-02-07,0,0,0,370,346,26,178,1,1,0,1
rescuejpeterson,2017-12-07,0,0,0,6129,4869,3308,4165,1,0,0,1
Vincent13661303,2018-07-31,0,0,0,1,3,0,0,1,1,0,1
vovik152,2012-05-18,0,0,0,8609,10915,10739,8284,1,1,0,1
CryptoEarnCoin,2018-05-16,0,0,0,146,836,243,22,1,1,0,1
Vicco93165127,2018-06-28,0,0,0,19,6,5,0,1,1,0,1
Astralinform1,2018-07-05,0,0,0,53,23,2,57,0,1,0,1
farisyraziz,2013-10-21,0,0,0,672,559,92,88,1,1,0,1
Fixdevirus,2011-10-27,0,0,0,31,105,28,17,1,1,0,1
Chuks03,2010-10-19,Port harcourt,1,0,11981,3707,4751,12899,1,0,0,1
bitcoinsguide,2017-05-18,0,0,0,10212,247,1313,20,1,0,0,1
virtualtoken,2015-03-05,0,0,0,5241,2581,1313,3730,1,1,0,1
maruf_h20,2017-10-23,0,0,0,1754,4769,4293,698,1,1,0,1
aksiyonLT,2017-02-08,0,0,0,2446,2191,1086,1170,1,1,0,1
weedmanhippy,2009-09-16,"Miami Beach, United States",1,0,17836,1415,1071,8595,1,1,0,1
AilynDungog,2013-08-11,Negara Brunei Darussalam,1,0,303,421,41,33,1,1,0,1
vovik152,2012-05-18,0,0,0,8610,10915,10739,8285,1,1,0,1
davjhum,2016-11-03,0,0,0,12690,155,156,13379,0,1,0,1
AlexAlextwesiga,2015-05-27,0,0,0,2257,2885,1078,1970,1,1,0,1
Whale_On_Moon,2018-05-15,0,0,0,191,4620,4289,0,1,0,0,1
Kikibabs1,2018-01-07,0,0,0,4520,1498,485,2729,1,1,0,1
Dis_Naija,2012-10-20,0,0,0,56171,7063,12911,123,1,1,0,1
Whale_On_Moon,2018-05-15,0,0,0,192,4620,4289,0,1,0,0,1
kalmanov1989,2018-03-25,0,0,0,1487,4931,4070,1078,1,1,0,1
100stoev,2009-12-28,0,0,0,875,158,38,1115,1,1,0,1
Amandee60834957,2018-03-13,0,0,0,634,320,26,601,0,1,0,1
Martina87553263,2018-02-13,0,0,0,463,534,16,50,0,1,0,1
_ShAk_S,2012-06-15,0,0,0,29812,942,227,17077,1,1,0,1
0hmygaditskelly,2018-03-02,,1,0,998,141,83,338,1,1,0,1
in_jock,2018-05-16,0,0,0,93,115,4,10,1,1,0,1
Raaskaldotcom,2013-01-25,,1,0,24811,638,3025,3910,1,1,0,1
SaraHanrahan4,2018-06-04,0,0,0,3221,2,7,0,1,1,0,1
orokam55,2012-03-22,0,0,0,133,266,36,4,1,1,0,1
ValentynaTandry,2018-04-01,0,0,0,419,4995,4259,685,1,0,0,1
FNicorochi,2018-07-10,0,0,0,3391,134,43,0,1,1,0,1
CaptainScio,2013-12-11,0,0,0,6031,432,2050,459,1,1,0,1
SycoLynx,2018-06-07,0,0,0,622,136,33,279,1,1,0,1
ChakmaKolomoni,2018-05-20,0,0,0,224,188,10,138,0,1,0,1
FaithPagan2,2018-06-05,0,0,0,3213,1,14,0,1,1,0,1
mankind1144,2017-01-22,0,0,0,1552,9424,9000,9980,1,1,0,1
galigio,2009-09-14,0,0,0,53923,3731,3976,10166,1,1,0,1
Rakeshs68922173,2018-06-26,0,0,0,277,146,11,129,0,1,0,1
coinlerinkrali,2017-12-21,0,0,0,19502,78,1033,81,1,1,0,1
DeweyRange,2018-06-21,0,0,0,1389,0,8,0,1,1,0,1
reineans,2012-05-30,0,0,0,5302,4982,4088,3180,1,1,0,1
coinlerinkrali,2017-12-21,0,0,0,19503,78,1033,81,1,1,0,1
Mm2American,2017-05-20,0,0,0,146,41,13,50,1,1,0,1
ssn6marketing,2009-02-19,"New York, USA",1,0,10629,19244,26341,0,1,1,0,1
Prisma_intel,2018-05-17,0,0,0,962,335,445,292,1,0,0,1
rhonjii,2016-06-25,0,0,0,25312,2399,104,12549,1,1,0,1
stimalopex,2018-05-18,0,0,0,486,524,291,1557,1,1,0,1
candieperez16,2018-07-31,0,0,0,7,0,0,0,1,1,0,1
Satoshi10617093,2018-07-12,0,0,0,1117,108,70,0,1,1,0,1
OPerera2,2018-07-23,0,0,0,66,663,516,53,1,1,0,1
ChrisDaBac,2013-08-27,0,0,0,3471,189,144,1004,1,0,0,1
ArthurG30364143,2018-06-04,0,0,0,3226,1,16,0,1,1,0,1
jugenorb,2015-06-03,0,0,0,4801,627,194,6586,1,1,0,1
ChrisDaBac,2013-08-27,0,0,0,3472,189,144,1004,1,0,0,1
MariaBrawn2,2018-06-05,0,0,0,2954,0,13,0,1,1,0,1
Lukicrypto,2018-01-04,0,0,0,494,124,35,528,1,1,0,1
CardCristy,2018-06-05,0,0,0,3221,0,19,0,1,1,0,1
EnStarlight,2012-09-04,0,0,0,17658,233,83,5543,1,1,0,1
nossagaming,2016-12-12,0,0,0,1618,545,560,3697,1,1,0,1
GrizemGuzu,2015-03-26,0,0,0,2421,4915,4666,1665,1,1,0,1
CryptoDaniella,2018-06-29,0,0,0,13411,265,516,3,1,1,0,1
MaDmAnCH1N,2010-10-08,,1,0,2797,278,427,107,1,1,0,1
KleyevaZoya,2017-09-15,0,0,0,3450,6016,5646,3026,1,0,0,1
_uyuyuiii,2017-03-01,"Costa Mesa, CA",1,0,25424,671,4499,34805,1,1,0,1
luella90280266,2018-07-31,0,0,0,14,0,0,0,1,1,0,1
osm_nbt,2017-04-02,,1,0,11573,3576,4976,54,1,0,0,1
josielsasmb,2018-06-15,0,0,0,1281,1,4,0,1,1,0,1
jeu154,2010-05-14,decentralized land,1,0,30514,80,643,10691,1,1,0,1
Vicco93165127,2018-06-28,0,0,0,22,6,5,0,1,1,0,1
beakmull,2013-10-07,Brugge,1,0,10289,364,492,1043,1,0,0,1
VickiMc88383464,2018-06-04,0,0,0,3235,2,10,0,1,1,0,1
JuanCooley11,2018-06-04,0,0,0,3229,3,7,0,1,1,0,1
msarylosacke,2018-06-15,0,0,0,882,1,0,0,1,1,0,1
Voskres1,2018-04-20,0,0,0,159,869,1163,148,1,0,0,1
AirdropBlog,2014-04-30,,1,0,1428,527,572,294,1,1,0,1
csarolewesabb,2018-06-15,0,0,0,1298,1,2,2,1,1,0,1
djboobytrvp,2014-04-23,"Pennsylvania, USA",1,0,39,620,856,4153,1,0,0,1
ormiga,2008-11-29,0,0,0,145262,4984,2141,70,1,1,0,1
akashro25169940,2017-12-19,0,0,0,953,445,62,316,0,1,0,1
bitcoinvigil,2017-12-29,0,0,0,40614,2091,1659,66,1,1,0,1
btcbreakingnews,2016-07-05,0,0,0,51431,1,1511,1,1,0,0,1
Satiricali,2015-01-22,0,0,0,37595,359,623,98752,1,0,0,1
Vicco93165127,2018-06-28,0,0,0,23,6,5,0,1,1,0,1
faneylang49,2014-06-23,0,0,0,13381,86,26,6572,0,1,0,1
bitcoindesuan,2017-07-11,0,0,0,8475,107,530,1445,1,1,0,1
Rakeshs68922173,2018-06-26,0,0,0,279,146,11,130,0,1,0,1
subhan_nadia,2018-02-27,0,0,0,2134,3847,1227,1751,1,1,0,1
aggelow1234,2016-08-05,0,0,0,21,47,1,1,0,1,0,1
attacksn,2014-10-08,0,0,0,53522,352651,399757,130,1,0,0,1
kaI_erypto,2018-05-26,0,0,0,1098,519,87,878,1,1,0,1
beakmull,2013-10-07,Brugge,1,0,10290,364,492,1043,1,0,0,1
thulasii_09,2016-12-18,"Chennai, India",1,0,1654,175,164,13996,1,1,0,1
RachelDav_pro,2016-09-26,0,0,0,21761,24081,23206,11941,1,0,0,1
SmitaKN,2017-09-07,0,0,0,205,41,40,3781,1,0,0,1
Vicco93165127,2018-06-28,0,0,0,24,6,5,0,1,1,0,1
wimlds,2015-01-28,0,0,0,2471,5566,7168,3145,1,0,0,1
HourlyBTC,2015-10-13,0,0,0,5808,1,122,1,1,0,0,1
alannnbs_,2018-06-05,0,0,0,97,2,18,114,1,1,0,1
satzm,2012-01-21,vellore,1,0,24438,1566,987,45337,1,1,0,1
LitecoinUKs,2017-09-12,0,0,0,60355,2839,2942,76,1,1,0,1
ancarta2,2014-03-22,0,0,0,7355,681,432,12166,1,1,0,1
kaI_erypto,2018-05-26,0,0,0,1099,519,87,879,1,1,0,1
MuffinBros,2015-10-12,"Houston, TX",1,0,8839,584,2201,18208,1,1,0,1
CoinexAffiliate,2017-12-19,0,0,0,1062,586,2186,29,1,0,0,1
bit_paper,2018-04-15,0,0,0,1498,3418,386,9,1,1,0,1
Cryptosent,2018-07-24,0,0,0,87,39,68,76,1,0,0,1
Vincent13661303,2018-07-31,0,0,0,3,3,0,0,1,1,0,1
yung_minccino,2016-03-14,SW-4983-6036-5993,1,0,19764,163,179,41898,1,0,0,1
Cryptoninchain,2018-05-19,0,0,0,56,60,41,32,1,0,0,1
CryptoAndMetals,2015-07-04,0,0,0,3269,336,258,322,1,1,0,1
titvsmagnvs,2015-03-29,0,0,0,530,152,58,697,1,0,0,1
thanhson686nn,2018-03-23,0,0,0,3,8,3,5,0,1,0,1
Jobs4Bitcoin,2015-01-26,0,0,0,8902,1,665,1,1,1,0,1
matias_zovak,2017-11-20,,1,0,981,322,100,919,1,0,0,1
tadawestman,2016-03-09,0,0,0,6041,4604,3460,4180,1,0,0,1
john_mattia,2016-01-25,0,0,0,1342,267,290,60,1,1,0,1
Jobs4Bitcoin,2015-01-26,0,0,0,8903,1,665,1,1,1,0,1
muslimstallion,2017-06-15,0,0,0,5579,2616,1955,3911,1,0,0,1
RentHabitat,2017-08-25,0,0,0,3,14,0,5,1,1,0,1
kaI_erypto,2018-05-26,0,0,0,1100,519,87,880,1,1,0,1
rathnayake_l,2017-12-06,0,0,0,1849,4752,2160,5418,1,1,0,1
Animal3452,2017-11-20,0,0,0,897,237,23,28,1,1,0,1
gowtham939here,2013-05-11,0,0,0,4260,457,171,3928,1,1,0,1
alannnbs_,2018-06-05,0,0,0,99,2,18,114,1,1,0,1
Hridoyk86815314,2018-01-05,0,0,0,1720,1,0,29,0,1,0,1
shumilov5331,2017-04-10,0,0,0,19089,12570,11474,15340,1,1,0,1
signal_trustNEW,2014-07-02,0,0,0,433,47,71,417,1,1,0,1
onea4th,2010-03-15,0,0,0,504,218,85,162,1,1,0,1
sleone_76,2012-01-19,0,0,0,910,72,393,506,1,0,0,1
AvocadoByProof,2018-07-18,0,0,0,1688,2,14,0,1,1,0,1
bit_paper,2018-04-15,0,0,0,1499,3418,386,9,1,1,0,1
CoinexAffiliate,2017-12-19,0,0,0,1063,586,2186,29,1,0,0,1
Cryptow1re,2017-06-13,0,0,0,145899,1374,1764,527,1,1,0,1
Ekramul5264,2013-02-17,0,0,0,2890,1294,198,2329,1,1,0,1
TaniqueRochelyn,2013-10-03,0,0,0,48850,760,219,19138,1,1,0,1
crudeOilNow,2016-04-22,0,0,0,13707,42,672,0,1,1,0,1
melaniebower89a,2018-03-17,0,0,0,3867,36,16,0,1,1,0,1
AnarAslan777,2018-01-19,0,0,0,2767,9040,8469,4659,1,1,0,1
Rakeshs68922173,2018-06-26,0,0,0,281,146,11,131,0,1,0,1
jugenorb,2015-06-03,0,0,0,4802,627,194,6587,1,1,0,1
guillianne1016,2018-02-07,"General Mariano Alvarez, Calab",1,0,1417,5001,1358,1113,1,1,0,1
ksev1,2011-06-15,0,0,0,501,89,36,1080,1,1,0,1
happy_katebrown,2017-11-12,0,0,0,4269,10123,9842,3373,1,0,0,1
LitecoinUKs,2017-09-12,0,0,0,60356,2839,2942,76,1,1,0,1
CaptainScio,2013-12-11,0,0,0,6032,432,2050,459,1,1,0,1
quelacarelyn,2017-02-09,0,0,0,85325,391,250,5130,1,1,0,1
andrewtaylorbri,2009-02-26,California,1,0,2945,835,219,710,1,0,0,1
muhhabbatein,2018-05-20,0,0,0,87,165,11,42,0,1,0,1
CryptoByChemist,2018-01-17,0,0,0,3790,4885,3548,2664,1,0,0,1
Prisma_intel,2018-05-17,0,0,0,964,335,445,292,1,0,0,1
Choudry_Nasir,2012-12-11,Multan pakistan,1,0,3675,4975,1123,2461,1,1,0,1
RandolphMlny,2017-01-08,0xbE6cb25854073B6f2efcCE48A74E110Ae5ac87f1,1,0,987,419,645,63,1,1,0,1
Kateallyson21,2018-07-22,0,0,0,11,427,168,8,1,1,0,1
Cookey_Monkey,2012-05-15,singapore,1,0,46008,131,265,10826,1,1,0,1
IoniAppelberg,2011-08-02,Stockholm,1,0,3252,117,215,432,1,1,0,1
SubnetZero,2009-07-05,"Las Vegas, NV",1,0,6913,737,927,7315,1,0,0,1
dimarasen1,2018-03-22,0,0,0,1667,12243,11617,1274,1,0,0,1
Azzouzi23682062,2017-04-22,0,0,0,4,42,3,16,0,1,0,1
Proof_Of_Stake,2009-11-16,0,0,0,431,68,3519,636,1,1,0,1
RoseWinter222,2018-02-03,0,0,0,4941,4351,1158,5535,1,1,0,1
farjana1155,2017-11-28,0,0,0,19406,11327,10304,12147,1,1,0,1
freebtcclub,2017-12-21,0,0,0,8289,7870,7177,4857,1,0,0,1
taylortrevino82,2015-02-22,0,0,0,7061,248,328,2724,1,1,0,1
vovik152,2012-05-18,0,0,0,8615,10915,10739,8290,1,1,0,1
joanhinterauer,2015-07-28,"Lochen, √ñsterreich",1,0,512,296,270,295,1,0,0,1
CryptoSreejith,2012-03-21,"Dubai, United Arab Emirates",1,0,542,5417,5166,200,1,1,0,1
beakmull,2013-10-07,Brugge,1,0,10293,364,492,1043,1,0,0,1
Orb_ville,2016-12-18,0,0,0,615,50,16,4,1,0,0,1
CryptoKeita,2017-05-05,0,0,0,203,368,80,1031,1,0,0,1
Kola_Pasi,2017-05-20,0,0,0,27815,1516,266,17569,1,1,0,1
cerennooo,2016-05-04,0,0,0,1773,9195,9947,2477,1,1,0,1
ramon_saffar,2009-12-26,,1,0,20489,4841,3895,12193,1,1,0,1
Ittaqitafuzi7,2017-12-26,0,0,0,7027,1937,1966,2127,1,1,0,1
kaI_erypto,2018-05-26,0,0,0,1102,519,87,882,1,1,0,1
Sofa_Jaxon,2017-06-16,0,0,0,1288,2006,1569,1017,1,0,0,1
lucanmaik,2011-04-02,0,0,0,23854,1733,1094,1126,1,1,0,1
CryptoStatsBot,2018-01-01,0,0,0,9555,0,4849,0,1,0,0,1
subhan_nadia,2018-02-27,0,0,0,2138,3847,1227,1755,1,1,0,1
crypto_dam,2018-04-27,0,0,0,24,105,15,41,1,1,0,1
tejas0508,2011-08-06,0,0,0,7525,4904,3853,9232,1,1,0,1
qubitsecret,2018-02-18,0,0,0,78,286,11,119,0,1,0,1
sya_halim,2015-05-21,0,0,0,8,294,39,0,1,1,0,1
PiasKhan9,2015-12-15,0,0,0,14,8,2,9,1,1,0,1
esrabekras,2016-05-04,0,0,0,1855,8245,8175,2536,1,1,0,1
OzRosyzO,2017-04-12,0,0,0,522,438,24,148,1,1,0,1
arman61048480,2018-04-03,0,0,0,382,230,49,239,1,1,0,1
thuyastaldi4,2018-07-31,0,0,0,2,0,0,0,1,1,0,1
myren27,2018-04-27,0,0,0,8,125,50,3,1,1,0,1
vovik152,2012-05-18,0,0,0,8617,10915,10739,8292,1,1,0,1
cysites,2018-04-26,0,0,0,553,51,18,0,1,1,0,1
uus20,2009-07-31,Indonesia,1,0,3183,1505,558,354,1,1,0,1
Kola_Pasi,2017-05-20,0,0,0,27823,1516,266,17569,1,1,0,1
AltcoinTicker,2017-09-05,0,0,0,4280,0,62,0,1,0,0,1
eth_hourly,2017-05-30,0,0,0,10129,3,361,2,1,0,0,1
CryptoGulp,2017-12-26,0,0,0,10702,0,463,0,1,1,0,1
BTCBillionsBot,2017-10-05,0,0,0,7151,0,66,0,1,1,0,1
BuyBitcoinPH,2014-01-06,0,0,0,199,207,773,12,1,1,0,1
CryptoHourly,2017-06-06,0,0,0,40988,2,266,2,1,1,0,1
ActiveAirdrops,2018-01-12,0,0,0,1138,1234,577,67,1,1,0,1
CryptoHourly,2017-06-06,0,0,0,40989,2,266,2,1,1,0,1
CryptoHourly,2017-06-06,0,0,0,40990,2,266,2,1,1,0,1
CoinsAirdrops,2018-02-24,0,0,0,563,539,480,37,1,1,0,1
dogecointicker,2014-04-09,0,0,0,87993,29,356,0,1,1,0,1
bitcoinprice_,2017-10-15,0,0,0,6924,12,1807,4,1,0,0,1
HHeuristics,2018-03-28,0,0,0,19932,229,48,716,1,0,0,1
alex_lavorico,2016-12-11,"Seaside, CA",1,0,223799,4945,1008,278945,1,1,0,1
CoinTradingBot,2017-09-02,0,0,0,8753,59,1671,559,1,0,0,1
InfoProNetwork,2010-12-13,0,0,0,155067,8002,10891,53243,1,1,0,1
NapalmDeathBot,2018-04-18,0,0,0,2399,3,46,8,1,1,0,1
SubnetZero,2009-07-05,"Las Vegas, NV",1,0,6914,737,927,7316,1,0,0,1
ethprice_,2017-10-15,0,0,0,6915,11,1547,0,1,0,0,1
InfoProNetwork,2010-12-13,0,0,0,155071,8002,10891,53243,1,1,0,1
BotCryptoMarket,2018-01-24,0,0,0,4367,0,1480,0,1,0,0,1
coinlerinkrali,2017-12-21,0,0,0,19505,78,1033,81,1,1,0,1
thirdbrainfx,2011-02-27,0,0,0,1048070,21520,12465,695,1,1,0,1
CryptoShopUK,2017-12-26,0,0,0,9717,0,34,0,1,1,0,1
VergeAlert,2017-12-25,0,0,0,5274,4,15,0,1,1,0,1
gntprice,2017-05-20,0,0,0,10377,13,1693,4,1,0,0,1
CardanoAlert,2017-12-24,0,0,0,5286,4,15,0,1,1,0,1
ETNAlert,2017-12-21,0,0,0,5324,5,14,1,1,0,0,1
bitcoinhacks,2017-08-14,0,0,0,9083,8,429,15,1,0,0,1
DigibyteAlert,2017-12-25,0,0,0,5266,4,44,0,1,1,0,1
bitcoinrate247,2015-09-18,0,0,0,21026,69,394,0,1,1,0,1
neoprice_,2017-08-17,0,0,0,8333,12,1749,5,1,0,0,1
btc_ticker,2018-02-12,0,0,0,4036,0,13,0,1,0,0,1
HHeuristics,2018-03-28,0,0,0,19933,229,48,716,1,0,0,1
Cyber_FM,2009-05-03,Do You MFTU? Support Local Art,1,0,868704,83912,67777,583,1,1,0,1
bitcoin_miner_,2016-03-17,internet,1,0,3152,17682,16070,30,1,0,0,1
BitsRate,2017-08-31,0,0,0,15331,1634,411,46,1,1,0,1
rippleprice_,2017-10-16,0,0,0,6893,12,3415,5,1,1,0,1
Btctools,2013-03-18,,1,0,23291,5001,1928,13133,1,1,0,1
WorldCoinIndex,2014-03-17,0,0,0,20293,676,9208,370,1,1,0,1
siaprice,2017-06-18,0,0,0,9751,12,5867,10,1,0,0,1
coinlerinkrali,2017-12-21,0,0,0,19506,78,1033,81,1,1,0,1
Economia_Forex,2010-03-18,0,0,0,9095,9034,8321,138,1,1,0,1
bchprice_,2017-10-30,0,0,0,6541,11,1253,0,1,0,0,1
HoryouToken,2018-02-05,0,0,0,1433,94,9691,224,1,0,0,1
mybitcoinbot,2017-11-25,0,0,0,8356,0,37,1,1,1,0,1
IDOLCOIN_bot,2018-07-18,0,0,0,295,20,71,1,1,1,0,1
CoinTradingBot,2017-09-02,0,0,0,8754,59,1671,559,1,0,0,1
LTeeCee,2018-02-20,0,0,0,3401,228,113,54,1,0,0,1
HaiStates,2017-12-03,0,0,0,13857,16,3,4,1,0,0,1
altcoinsights,2018-04-04,0,0,0,6895,380,151,32,1,0,0,1
ltcprice_,2017-10-30,0,0,0,6533,11,1466,0,1,0,0,1
btcreports,2017-07-04,0,0,0,8280,112,178,3,1,1,0,1
BTCtoUSD_,2017-06-30,0,0,0,4433,3,77,0,1,1,0,1
decentralistdan,2017-08-15,0,0,0,3002,2034,344,1497,1,0,0,1
XMRprice,2016-12-28,0,0,0,13223,1,1046,20,1,0,0,1
moneroprice_,2017-10-30,0,0,0,6534,11,1108,0,1,0,0,1
marketranger,2014-10-12,0,0,0,34471,874,2234,27989,1,0,0,1
sangdinhchu,2018-03-21,0,0,0,31,156,48,21,1,1,0,1
OMoBoLaJi_pAuL,2013-11-05,0,0,0,158,121,8,15,0,1,0,1
xlmprice,2017-12-20,0,0,0,5319,12,2430,3,1,0,0,1
xmr_btc,2018-04-17,0,0,0,7509,2,11,0,1,0,0,1
CoinTrendz,2016-05-22,0,0,0,8313,1196,11853,232,1,0,0,1
carylbarron10,2018-07-31,0,0,0,5,0,0,0,1,1,0,1
reqprice,2018-01-02,0,0,0,4965,11,199,0,1,0,0,1
cryptocoin_x,2017-11-23,0,0,0,2121,1981,1061,1337,1,0,0,1
Michael40684539,2018-06-21,0,0,0,1028,0,8,0,1,1,0,1
munalam0,2017-07-28,0,0,0,10464,6914,6613,8460,1,1,0,1
Slava45432368,2017-08-10,0,0,0,1990,2704,1891,1210,1,1,0,1
BitcoinEdu,2014-03-08,0,0,0,86366,347,9450,1371,1,0,0,1
codingjobsuk,2017-12-31,0,0,0,60997,2,26,0,1,1,0,1
venprice_,2018-02-07,0,0,0,3846,12,210,0,1,0,0,1
stratumHKBot,2017-12-13,0,0,0,2306,2,62,9,1,0,0,1
ETHtoUSD,2017-06-26,0,0,0,4478,3,165,0,1,1,0,1
AllGracedDown,2017-09-09,0,0,0,5596,3964,3154,3818,1,0,0,1
Andrewphillep,2018-07-10,0,0,0,708,924,26,0,1,1,0,1
karlradio,2009-07-16,0,0,0,43141,7658,7533,9,1,1,0,1
LTCtoUSD,2018-01-05,0,0,0,2237,3,38,3,1,1,0,1
BTCticker,2013-04-02,0,0,0,204256,11,2894,0,1,1,0,1
OChapiteau,2014-09-06,0,0,0,7626,1121,1770,18,1,0,0,1
OChapiteau,2014-09-06,0,0,0,7627,1121,1770,18,1,0,0,1
WorldCoinIndex,2014-03-17,0,0,0,20295,676,9208,370,1,1,0,1
OChapiteau,2014-09-06,0,0,0,7628,1121,1770,18,1,0,0,1
BitcoinBtcNews,2017-01-12,0,0,0,49318,220,969,78,1,1,0,1
bitcoin_hourly,2015-07-12,0,0,0,23201,1,1278,4,1,1,0,1
LTC_PRICE,2013-12-13,0,0,0,25954,2,644,1,1,1,0,1
LitecoinRates,2013-04-25,0,0,0,45862,2390,4261,84,1,1,0,1
BigData_Joe,2018-03-14,0,0,0,6525,7066,6411,7573,1,0,0,1
coinalert_live,2018-03-30,0,0,0,3539,236,466,10,1,0,0,1
haudau123,2018-07-23,0,0,0,85,125,11,60,1,1,0,1
kosaqsi_tweets,2011-10-12,Universe,1,0,112382,872,4727,35232,1,1,0,1
BSD_Masternode,2017-07-14,0,0,0,4483,116,372,171,1,1,0,1
CryptoPriceCall,2017-12-20,0,0,0,9172,117,2238,17,1,0,0,1
stoffelsteyn,2011-04-08,Johannesburg South Africa,1,0,8824,448,209,5200,1,1,0,1
sniperstube,2017-10-22,Daily Trade Signals üëá,1,0,5105,2,5441,2445,1,1,0,1
LitecoinRates,2013-04-25,0,0,0,45863,2390,4261,84,1,1,0,1
bitcoinmembers,2013-05-29,0,0,0,10881,2,233,0,1,1,0,1
CryptoCurrent,2012-07-03,Ethiopia,1,0,319226,961,8693,297,1,1,0,1
CryptoAlert_420,2018-01-22,0,0,0,8990,4806,3529,6100,1,0,0,1
LitecoinRates,2013-04-25,0,0,0,45864,2390,4261,84,1,1,0,1
Dani3lle96,2017-06-13,0,0,0,5407,5211,5057,920,1,1,0,1
0toMillionaire,2015-01-16,0,0,0,2501,1648,1265,2,1,0,0,1
moneyfree1969,2013-08-31,0,0,0,2019,474,424,284,1,1,0,1
MekongMonkey,2011-10-21,Cambodia,1,0,4181,1174,3526,679,1,1,0,1
kirstenhart26,2018-03-14,0,0,0,210,82,44,151,1,1,0,1
PureDealz,2017-04-09,0,0,0,3225,746,445,49,1,0,0,1
ObideyiEmmanue2,2018-01-04,0,0,0,462,407,44,296,1,1,0,1
Mschimdi1,2017-10-29,0,0,0,25,99,7,9,0,1,0,1
nghia14394468,2018-05-26,0,0,0,51,38,2,25,1,1,0,1
coinalert_live,2018-03-30,0,0,0,3540,236,466,10,1,0,0,1
whaleclubco,2014-12-13,0,0,0,49311,21,12478,473,1,0,0,1
Wrexler_518,2015-04-23,0,0,0,1317,291,1563,41,1,1,0,1
y0tYnwV4jXbyPJ1,2017-12-16,0,0,0,272,126,44,327,1,1,0,1
LalasauxG,2010-01-12,870 ,1,0,12058,1316,1358,7323,1,1,0,1
hannapanush,2018-01-03,0,0,0,8118,6842,6551,8081,1,0,0,1
uriedisney,2015-12-13,0,0,0,15528,3720,1647,84681,1,0,0,1
HHeuristics,2018-03-28,0,0,0,19934,229,48,716,1,0,0,1
dailycoinfeed,2017-05-17,0,0,0,198,58,10,4,1,1,0,1
LitecoinUKs,2017-09-12,0,0,0,60357,2839,2942,76,1,1,0,1
rainy_tae,2017-08-04,0,0,0,2331,153,105,1510,1,1,0,1
RyanSte44005908,2018-06-26,0,0,0,326,25,5,0,1,0,0,1
iafrikan,2012-03-11,,1,0,17821,4,7050,3630,1,1,0,1
thulasii_09,2016-12-18,"Chennai, India",1,0,1656,175,164,13998,1,1,0,1
geazhel17,2014-05-18,0,0,0,303,86,50,239,1,0,0,1
John_Blockium,2018-01-14,0,0,0,2259,530,311,114,1,1,0,1
marketcapbot,2018-01-21,0,0,0,4523,21,5225,255,1,0,0,1
CryptoNewswire,2016-09-02,0,0,0,94985,199,9576,0,1,1,0,1
yonico761,2018-05-11,0,0,0,787,302,86,440,1,1,0,1
EmileeCHatch,2017-05-30,0,0,0,3199,22,20,0,1,1,0,1
PlsGiveBitcoin,2018-01-28,0,0,0,8795,1,43,0,1,1,0,1
yuichi_azzam,2018-01-09,0,0,0,1396,8302,8135,1396,1,1,0,1
jeu154,2010-05-14,decentralized land,1,0,30515,80,643,10693,1,1,0,1
gldncrss,2017-12-13,0,0,0,2372,1,4587,3,1,1,0,1
AltcoinJunky,2017-11-13,0,0,0,2431,3186,968,4209,1,1,0,1
ethereum_update,2018-03-15,0,0,0,677,85,18,0,1,1,0,1
CryptoNewswire,2016-09-02,0,0,0,94986,199,9576,0,1,1,0,1
marcheseit,2015-10-07,0,0,0,171,39,2,3,0,1,0,1
faizadli_,2011-02-04,Singapore,1,0,18621,276,212,3180,1,1,0,1
tradecrypto2017,2017-01-09,0,0,0,28431,504,442,12939,1,1,0,1
MbaDickie,2017-11-06,0,0,0,85,2,297,66,1,1,0,1
coinalert_live,2018-03-30,0,0,0,3541,236,466,10,1,0,0,1
JosephLawhorn3,2018-06-05,0,0,0,3219,2,8,0,1,1,0,1
munalam0,2017-07-28,0,0,0,10465,6914,6613,8461,1,1,0,1
BlockchainAge,2015-11-22,Worldwide,1,0,16818,11234,22545,19829,1,0,0,1
OyetunjiOyepej1,2018-01-24,0,0,0,514,605,179,214,1,1,0,1
HoangXuanMinh1,2018-03-28,0,0,0,3579,2474,1013,1763,1,0,0,1
deosorg,2010-10-15,0,0,0,308,74,2214,178,1,0,0,1
masyany08170069,2018-06-09,0,0,0,3923,5900,5399,1999,1,1,0,1
dsarlsenemix,2018-06-15,0,0,0,1290,0,3,0,1,1,0,1
cryptorecorder,2018-01-15,Canada,1,0,871,238,1380,572,1,0,0,1
TopTradingTools,2011-09-04,0,0,0,121167,7753,7355,1,1,1,0,1
Carlos1138,2010-01-29,0,0,0,54075,1336,1669,59,1,0,0,1
r_Buttcoin,2014-10-03,0,0,0,26483,10,1135,66,1,0,0,1
timetraveler333,2010-09-27,0,0,0,38,10,2,4,0,1,0,1
Dharlox,2013-07-14,,1,0,267,81,31,280,1,1,0,1
pantxinetium,2018-01-28,0,0,0,417,1313,694,221,1,1,0,1
codingjobsuk,2017-12-31,0,0,0,60998,2,26,0,1,1,0,1
bitsmart_io,2017-12-28,0,0,0,15351,651,309,19,1,0,0,1
gingerlazott,2011-05-31,Caen,1,0,38536,1054,113,0,1,1,0,1
CoinAirdropsAll,2018-04-16,0,0,0,161,234,287,0,1,1,0,1
MissHon73983988,2017-12-31,0,0,0,6624,479,1200,3854,1,1,0,1
RangiloRe,2017-06-27,0,0,0,146,10,47,64,1,1,0,1
jamalediputra93,2018-01-13,0,0,0,4715,3290,1558,3139,1,1,0,1
ancarta2,2014-03-22,0,0,0,7356,681,432,12166,1,1,0,1
upgradecrypto,2017-09-07,,1,0,538,736,95,397,1,1,0,1
DemelloRoss,2018-06-04,0,0,0,1881,0,4,0,1,1,0,1
daltonisenglish,2017-12-08,0,0,0,6452,4847,3184,4406,1,1,0,1
maransa2006,2009-06-10,"Manaus, Am - Brasil",1,0,10694,197,299,28,1,1,0,1
Mama_Tandi,2011-03-18,"Nairobi,Kenya",1,0,2393,907,587,673,1,1,0,1
jessasieshsaw,2018-06-15,0,0,0,887,1,2,0,1,1,0,1
maransa2006,2009-06-10,"Manaus, Am - Brasil",1,0,10695,197,299,28,1,1,0,1
maransa2006,2009-06-10,"Manaus, Am - Brasil",1,0,10696,197,299,28,1,1,0,1
HHeuristics,2018-03-28,0,0,0,19935,229,48,716,1,0,0,1
psattihsosag,2018-06-15,0,0,0,1292,2,4,0,1,1,0,1
spd_price,2018-05-30,0,0,0,1445,2,163,0,1,1,0,1
TV_TradingIdeas,2014-04-24,0,0,0,1448393,4,14758,15,1,1,0,1
UcheharaMichea1,2017-02-24,0,0,0,14,22,1,2,0,1,0,1
HHeuristics,2018-03-28,0,0,0,19936,229,48,716,1,0,0,1
AAmalokwu,2015-12-14,0,0,0,917,901,150,389,1,1,0,1
johnsongreytwe1,2018-01-10,0,0,0,12804,33,54,0,1,1,0,1
vivianclaw,2015-09-24,0,0,0,24026,17,39,0,1,1,0,1
partyponybot,2015-10-29,0,0,0,43507,0,22,0,1,0,0,1
RicharddobbsFx,2017-06-02,0,0,0,12347,932,611,196,1,1,0,1
lambo_liza,2018-05-24,0,0,0,3136,2,79,8,1,1,0,1
gldncrss,2017-12-13,0,0,0,2373,1,4587,3,1,1,0,1
johnsongreytwe1,2018-01-10,0,0,0,12805,33,54,0,1,1,0,1
priyadarshanaI5,2016-07-04,0,0,0,8025,4948,3793,8377,1,1,0,1
akari_cos,2012-04-01,,1,0,15021,410,187,7149,1,0,0,1
ThankGodOlorun1,2018-06-23,0,0,0,203,95,6,63,0,1,0,1
liyongtao6,2018-06-16,0,0,0,307,3544,2602,266,1,1,0,1
Knuur,2010-08-17,ƒ∞stankent,1,0,12511,234,178,2813,1,0,0,1
r_topisto,2017-03-11,0,0,0,35156,3,35,0,1,1,0,1
corsassaosares,2018-06-15,0,0,0,895,0,2,0,1,1,0,1
DerekAndonian,2013-11-28,0,0,0,8146,1504,1241,79257,1,1,0,1
Ittaqitafuzi7,2017-12-26,0,0,0,7028,1937,1966,2127,1,1,0,1
trxPrice,2017-05-31,0,0,0,14775,1,339,181,1,0,0,1
arman61048480,2018-04-03,0,0,0,383,230,49,240,1,1,0,1
Michael01010300,2018-06-05,0,0,0,2939,2,10,0,1,1,0,1
robostopia,2017-10-19,0,0,0,26244,3,1477,347,1,1,0,1
HHeuristics,2018-03-28,0,0,0,19937,229,48,716,1,0,0,1
BtcPulse,2017-11-08,0,0,0,6054,3,196,4,1,0,0,1
DwayneHastings2,2018-07-24,0,0,0,19,2,9,2,0,1,0,1
Mihael_CM,2017-10-24,0,0,0,888,75,2817,2155,1,1,0,1
naimahmed730,2018-04-30,0,0,0,441,443,24,286,0,1,0,1
barry_koenig,2018-06-04,0,0,0,3243,1,9,0,1,1,0,1
Planets_Jupiter,2010-06-12,"ƒ∞zmir, T√ºrkiye",1,0,31421,8587,9251,45269,1,0,0,1
tenaciouscorpse,2017-12-25,0,0,0,2390,89,81,2448,1,1,0,1
dogecointicker,2014-04-09,0,0,0,87994,29,356,0,1,1,0,1
freebtcclub,2017-12-21,0,0,0,8291,7870,7179,4859,1,0,0,1
maransa2006,2009-06-10,"Manaus, Am - Brasil",1,0,10697,197,299,28,1,1,0,1
maransa2006,2009-06-10,"Manaus, Am - Brasil",1,0,10697,197,299,28,1,1,0,1
Mabbas2416,2018-03-31,0,0,0,942,6,9,873,0,1,0,1
AimeeBe52553561,2018-06-05,0,0,0,3234,2,15,0,1,1,0,1
btcexplosion,2018-04-05,0,0,0,4761,47,2,0,1,1,0,1
myrnsatricsahe,2018-06-15,0,0,0,907,1,1,0,1,1,0,1
jpy,2008-03-17,0,0,0,167642,1,16262,948,1,1,0,1
Spaulding_plush,2009-07-16,Jamaica,1,0,88573,881,1885,96,1,1,0,1
mujahed0909,2015-11-24,0,0,0,53959,254,578,893,1,1,0,1
LetsEarnBTC,2017-08-10,0,0,0,8967,150,153,231,1,1,0,1
99cryptosignals,2016-03-12,0,0,0,156,636,181,2344,1,1,0,1
muhhabbatein,2018-05-20,0,0,0,87,166,11,43,0,1,0,1
crypto_grower,2017-11-23,0,0,0,7540,56,1458,16,1,0,0,1
VectrumMedia,2015-06-08,0,0,0,21827,22,63,1,1,0,0,1
SimpsonFlatts,2017-07-01,0,0,0,6512,4637,3280,4494,1,1,0,1
NewsCrypto24,2018-03-07,0,0,0,3782,172,43,4,1,0,0,1
harrison_barron,2011-01-20,Nashville ,1,0,34385,1648,5741,69759,1,1,0,1
phamlinhson,2017-01-06,0,0,0,4462,4825,1122,3491,1,1,0,1
Azippy111356,2016-04-06,0,0,0,1172,1279,152,531,0,1,0,1
kcfeaynx8256,2011-05-28,0,0,0,4443,2310,1688,380,1,0,0,1
codingjobsuk,2017-12-31,0,0,0,60999,2,26,0,1,1,0,1
crypto_roni,2018-06-21,0,0,0,368,1067,1072,597,1,1,0,1
lan_fin,2009-03-03,0,0,0,1763,151,117,3099,1,1,0,1
Jakaria__,2013-07-24,"Khulna, Bangladesh",1,0,18744,2394,17516,3952,1,1,0,1
ruby_redsky,2012-04-01,0,0,0,901540,4935,20397,3178,1,1,0,1
VectrumMedia,2015-06-08,0,0,0,21828,22,63,1,1,0,0,1
crypt0goddess,2007-10-07,0,0,0,6690,714,2057,11627,1,0,0,1
thomas_lub,2017-03-27,0,0,0,7110,2087,1747,7822,1,0,0,1
worldofico,2018-04-23,0,0,0,981,2840,2981,636,1,0,0,1
Xmio8,2018-07-24,0,0,0,40,16,1,24,1,1,0,1
CryptoL0ver,2017-03-14,0,0,0,218,88,34,1000,1,1,0,1
P4RKJ1SUNGS,2018-04-29,0,0,0,3344,96,205,4996,1,0,0,1
_chav_,2011-01-07,0,0,0,64,119,5,28,1,1,0,1
maransa2006,2009-06-10,"Manaus, Am - Brasil",1,0,10700,197,299,28,1,1,0,1
HYIPPEPE1,2016-09-26,0,0,0,26283,1,109,0,1,1,0,1
Magical_Leaff,2017-07-23,0,0,0,853,9839,8873,47573,1,1,0,1
jenevansmoz,2015-02-10,Harare,1,0,260,333,203,21,1,0,0,1
FrancescoCiull4,2013-08-27,0,0,0,2492,3677,575,3519,1,0,0,1
mcchaz_,2012-05-20,0,0,0,51425,24,205,16060,1,1,0,1
thulasii_09,2016-12-18,"Chennai, India",1,0,1657,175,164,13999,1,1,0,1
mlmsudeep,2017-10-29,0,0,0,3175,1639,216,1211,1,1,0,1
litecoin_price_,2017-08-01,0,0,0,8615,515,557,175,1,0,0,1
maransa2006,2009-06-10,"Manaus, Am - Brasil",1,0,10701,197,299,28,1,1,0,1
KeySpringfield,2017-01-24,0,0,0,1279,447,297,408,1,0,0,1
reckonerAU,2013-05-27,0,0,0,2337,411,958,115,1,0,0,1
gowtham939here,2013-05-11,0,0,0,4261,457,171,3928,1,1,0,1
Aussie_Bitcoin,2009-07-02,Australia,1,0,1214,2403,1985,376,1,1,0,1
TheBTCPlanet,2017-10-04,0,0,0,1640,156,171,8,1,1,0,1
daniell59380126,2018-07-22,0,0,0,26,44,13,2,1,0,0,1
dentcoin,2017-06-06,0,0,0,404,3572,39105,2605,1,1,0,1
Coinnews11,2018-07-16,0,0,0,78,1342,485,931,1,1,0,1
Spaulding_plush,2009-07-16,Jamaica,1,0,88576,881,1885,96,1,1,0,1
bitcoinbeeotch,2017-09-09,0,0,0,5580,3249,2474,3832,1,0,0,1
BCashManager,2017-08-27,0,0,0,6055,14,135,27,1,1,0,1
dogegoestomall,2014-01-15,0,0,0,9642,57,300,1115,1,0,0,1
Bitcoinuc,2017-12-30,0,0,0,1982,883,268,581,1,1,0,1
ullbuy,2018-01-09,0,0,0,5238,3123,2877,3544,1,1,0,1
OzRosyzO,2017-04-12,0,0,0,524,438,24,149,1,1,0,1
CoinWatcherBot,2017-07-09,0,0,0,27362,0,10412,790,1,0,0,1
MauiCPA,2009-03-26,"Maui, Hawaii, USA",1,0,1358,182,210,290,1,1,0,1
Sycamore1989,2018-02-27,0,0,0,4942,11033,11257,4425,1,1,0,1
Kesavan18690372,2018-03-23,0,0,0,1654,104,14,2205,1,1,0,1
LitecoinUKs,2017-09-12,0,0,0,60358,2839,2942,76,1,1,0,1
VivekYuvan,2011-05-21,0,0,0,15355,1065,1182,4066,1,1,0,1
supnah,2007-04-04,"Portland, OR",1,0,5237,482,1372,2101,1,1,0,1
Ripple_update,2018-03-20,0,0,0,546,68,21,3,1,1,0,1
konstan17656759,2016-04-26,0,0,0,2972,0,10,964,1,1,0,1
PD_MobileApps,2018-03-14,0,0,0,6028,5285,4789,3149,1,0,0,1
bch_price,2017-08-01,0,0,0,8545,102,3251,3,1,0,0,1
CryptoUpdates8,2018-06-22,0,0,0,1315,21,24,0,1,1,0,1
codingjobsuk,2017-12-31,0,0,0,61000,2,26,0,1,1,0,1
bernieceprzybi9,2018-07-27,0,0,0,10,0,0,0,1,1,0,1
ArbingTool,2018-03-14,0,0,0,13094,351,458,9,1,0,0,1
ArbingTool,2018-03-14,0,0,0,13095,351,458,9,1,0,0,1
dammkewl,2017-04-24,0,0,0,6221,1526,682,30149,1,1,0,1
ArbingTool,2018-03-14,0,0,0,13096,351,458,9,1,0,0,1
shirohatasan,2017-07-22,0,0,0,53,32,15,181,1,0,0,1
ArbingTool,2018-03-14,0,0,0,13097,351,458,9,1,0,0,1
ArbingTool,2018-03-14,0,0,0,13098,351,458,9,1,0,0,1
DASHTicker,2018-01-18,0,0,0,8557,6,93,0,1,1,0,1
ArbingTool,2018-03-14,0,0,0,13099,351,458,9,1,0,0,1
Jayy_crypto,2010-12-21,0,0,0,177084,4396,650,2,1,1,0,1
Alexey_Kakur,2018-03-18,0,0,0,466,2321,2342,315,1,1,0,1
FeesBitcoin,2017-11-16,0,0,0,5780,10,96,1,1,1,0,1
HackermanAce,2010-05-24,gT1BjI -Bitmex -10% fees code ,1,0,13667,891,2660,11788,1,0,0,1
cryptonoIoog,2017-10-15,0,0,0,2244,1145,249,1868,1,1,0,1
vovik152,2012-05-18,0,0,0,8625,10915,10740,8300,1,1,0,1
NEMTicker,2018-02-01,0,0,0,8557,6,103,0,1,1,0,1
EOSTicker,2018-02-01,0,0,0,8548,5,142,0,1,1,0,1
ADATicker,2018-02-01,0,0,0,8553,6,241,0,1,0,0,1
EINMiningNews,2010-07-14,0,0,0,33078,1838,5622,0,1,1,0,1
Bitcoinuc,2017-12-30,0,0,0,1984,883,268,582,1,1,0,1
Anton9012,2011-08-20,0,0,0,40,62,2,31,1,1,0,1
SUBTicker,2018-01-17,0,0,0,9251,13,198,1,1,0,0,1
Amansur2017,2017-10-29,0,0,0,314,473,59,52,1,1,0,1
yolandastice,2016-03-09,0,0,0,5918,4475,3262,4101,1,0,0,1
kalmanov1989,2018-03-25,0,0,0,1488,4931,4069,1079,1,1,0,1
cryptocurq,2017-10-09,0,0,0,1061,360,350,10410,1,1,0,1
kishorsujit,2013-09-04,,1,0,243,208,25,573,1,1,0,1
EzraMontgomery,2018-07-24,0,0,0,17,2,9,2,0,1,0,1
LitecoinUKs,2017-09-12,0,0,0,60359,2839,2942,76,1,1,0,1
XRPlawyer,2018-05-22,0,0,0,407,350,133,221,0,1,0,1
altcointoday,2014-01-30,0,0,0,19858,21498,85584,1437,1,1,0,1
bitxapp,2017-10-24,0,0,0,26,11,213,0,1,0,0,1
jacalyn67626837,2018-07-27,0,0,0,25,0,0,0,0,1,0,1
Chasing_Coins,2017-12-10,0,0,0,92,3,47,2,1,0,0,1
ACalamel,2014-06-04,0,0,0,3498,38,15,61,1,0,0,1
Denis72266527,2016-05-02,0,0,0,607,199,106,432,1,1,0,1
PalleBrandt,2016-09-19,0,0,0,1695,275,379,3552,1,0,0,1
arman61048480,2018-04-03,0,0,0,384,230,49,241,1,1,0,1
Winryh,2018-01-12,0,0,0,243,201,30,59,0,1,0,1
AltcoinEditor,2014-07-09,0,0,0,12473,49,608,26,1,1,0,1
chukwu_thompson,2012-08-29,0,0,0,96,313,60,69,1,1,0,1
TrackThatCrypto,2018-03-24,0,0,0,3079,108,97,9,1,0,0,1
bitcoinavg,2017-12-16,0,0,0,5415,9,108,0,1,1,0,1
AltCoinJess,2014-07-21,0,0,0,16513,355,2160,2271,1,0,0,1
MbaDickie,2017-11-06,0,0,0,87,2,297,67,1,1,0,1
lov_korni,2017-08-13,0,0,0,7438,9945,9488,7052,1,0,0,1
ExitBot_STOCH,2017-12-05,0,0,0,20711,0,999,0,1,0,0,1
EnsBot,2017-05-02,0,0,0,143291,0,816,7,1,1,0,1
XRPlawyer,2018-05-22,0,0,0,409,350,133,221,0,1,0,1
EnsBot,2017-05-02,0,0,0,143292,0,816,7,1,1,0,1
TarantulaFX,2013-07-22,0,0,0,15891,622,10679,4817,1,1,0,1
bellathrown12,2018-07-18,0,0,0,180,486,11,96,0,1,0,1
Mim00555,2017-10-21,0,0,0,4055,6317,5824,4408,1,1,0,1
EnsBot,2017-05-02,0,0,0,143293,0,816,7,1,1,0,1
ichimikichiki,2018-05-19,0,0,0,357,276,75,616,1,0,0,1
JDumloan,2018-05-17,0,0,0,1078,5000,2561,915,1,0,0,1
bitcoinfox1,2017-10-05,0,0,0,6362,104,310,20,1,0,0,1
codingjobsuk,2017-12-31,0,0,0,61001,2,26,0,1,1,0,1
bitcoinfox1,2017-10-05,0,0,0,6364,104,310,20,1,0,0,1
icosbull_com,2018-04-09,0,0,0,660,41,35,2,1,1,0,1
Gabriele_mfx,2017-01-04,0,0,0,16206,4899,1485,0,1,1,0,1
cody3318,2014-10-24,0,0,0,766,1795,533,1805,1,1,0,1
Noble_Trader1,2014-05-20,0,0,0,7782,1697,1252,5277,1,1,0,1
topratedfxbrok1,2018-01-23,0,0,0,2251,148,93,70,1,1,0,1
crpytpublica,2017-10-19,0,0,0,5668,11,1665,414,1,0,0,1
CapshawCap,2017-11-23,0,0,0,27823,2012,216,219,1,1,0,1
SmartCrypto,2017-03-22,0,0,0,1212,189,104,588,1,1,0,1
maransa2006,2009-06-10,"Manaus, Am - Brasil",1,0,10703,197,299,28,1,1,0,1
SardarBasitAnw1,2017-11-01,0,0,0,869,753,62,808,0,1,0,1
GeorgeMentz,2011-08-13,0,0,0,105124,676,193126,1322,1,0,0,1
StackBitcoin,2011-09-01,0,0,0,7138,0,1887,0,1,1,0,1
big_bankir,2017-10-19,0,0,0,7739,11,1480,410,1,0,0,1
scry_monsters,2010-06-22,0,0,0,20975,369,292,19444,1,1,0,1
bruttwit,2018-01-23,0,0,0,74,7,3,118,0,1,0,1
Shinta74751238,2018-02-28,0,0,0,11091,4644,3739,9226,1,1,0,1
ElecAsiaBot,2018-03-11,0,0,0,3380,2,36,1,1,1,0,1
Rob_Harris_IoT,2018-03-14,0,0,0,6297,6024,5474,7522,1,0,0,1
xrpwatch,2018-04-19,0,0,0,826,32,139,9,1,0,0,1
blockchainflux,2016-01-07,0,0,0,200750,6679,18438,1,1,0,0,1
jeu154,2010-05-14,decentralized land,1,0,30518,80,643,10696,1,1,0,1
NathanS45511426,2018-01-22,0,0,0,2372,1303,572,1497,1,1,0,1
khalilmaricar,2011-01-01,Singapore,1,0,10835,309,299,2718,1,1,0,1
LorenzoOrtega10,2012-11-11,0,0,0,234,117,43,143,0,1,0,1
Madhe1505,2018-07-01,0,0,0,25,22,2,7,1,1,0,1
weedmanhippy,2009-09-16,"Miami Beach, United States",1,0,17838,1415,1071,8596,1,1,0,1
Angelkim85,2017-12-01,0,0,0,8886,10626,10142,6400,1,1,0,1
Bitcoinuc,2017-12-30,0,0,0,1986,883,268,583,1,1,0,1
antoni_cetinic,2018-01-19,0,0,0,162,12,6,163,1,1,0,1
ErikaAbrahamss2,2016-10-27,"Everywhere, USA",1,0,77244,5501,5418,55256,1,1,0,1
cryptocoinradar,2014-08-10,0,0,0,18353,3272,16943,125,1,1,0,1
DutchCoinNewbie,2018-02-03,0,0,0,2110,487,244,1034,1,1,0,1
Drezende3,2018-06-27,0,0,0,1,9,1,0,0,1,0,1
1crypto_,2018-01-25,0,0,0,11151,137,106,38,1,0,0,1
Eurohopes,2009-06-27,Europe,1,0,29211,101,15652,386,1,1,0,1
ICryptoDesk,2018-05-10,0,0,0,2330,82,70,0,1,0,0,1
SelvarajL7,2017-11-27,0,0,0,2915,782,138,7137,1,1,0,1
Prisma_intel,2018-05-17,0,0,0,965,335,445,292,1,0,0,1
thulasii_09,2016-12-18,"Chennai, India",1,0,1659,175,164,14002,1,1,0,1
bitcoin_notes,2017-12-24,0,0,0,9482,7,33,0,1,1,0,1
carolee09111284,2018-07-31,0,0,0,1,0,0,0,1,1,0,1
maransa2006,2009-06-10,"Manaus, Am - Brasil",1,0,10704,197,299,28,1,1,0,1
ohioboi4lyfe,2013-01-15,0,0,0,20,68,28,17,1,1,0,1
WisdomhouseINC,2010-11-10,Africa continent,1,0,17682,1858,1622,288,1,1,0,1
_WhyzGuy_,2016-11-09,0,0,0,41947,2980,996,18039,1,0,0,1
thulasii_09,2016-12-18,"Chennai, India",1,0,1659,175,164,14002,1,1,0,1
micae17,2009-07-17,0,0,0,3222,193,18,1742,1,1,0,1
CryptoAlert_420,2018-01-22,0,0,0,8991,4806,3529,6101,1,0,0,1
DaanKleiman,2014-02-19,"Amsterdam, Nederland",1,0,2486,209,316,1739,1,1,0,1
argyle_th,2016-10-21,0,0,0,2517,18,14,1,1,1,0,1
vyshakmv,2009-08-31,Singapore,1,0,17427,516,287,12829,1,0,0,1
AAmalokwu,2015-12-14,0,0,0,919,901,150,390,1,1,0,1
1crypto_,2018-01-25,0,0,0,11152,137,106,38,1,0,0,1
bitcoinvaluebot,2017-12-08,0,0,0,5473,3,293,22,1,0,0,1
shutenko199271,2017-12-03,0,0,0,15,1781,954,14,1,1,0,1
lover_drop,2018-02-08,0,0,0,3856,1191,986,0,1,1,0,1
maransa2006,2009-06-10,"Manaus, Am - Brasil",1,0,10706,197,299,28,1,1,0,1
vandigital,2009-02-04,0,0,0,10984,1381,3136,3271,1,1,0,1
TraderWisdom1,2017-11-09,0,0,0,10,0,3013,2,1,0,0,1
analyst5_bot,2017-08-19,0,0,0,18317,193,6026,133,1,1,0,1
chrisd0302,2011-05-02,Leeds,1,0,3916,2498,330,254,1,1,0,1
Goran25566783,2017-12-30,0,0,0,1230,58,49,1205,1,1,0,1
joanathurman,2018-06-06,0,0,0,1830,1366,61,1112,1,1,0,1
XRPlawyer,2018-05-22,0,0,0,412,350,133,222,0,1,0,1
RandolphMlny,2017-01-08,0xbE6cb25854073B6f2efcCE48A74E110Ae5ac87f1,1,0,987,419,645,63,1,1,0,1
ChaseLamb52,2018-06-02,0,0,0,1792,4732,3370,958,1,1,0,1
CecilDon,2008-08-15,"Escondido, CA",1,0,13602,7919,8373,386,1,1,0,1
NGoetham,2013-12-15,"Johannesburg, South Africa",1,0,11136,1223,751,10697,1,1,0,1
spartaaa_,2011-09-09,In your fridge ,1,0,74233,1503,568,4484,1,1,0,1
Jonesy314,2011-03-28,0,0,0,258,57,28,229,1,1,0,1
sectest9,2016-03-16,0,0,0,1017246,1,19553,7,1,1,0,1
hieuquaseo27,2010-10-22,0,0,0,779,2380,2995,248,1,1,0,1
crypto_disrupt,2018-02-01,0,0,0,1514,218,7247,184,1,1,0,1
Matt_Ros,2009-10-11,0,0,0,239838,2337,2403,46498,1,1,0,1
burixx1,2018-07-14,0,0,0,82,66,35,127,1,1,0,1
XRPlawyer,2018-05-22,0,0,0,413,350,133,223,0,1,0,1
JuLionQueen,2011-05-16,Space ,1,0,47097,226,277,1516,1,1,0,1
bitcoin_notes,2017-12-24,0,0,0,9483,7,33,0,1,1,0,1
huy34453034,2018-07-10,0,0,0,28,13,0,12,1,1,0,1
AAmalokwu,2015-12-14,0,0,0,920,901,150,390,1,1,0,1
Azippy111356,2016-04-06,0,0,0,1173,1280,152,531,0,1,0,1
sectest9,2016-03-16,0,0,0,1017248,1,19553,7,1,1,0,1
Shan0Shan1,2016-11-03,0,0,0,1673,342,211,711,1,1,0,1
WorkInRobotics,2017-11-07,0,0,0,57079,186,58,48,1,1,0,1
1crypto_,2018-01-25,0,0,0,11153,137,106,38,1,0,0,1
kalugina_k_i,2018-04-10,0,0,0,1761,2555,2329,1444,1,1,0,1
Dinom53692043,2018-05-15,0,0,0,2314,3198,3142,1921,1,1,0,1
XRPlawyer,2018-05-22,0,0,0,414,350,133,224,0,1,0,1
Bitcoinuc,2017-12-30,0,0,0,1988,883,268,584,1,1,0,1
williamnash15,2013-05-16,0,0,0,330,1180,78,170,0,1,0,1
shakibm719,2018-05-06,0,0,0,960,523,54,711,1,1,0,1
JamesDa17956953,2018-06-05,0,0,0,3231,5,7,0,1,1,0,1
alannnbs_,2018-06-05,0,0,0,123,2,19,114,1,1,0,1
joletartare,2017-12-11,0,0,0,3991,11169,10232,43996,1,1,0,1
XRPlawyer,2018-05-22,0,0,0,415,350,133,224,0,1,0,1
Cryptominers_,2017-09-15,0,0,0,2376,97,67,14,1,1,0,1
yyshiee,2014-12-24,0,0,0,12061,351,127,30970,1,1,0,1
RobertP54721747,2018-06-04,0,0,0,2946,1,13,0,1,1,0,1
Nohrianhunter,2017-06-30,0,0,0,10106,456,153,42774,1,0,0,1
HoodieNinjaGuy,2016-10-11,0,0,0,412,141,13,1021,1,1,0,1
CryptoIndics,2017-11-11,0,0,0,2760,0,414,1,1,0,0,1
lambo_liza,2018-05-24,0,0,0,3137,2,79,8,1,1,0,1
DonSpen01,2017-12-31,0,0,0,2038,4228,2338,1100,1,1,0,1
XRPlawyer,2018-05-22,0,0,0,416,350,133,225,0,1,0,1
1crypto_,2018-01-25,0,0,0,11154,137,106,38,1,0,0,1
Amiel16926079,2018-04-27,0,0,0,6774,96,25,5,1,1,0,1
kellibrsaown,2018-06-15,0,0,0,891,1,3,0,1,1,0,1
CoinsAirdrops,2018-02-24,0,0,0,563,539,480,37,1,1,0,1
DeepRootsZA,2012-10-07,"Pretoria , South Africa",1,0,4126,2626,1232,3568,1,0,0,1
NRLFanPolls,2010-12-19,Australia,1,0,11827,454,1404,1633,1,1,0,1
littlephz,2010-02-04,0,0,0,868,2023,834,2617,1,1,0,1
DenisochkaJ,2017-12-01,0,0,0,39,323,3,46,0,1,0,1
CryptoGOnews,2015-01-07,0,0,0,10384,105,322,0,1,1,0,1
LewisTa29207956,2018-06-05,0,0,0,3213,1,6,0,1,1,0,1
zcash_price,2016-12-07,0,0,0,7948,0,512,0,1,1,0,1
_bitcoin_papa_,2018-03-05,0,0,0,5473,33,1696,815,1,0,0,1
sashleysarobsb1,2018-06-15,0,0,0,1293,0,5,0,1,1,0,1
alannnbs_,2018-06-05,0,0,0,125,2,19,114,1,1,0,1
WorkInRobotics,2017-11-07,0,0,0,57080,186,58,48,1,1,0,1
coindl_net,2018-07-24,0,0,0,90,5,2,0,1,1,0,1
1crypto_,2018-01-25,0,0,0,11155,137,106,38,1,0,0,1
momfoundme,2012-03-07,Not Somaliland,1,0,60885,879,2052,13120,1,1,0,1
Yasinmolla1459,2018-03-22,0,0,0,1468,4965,4456,1268,1,1,0,1
THANZALTHASLU,2014-09-20,0,0,0,54,31,2,26,1,1,0,1
XRPlawyer,2018-05-22,0,0,0,417,350,133,225,0,1,0,1
vovik152,2012-05-18,0,0,0,8632,10915,10740,8307,1,1,0,1
TamaraD80205675,2018-06-05,0,0,0,1857,2,4,0,1,1,0,1
BrendaJ82478213,2018-06-05,0,0,0,1877,2,2,0,1,1,0,1
rusathlsarry,2018-06-15,0,0,0,893,1,3,0,1,1,0,1
salman_1567,2018-01-29,0,0,0,264,289,27,140,1,1,0,1
Bitcoinuc,2017-12-30,0,0,0,1990,883,268,585,1,1,0,1
AirDropExpert,2018-02-02,0,0,0,1054,600,1351,120,1,1,0,1
Best_Exchanges,2018-02-21,0,0,0,7680,5004,3410,69,1,1,0,1
NyxLandUnlife,2018-04-18,0,0,0,8393,228,1234,11240,1,0,0,1
SardarBasitAnw1,2017-11-01,0,0,0,870,753,62,809,0,1,0,1
redwhite037,2014-10-24,0,0,0,45290,18216,18839,55208,1,1,0,1
normsasalsdrid1,2018-06-15,0,0,0,1785,0,8,0,1,1,0,1
MReinalyn,2014-01-01,0,0,0,662,628,207,430,1,1,0,1
Chenka15,2018-03-10,0,0,0,148,298,81,16,1,1,0,1
Michael48605612,2018-06-05,0,0,0,1940,3,9,0,1,1,0,1
cryptozaur,2018-06-03,0,0,0,6921,0,152,0,1,1,0,1
ThankGodOlorun1,2018-06-23,0,0,0,205,95,6,63,0,1,0,1
sanjeevnanda1,2012-04-15,0,0,0,1047,1098,381,551,1,1,0,1
frdealsonline,2012-04-08,0,0,0,357509,1300,520,114,1,1,0,1
doctor_alfredo,2011-03-29,"Long Beach, California",1,0,69959,954,682,22464,1,1,0,1
LitecoinUKs,2017-09-12,0,0,0,60360,2839,2942,76,1,1,0,1
AltcoinFreedom,2018-01-26,0,0,0,21,1,31,0,1,1,0,1
aileenm64801646,2018-07-31,0,0,0,1,0,0,0,1,1,0,1
Dadarr0,2012-06-04,0,0,0,4467,2126,22523,1129,1,1,0,1
vovik152,2012-05-18,0,0,0,8633,10915,10740,8308,1,1,0,1
DomainBookers,2013-09-30,0,0,0,59879,3,396,1908,1,1,0,1
growing101QC,2017-07-10,0,0,0,921,616,156,76,1,0,0,1
eclectorium,2016-08-07,0,0,0,76244,1550,5053,81,1,0,0,1
Shan0Shan1,2016-11-03,0,0,0,1674,342,211,712,1,1,0,1
ICC_Division,2016-05-25,0,0,0,23,18,6,45,1,1,0,1
btc_current,2018-01-14,0,0,0,52215,233,399,629,1,0,0,1
RachelDav_pro,2016-09-26,0,0,0,21765,24081,23206,11943,1,0,0,1
BlindNotDeaf08,2018-04-14,0,0,0,26,6,1,10,0,1,0,1
Quarterback250,2010-12-12,0,0,0,1270,2314,4174,522,1,1,0,1
vovik152,2012-05-18,0,0,0,8634,10915,10740,8309,1,1,0,1
CesareCorso,2011-11-05,0,0,0,73361,1856,13532,49624,1,0,0,1
cryptospaceclub,2015-06-25,0,0,0,2200,598,3528,1168,1,1,0,1
wakabalaplante,2018-02-15,0,0,0,5502,885,233,10499,1,1,0,1
maransa2006,2009-06-10,"Manaus, Am - Brasil",1,0,10709,197,299,28,1,1,0,1
DiegoMaradonn14,2018-01-02,0,0,0,1780,160,154,2299,1,1,0,1
CoinAirdropsAll,2018-04-16,0,0,0,161,234,287,0,1,1,0,1
XRPlawyer,2018-05-22,0,0,0,420,350,133,227,0,1,0,1
CryptoZeeN,2013-06-15,0,0,0,11697,19704,25800,9831,1,1,0,1
PrecioBTC,2015-01-26,0,0,0,52296,18974,18639,30,1,1,0,1
showmethe_btc,2016-12-03,0,0,0,38989,5323,5245,40118,1,0,0,1
1badchargerS,2018-03-09,0,0,0,455,45,30,2884,1,1,0,1
damien_paw,2017-07-03,0,0,0,4719,308,108,5753,0,1,0,1
paulus50,2009-07-05,0,0,0,1126,246,605,5861,1,0,0,1
measdof,2018-06-07,0,0,0,1,40,0,21,1,0,0,1
janck81301439,2018-05-31,0,0,0,743,1448,18,450,0,1,0,1
Fixdevirus,2011-10-27,0,0,0,33,106,28,18,1,1,0,1
intheAyer84,2018-01-09,0,0,0,8816,0,28,0,1,1,0,1
maksim_kabanov,2016-01-15,0,0,0,5701,10858,11517,5047,1,0,0,1
famywufofun,2015-05-10,0,0,0,264,987,695,143,1,0,0,1
WorkInRobotics,2017-11-07,0,0,0,57082,186,58,48,1,1,0,1
tradecrypto2017,2017-01-09,0,0,0,28433,504,442,12939,1,1,0,1
CryptoEarnCoin,2018-05-16,0,0,0,146,836,243,22,1,1,0,1
TANYAALZOKZNI,2016-03-30,0,0,0,1909,5775,5507,1098,1,0,0,1
Bitcoinuc,2017-12-30,0,0,0,1992,883,268,586,1,1,0,1
AirdropFaucet,2014-03-07,0,0,0,2567,44,4703,116,1,1,0,1
Lolitacabrera17,2018-04-02,0,0,0,1698,772,336,1261,1,1,0,1
TradeAltcoins,2017-01-12,0,0,0,33920,1710,2541,29690,1,0,0,1
guillianne1016,2018-02-07,"General Mariano Alvarez, Calab",1,0,1418,5001,1358,1114,1,1,0,1
vovik152,2012-05-18,0,0,0,8635,10915,10740,8310,1,1,0,1
lecallennec,2015-01-21,0,0,0,2211,4261,1628,12867,1,0,0,1
