Date,"bitcoin","litecoin","ethereum","dashpay","dogecoin","stellar","ripple","monero"
2015-07-01,12957,276,254,82,1051,21,294,51
2015-07-02,9802,238,222,73,603,28,315,26
2015-07-03,8307,229,245,71,540,25,223,37
2015-07-04,8947,201,275,60,505,15,134,21
2015-07-05,8692,245,207,80,614,11,176,63
2015-07-06,10263,402,268,79,702,40,304,41
2015-07-07,11220,344,286,71,649,31,323,53
2015-07-08,11147,401,276,75,641,47,391,27
2015-07-09,9613,492,247,90,612,18,306,28
2015-07-10,8269,430,191,107,607,29,288,25
2015-07-11,6960,280,176,97,513,15,186,29
2015-07-12,7266,362,184,105,651,43,204,33
2015-07-13,8912,327,305,110,618,22,299,35
2015-07-14,7770,292,344,104,545,22,371,48
2015-07-15,7408,236,289,123,538,24,300,53
2015-07-16,7666,238,233,117,549,25,271,34
2015-07-17,7071,250,220,111,721,26,258,29
2015-07-18,6207,192,196,69,502,16,168,27
2015-07-19,9122,186,189,78,562,18,150,35
2015-07-20,8820,233,212,89,600,18,233,49
2015-07-21,8484,245,303,92,591,28,268,38
2015-07-22,8727,220,460,90,615,21,290,40
2015-07-23,9252,248,400,77,642,20,249,41
2015-07-24,7723,323,294,77,525,22,200,32
2015-07-25,7085,250,243,71,435,20,180,22
2015-07-26,8297,233,282,80,555,19,172,63
2015-07-27,9446,229,616,98,559,30,238,57
2015-07-28,9259,248,620,103,481,31,278,52
2015-07-29,8886,636,518,80,524,38,302,27
2015-07-30,8411,438,1158,80,574,33,280,50
2015-07-31,7078,220,1326,82,458,22,216,49
2015-08-01,19155,218,911,86,461,65,219,32
2015-08-02,13380,199,886,64,492,46,201,33
2015-08-03,10226,195,925,76,468,42,242,42
2015-08-04,8776,219,829,112,524,27,272,54
2015-08-05,8297,211,841,71,519,36,260,44
2015-08-06,7852,223,914,80,498,30,215,47
2015-08-07,7736,207,925,62,526,23,174,58
2015-08-08,6784,166,793,75,402,20,141,54
2015-08-09,6776,188,720,67,445,16,180,31
2015-08-10,7722,226,713,75,503,24,280,29
2015-08-11,7975,219,686,63,504,25,277,29
2015-08-12,8033,212,918,88,529,13,272,49
2015-08-13,9529,181,1071,63,519,17,278,34
2015-08-14,7164,212,1054,73,503,20,231,32
2015-08-15,6294,152,610,81,414,25,138,36
2015-08-16,6528,190,600,68,443,30,171,42
2015-08-17,7516,206,651,104,526,24,281,34
2015-08-18,11266,214,642,92,550,26,333,49
2015-08-19,11741,291,642,79,584,33,315,41
2015-08-20,10337,248,678,89,570,42,274,47
2015-08-21,9526,209,540,83,484,18,235,44
2015-08-22,7411,173,379,107,616,19,154,30
2015-08-23,8932,204,414,89,545,17,166,57
2015-08-24,11436,226,529,99,654,22,245,43
2015-08-25,9503,264,608,107,654,22,261,52
2015-08-26,10627,202,572,95,633,29,276,43
2015-08-27,8331,231,519,99,550,29,234,80
2015-08-28,7371,189,433,82,556,21,218,39
2015-08-29,8043,193,375,84,480,15,161,58
2015-08-30,9233,174,351,92,512,16,147,38
2015-08-31,8710,199,532,89,500,23,250,55
2015-09-01,9295,221,500,98,624,31,285,67
2015-09-02,8402,183,480,88,541,32,245,45
2015-09-03,7967,185,544,87,581,15,251,51
2015-09-04,6925,150,455,74,496,25,203,55
2015-09-05,5814,186,340,78,427,24,144,79
2015-09-06,6183,195,421,83,423,18,153,65
2015-09-07,7366,213,549,75,486,11,237,52
2015-09-08,8373,212,528,103,527,12,280,47
2015-09-09,7966,193,625,82,498,31,254,60
2015-09-10,8087,166,509,78,497,15,265,49
2015-09-11,7807,182,411,86,530,25,223,49
2015-09-12,6732,183,411,84,407,23,152,30
2015-09-13,6759,186,454,144,495,28,188,49
2015-09-14,9968,232,510,120,534,49,231,96
2015-09-15,8844,188,777,112,554,23,329,73
2015-09-16,8529,211,1082,129,612,31,370,84
2015-09-17,8761,208,855,84,606,23,258,70
2015-09-18,9291,189,838,141,532,23,254,64
2015-09-19,7344,159,712,79,548,14,159,37
2015-09-20,7185,183,923,64,515,15,169,49
2015-09-21,8482,233,1012,101,565,33,270,63
2015-09-22,9391,202,916,135,591,21,286,74
2015-09-23,40016,178,930,97,570,15,239,44
2015-09-24,7567,201,881,94,515,31,221,42
2015-09-25,9114,195,717,97,516,22,239,55
2015-09-26,5945,156,559,126,514,18,121,41
2015-09-27,6308,186,573,216,513,14,113,41
2015-09-28,7258,197,705,148,618,22,242,60
2015-09-29,7439,214,734,127,531,21,272,123
2015-09-30,7521,219,783,91,574,19,276,78
2015-10-01,6915,196,609,116,535,25,257,114
2015-10-02,6633,186,624,88,539,22,207,88
2015-10-03,5799,167,528,90,479,20,151,60
2015-10-04,6556,171,507,72,499,14,156,130
2015-10-05,7937,234,597,112,535,16,259,333
2015-10-06,10580,201,679,84,598,22,300,98
2015-10-07,9002,226,663,101,550,25,304,58
2015-10-08,7988,203,595,89,506,18,282,53
2015-10-09,6977,193,571,90,468,21,244,71
2015-10-10,5760,143,456,146,449,19,172,109
2015-10-11,6282,170,447,86,472,25,166,57
2015-10-12,7768,209,637,215,565,31,276,70
2015-10-13,7733,221,685,118,611,18,351,65
2015-10-14,9130,221,555,77,565,26,324,53
2015-10-15,7470,206,544,74,604,23,298,56
2015-10-16,6956,196,476,76,609,25,242,34
2015-10-17,5901,137,337,66,470,17,162,44
2015-10-18,6319,153,333,101,437,14,180,42
2015-10-19,8297,196,691,88,557,20,301,62
2015-10-20,8665,203,541,82,541,25,281,55
2015-10-21,8204,204,546,95,1746,26,295,56
2015-10-22,8587,353,519,86,560,29,337,73
2015-10-23,8024,439,454,67,519,30,282,56
2015-10-24,6160,337,415,92,486,15,159,55
2015-10-25,6783,328,417,83,568,21,197,51
2015-10-26,8519,558,580,114,742,18,340,104
2015-10-27,9033,412,676,117,669,27,326,73
2015-10-28,9695,306,890,116,661,20,347,51
2015-10-29,10211,402,843,102,660,19,273,72
2015-10-30,9029,222,755,88,548,25,231,54
2015-10-31,6855,204,596,82,466,20,186,52
2015-11-01,8294,260,574,72,548,16,175,62
2015-11-02,10020,268,810,104,627,27,323,65
2015-11-03,11545,317,719,85,583,26,327,59
2015-11-04,14390,380,817,144,694,33,391,80
2015-11-05,16294,364,658,87,684,31,331,60
2015-11-06,11448,279,637,83,632,37,300,53
2015-11-07,8075,276,439,71,560,26,195,46
2015-11-08,7956,256,511,104,587,14,191,69
2015-11-09,11166,302,713,101,625,36,326,93
2015-11-10,10928,290,668,79,622,38,317,69
2015-11-11,9358,257,930,80,565,38,315,67
2015-11-12,9258,243,820,98,568,82,285,63
2015-11-13,8749,254,703,84,527,53,261,51
2015-11-14,6794,192,631,75,444,48,161,107
2015-11-15,7023,196,616,77,441,10,172,197
2015-11-16,8825,192,790,85,535,26,219,76
2015-11-17,9949,237,651,80,521,23,288,75
2015-11-18,9285,219,627,71,514,37,240,46
2015-11-19,8819,202,668,86,529,29,298,55
2015-11-20,8254,207,597,85,510,48,277,56
2015-11-21,7416,183,385,57,513,71,183,51
2015-11-22,7287,201,446,68,464,22,191,56
2015-11-23,8246,337,734,162,955,205,943,257
2015-11-24,7454,193,625,71,501,37,284,58
2015-11-25,7164,213,654,85,472,21,239,54
2015-11-26,9513,211,529,65,509,21,210,54
2015-11-27,7169,201,619,82,504,29,203,70
2015-11-28,6462,197,411,79,487,11,152,61
2015-11-29,7059,216,483,89,495,18,154,48
2015-11-30,9143,246,624,107,534,30,283,51
2015-12-01,9392,251,551,104,555,17,258,69
2015-12-02,8799,249,603,99,561,18,257,65
2015-12-03,8288,223,595,100,538,28,222,62
2015-12-04,8029,212,516,105,447,26,228,48
2015-12-05,7077,210,585,77,417,15,138,42
2015-12-06,7456,210,599,92,477,21,145,50
2015-12-07,8731,243,708,104,483,33,282,40
2015-12-08,15178,298,654,137,1007,23,380,73
2015-12-09,63357,457,804,175,936,49,438,83
2015-12-10,28831,350,712,135,726,40,375,72
2015-12-11,15030,311,623,155,582,31,280,59
2015-12-12,10109,291,546,132,515,16,209,55
2015-12-13,9965,292,580,107,565,20,181,63
2015-12-14,10789,311,684,133,580,34,337,92
2015-12-15,13363,273,642,120,549,10,333,61
2015-12-16,12503,253,653,108,566,19,286,66
2015-12-17,10082,272,698,123,548,23,265,68
2015-12-18,8657,192,674,104,505,22,236,61
2015-12-19,7633,214,450,82,418,12,142,46
2015-12-20,7718,213,453,90,417,12,165,50
2015-12-21,9199,253,587,99,468,18,240,60
2015-12-22,8303,249,519,86,458,34,239,56
2015-12-23,8266,242,518,78,435,35,201,43
2015-12-24,7148,228,385,86,436,13,209,69
2015-12-25,6632,156,333,74,373,9,136,38
2015-12-26,8664,255,385,108,421,11,182,56
2015-12-27,13392,243,463,101,487,22,156,57
2015-12-28,9782,267,534,118,697,10,223,48
2015-12-29,8690,270,446,141,509,24,202,71
2015-12-30,8638,246,398,182,473,17,216,59
2015-12-31,7240,194,435,110,474,17,137,49
2016-01-01,6245,238,333,124,396,13,142,71
2016-01-02,7707,277,434,108,529,10,155,93
2016-01-03,9635,274,516,108,476,24,156,70
2016-01-04,9914,306,691,94,547,17,284,88
2016-01-05,9817,284,663,127,570,27,274,69
2016-01-06,8812,284,797,124,562,35,313,57
2016-01-07,10472,306,864,113,664,26,298,79
2016-01-08,8982,283,669,106,548,32,271,56
2016-01-09,7506,254,498,119,571,22,224,51
2016-01-10,7441,278,669,125,498,22,203,68
2016-01-11,9126,285,846,114,590,21,311,83
2016-01-12,8556,284,756,117,564,31,334,84
2016-01-13,8535,281,816,114,595,29,302,56
2016-01-14,8500,260,731,133,522,31,282,68
2016-01-15,10379,376,952,248,707,35,271,114
2016-01-16,9734,347,835,220,608,23,206,68
2016-01-17,10163,320,688,258,507,23,266,87
2016-01-18,11240,347,933,232,540,40,349,78
2016-01-19,10285,260,903,197,573,35,354,66
2016-01-20,9594,288,930,183,577,44,360,99
2016-01-21,9741,286,1310,205,610,41,308,88
2016-01-22,8986,288,989,260,584,47,341,107
2016-01-23,6951,254,952,150,574,26,223,71
2016-01-24,7644,257,1246,152,467,20,215,104
2016-01-25,8952,267,1763,127,591,39,400,85
2016-01-26,8795,292,1685,175,631,32,339,73
2016-01-27,10330,256,1470,164,733,37,381,74
2016-01-28,10867,255,1251,110,619,36,436,65
2016-01-29,9933,243,1060,97,584,97,328,65
2016-01-30,7305,176,720,93,395,23,204,58
2016-01-31,6889,173,864,86,465,18,163,62
2016-02-01,8159,269,1094,120,548,27,363,69
2016-02-02,8575,258,988,140,644,62,295,76
2016-02-03,8334,227,1043,117,531,58,328,71
2016-02-04,8405,232,1073,110,568,23,319,68
2016-02-05,7286,226,923,92,484,44,312,64
2016-02-06,6576,194,641,103,442,23,230,79
2016-02-07,7257,219,801,111,500,20,269,106
2016-02-08,7862,223,1223,147,487,28,279,103
2016-02-09,8240,273,1562,119,546,37,294,71
2016-02-10,8415,262,1988,105,556,35,324,67
2016-02-11,8508,223,1896,101,491,40,362,86
2016-02-12,8265,268,2090,88,503,29,292,83
2016-02-13,7304,219,1419,91,490,32,191,187
2016-02-14,8707,248,1091,90,387,22,183,79
2016-02-15,11516,273,1587,109,533,29,262,125
2016-02-16,11652,247,1602,101,494,27,463,151
2016-02-17,11247,247,1695,103,491,29,398,102
2016-02-18,22016,283,1138,167,567,21,286,78
2016-02-19,15488,253,1285,110,494,20,278,86
2016-02-20,11468,211,1613,92,441,8,183,83
2016-02-21,11411,250,1245,108,498,27,258,78
2016-02-22,11126,230,1596,115,580,26,272,91
2016-02-23,10140,276,1695,108,590,24,332,75
2016-02-24,9726,243,1459,111,525,26,321,62
2016-02-25,9689,244,1619,79,559,21,332,91
2016-02-26,8563,211,1968,72,571,38,308,196
2016-02-27,7438,221,1512,109,428,35,188,92
2016-02-28,7501,221,1299,100,504,19,172,100
2016-02-29,8818,233,1435,102,477,24,336,105
2016-03-01,9774,244,1686,112,480,29,339,112
2016-03-02,9169,232,2139,110,438,22,282,94
2016-03-03,9718,281,2837,151,559,28,318,153
2016-03-04,8221,248,2030,111,453,26,294,166
2016-03-05,7319,251,2628,132,511,26,205,235
2016-03-06,7807,218,2129,115,444,21,209,114
2016-03-07,9903,275,1950,165,510,18,247,125
2016-03-08,9547,263,1647,98,488,39,326,103
2016-03-09,8667,293,1619,107,487,26,275,121
2016-03-10,8231,226,1642,102,587,29,296,96
2016-03-11,7550,201,1364,100,656,23,264,73
2016-03-12,6256,195,1966,84,404,19,180,88
2016-03-13,7127,241,2460,163,440,27,192,93
2016-03-14,10334,280,2556,132,524,44,276,98
2016-03-15,9939,229,2249,122,583,25,296,112
2016-03-16,8767,247,1925,143,485,16,295,88
2016-03-17,8000,242,1750,137,494,17,279,97
2016-03-18,7261,247,1728,130,469,26,262,90
2016-03-19,5803,181,1453,92,338,21,179,93
2016-03-20,6392,216,2129,104,402,19,211,118
2016-03-21,7624,226,2742,136,513,21,280,163
2016-03-22,8206,219,1990,127,428,25,240,120
2016-03-23,8114,209,1795,108,440,19,296,112
2016-03-24,8782,224,1768,134,458,19,218,116
2016-03-25,7324,185,1335,187,349,29,228,133
2016-03-26,6252,171,1022,108,335,11,130,75
2016-03-27,6509,229,1157,245,382,16,165,109
2016-03-28,7847,245,3924,181,439,26,243,111
2016-03-29,8713,219,3200,121,476,28,289,94
2016-03-30,8453,228,2135,121,493,22,265,80
2016-03-31,8131,192,1882,110,486,26,265,90
2016-04-01,7467,217,1528,100,522,18,262,87
2016-04-02,6114,188,1148,112,420,16,151,87
2016-04-03,7076,173,1211,133,388,24,185,104
2016-04-04,8360,223,1537,112,470,29,294,97
2016-04-05,9526,373,1448,150,474,21,285,171
2016-04-06,8212,220,1455,136,464,22,292,113
2016-04-07,8289,225,1544,112,485,25,322,96
2016-04-08,8760,208,1277,94,415,13,270,90
2016-04-09,6351,167,1173,90,352,16,177,83
2016-04-10,6910,170,1173,114,378,19,211,117
2016-04-11,9268,234,1537,102,486,28,370,103
2016-04-12,8641,205,1536,94,490,24,345,72
2016-04-13,9055,195,1407,86,496,26,345,127
2016-04-14,8202,177,1358,93,469,17,283,84
2016-04-15,7162,216,1191,91,410,18,258,67
2016-04-16,5785,147,950,81,337,16,155,62
2016-04-17,6340,194,1014,90,379,18,185,74
2016-04-18,7743,206,1265,97,404,18,278,86
2016-04-19,9076,183,1264,89,465,30,276,69
2016-04-20,8403,191,1323,89,469,23,285,68
2016-04-21,11381,210,1412,84,467,24,251,68
2016-04-22,9665,233,1238,83,402,17,234,65
2016-04-23,7170,180,884,69,394,15,168,59
2016-04-24,8433,178,890,97,386,17,176,62
2016-04-25,9045,268,1371,99,401,25,268,67
2016-04-26,9250,218,1263,71,481,52,263,68
2016-04-27,8777,249,1335,109,447,31,267,68
2016-04-28,9540,229,1279,104,477,27,239,69
2016-04-29,7765,212,1282,96,466,16,230,58
2016-04-30,6176,183,980,84,356,10,154,56
2016-05-01,6593,162,1050,68,395,8,189,50
2016-05-02,88391,494,2051,112,695,35,298,102
2016-05-03,43326,451,1871,136,608,33,291,79
2016-05-04,20101,275,1636,117,450,30,307,93
2016-05-05,25386,286,1753,118,560,25,282,69
2016-05-06,17048,260,1871,93,494,17,290,75
2016-05-07,11166,212,1326,81,403,11,167,78
2016-05-08,11207,290,1365,87,579,14,182,56
2016-05-09,13087,283,1927,103,484,23,291,82
2016-05-10,12193,234,2063,78,417,28,343,79
2016-05-11,10845,246,1900,87,436,23,306,77
2016-05-12,11455,245,2001,132,482,27,308,90
2016-05-13,9489,209,1831,93,458,26,254,68
2016-05-14,12031,220,1518,108,384,26,194,57
2016-05-15,11799,238,1803,109,401,22,199,74
2016-05-16,11516,249,3160,142,500,28,358,75
2016-05-17,8974,273,3386,125,513,45,348,136
2016-05-18,9947,262,3283,105,518,40,313,70
2016-05-19,12168,264,3380,224,482,42,290,73
2016-05-20,8393,235,3080,183,469,21,232,75
2016-05-21,6660,211,2105,103,378,18,185,78
2016-05-22,7085,210,2800,141,429,28,207,128
2016-05-23,8706,286,3791,119,485,44,349,85
2016-05-24,8943,255,3236,141,503,33,307,83
2016-05-25,8226,250,4014,96,450,34,266,76
2016-05-26,8012,231,3128,101,482,29,301,74
2016-05-27,7843,323,3019,91,462,35,336,70
2016-05-28,7516,220,2233,100,419,20,184,64
2016-05-29,7165,238,2283,129,470,35,173,63
2016-05-30,12745,289,2956,107,521,21,282,100
2016-05-31,13783,331,3187,137,523,22,290,118
2016-06-01,10917,314,2873,114,520,23,269,118
2016-06-02,9668,271,2663,123,486,35,258,80
2016-06-03,9507,310,2295,110,463,19,229,73
2016-06-04,7824,202,1720,97,405,13,153,70
2016-06-05,11299,270,1659,102,448,15,202,83
2016-06-06,10305,294,2228,134,525,21,285,86
2016-06-07,9828,266,2327,103,478,19,246,105
2016-06-08,9526,249,2342,113,508,26,324,95
2016-06-09,9328,316,2018,243,489,24,281,147
2016-06-10,8527,258,1803,211,440,25,220,136
2016-06-11,7960,241,1459,76,360,12,194,89
2016-06-12,8817,328,1992,99,391,19,242,107
2016-06-13,12454,370,2851,91,510,30,316,130
2016-06-14,10859,366,3211,126,610,35,415,414
2016-06-15,10005,341,2800,158,543,28,347,365
2016-06-16,10618,331,3091,136,502,36,323,154
2016-06-17,10851,364,7939,152,523,40,328,212
2016-06-18,8859,336,5854,166,424,25,229,300
2016-06-19,9315,357,4562,149,519,27,267,202
2016-06-20,11896,355,4434,140,539,31,410,191
2016-06-21,11977,401,4253,162,530,23,311,147
2016-06-22,9837,309,2923,138,580,37,424,147
2016-06-23,9912,785,2277,125,485,36,507,122
2016-06-24,19135,572,1788,109,534,25,363,93
2016-06-25,12669,251,1403,83,693,17,253,104
2016-06-26,8292,284,1270,106,534,16,209,129
2016-06-27,11629,281,1873,120,540,28,339,120
2016-06-28,10003,286,1915,148,542,29,310,115
2016-06-29,10158,228,1933,127,467,36,348,134
2016-06-30,9599,299,1857,137,444,24,304,110
2016-07-01,8764,247,1511,112,451,23,322,107
2016-07-02,7717,232,1108,119,389,29,192,106
2016-07-03,8615,234,1288,117,405,12,241,106
2016-07-04,9364,247,1599,165,416,20,296,131
2016-07-05,9447,278,1805,145,422,44,383,120
2016-07-06,9129,321,1534,133,433,40,303,153
2016-07-07,9574,242,1513,112,425,28,289,162
2016-07-08,8771,235,1249,123,404,23,222,156
2016-07-09,8843,278,1021,80,390,17,162,123
2016-07-10,10305,270,1137,112,385,19,202,99
2016-07-11,10443,244,1437,148,415,21,307,87
2016-07-12,10146,253,1366,114,400,25,249,134
2016-07-13,10027,262,1295,108,410,30,279,93
2016-07-14,9109,216,1357,115,377,18,252,96
2016-07-15,8596,264,1258,88,354,30,243,82
2016-07-16,7157,196,973,87,303,18,165,62
2016-07-17,8148,168,946,97,318,15,193,71
2016-07-18,8920,233,1337,105,353,22,298,88
2016-07-19,8270,313,1537,139,344,32,332,118
2016-07-20,8357,246,1971,124,342,21,291,88
2016-07-21,8658,199,3688,143,341,20,337,106
2016-07-22,9800,210,2607,141,371,20,246,88
2016-07-23,6549,215,1733,138,333,50,174,85
2016-07-24,7274,224,1627,118,299,20,170,113
2016-07-25,9280,218,2349,145,393,40,255,113
2016-07-26,10095,236,4121,134,406,31,303,102
2016-07-27,10107,237,2956,112,399,26,284,118
2016-07-28,9118,214,2285,164,399,29,278,74
2016-07-29,8102,190,1697,115,385,26,238,72
2016-07-30,7619,186,1286,126,324,13,171,72
2016-07-31,68433,194,1356,116,393,16,172,111
2016-08-01,7849,213,1660,151,409,39,314,85
2016-08-02,8291,229,1843,140,415,25,276,94
2016-08-03,18927,296,2940,141,493,35,325,109
2016-08-04,12782,258,2182,135,426,19,298,99
2016-08-05,9473,191,1718,126,399,19,219,84
2016-08-06,7570,180,1192,104,363,22,179,76
2016-08-07,13610,240,1429,122,376,23,205,85
2016-08-08,12052,239,1853,124,458,43,301,90
2016-08-09,11249,221,1619,118,463,15,271,123
2016-08-10,9015,200,1458,113,385,22,275,87
2016-08-11,8400,239,1399,127,390,31,277,231
2016-08-12,7756,215,1354,181,356,19,244,100
2016-08-13,6851,161,942,179,330,16,144,95
2016-08-14,6860,194,1006,223,346,19,158,104
2016-08-15,7890,205,1485,270,438,20,236,232
2016-08-16,8422,216,1494,249,410,23,302,190
2016-08-17,8694,232,1410,255,456,23,298,126
2016-08-18,10122,192,1341,226,385,17,277,132
2016-08-19,8392,156,1348,210,370,15,277,136
2016-08-20,6836,171,1146,154,358,19,171,137
2016-08-21,7330,212,1178,145,396,21,210,177
2016-08-22,8395,196,1666,170,449,20,267,1036
2016-08-23,8897,248,1737,159,554,30,403,1250
2016-08-24,9239,252,1600,158,465,26,804,846
2016-08-25,8900,199,1935,168,366,35,993,694
2016-08-26,8442,193,1530,130,347,18,507,516
2016-08-27,7126,172,1252,138,348,10,230,586
2016-08-28,7543,216,1535,126,320,17,259,1128
2016-08-29,8722,239,1778,137,810,21,470,1303
2016-08-30,8666,221,1624,152,404,24,329,1216
2016-08-31,9172,224,1565,153,367,25,333,900
2016-09-01,8596,166,1427,139,359,28,303,767
2016-09-02,8115,198,1430,147,348,22,280,717
2016-09-03,7347,213,1096,109,319,12,172,1134
2016-09-04,7896,220,1104,147,442,16,260,1104
2016-09-05,9039,205,1266,168,369,34,277,1435
2016-09-06,9374,221,1637,148,359,27,315,1058
2016-09-07,9426,207,1508,136,392,20,305,657
2016-09-08,10042,184,1343,153,327,19,310,585
2016-09-09,9121,184,1254,141,355,21,259,669
2016-09-10,8218,203,971,136,341,33,186,467
2016-09-11,7890,191,1119,153,384,18,201,955
2016-09-12,10175,199,1471,157,409,28,242,1112
2016-09-13,11035,217,1841,168,344,21,269,944
2016-09-14,10442,224,1567,146,360,24,327,634
2016-09-15,10277,208,1319,134,368,37,637,594
2016-09-16,10414,174,1325,124,380,23,565,517
2016-09-17,9034,182,1121,80,308,12,267,361
2016-09-18,9227,229,1265,104,363,18,261,353
2016-09-19,9584,177,1482,111,375,26,366,518
2016-09-20,9873,206,1633,120,370,15,351,523
2016-09-21,9285,219,1743,124,377,20,405,419
2016-09-22,9903,218,1515,114,328,21,326,357
2016-09-23,8100,170,1502,113,351,25,376,373
2016-09-24,8840,189,1314,92,327,15,274,340
2016-09-25,7642,190,1544,116,333,19,340,304
2016-09-26,9531,225,1690,138,340,14,498,380
2016-09-27,8507,212,1728,143,382,24,384,338
2016-09-28,8127,200,1637,138,354,49,458,334
2016-09-29,8014,233,1554,140,371,31,443,324
2016-09-30,8491,184,1314,125,351,31,344,278
2016-10-01,7590,164,960,98,259,11,172,236
2016-10-02,7652,222,1153,116,293,16,230,238
2016-10-03,8347,229,1397,118,352,33,359,330
2016-10-04,9345,236,1741,115,359,28,381,322
2016-10-05,9086,197,1647,156,355,30,359,313
2016-10-06,8649,175,1554,132,326,24,346,260
2016-10-07,8874,161,1403,104,301,14,287,231
2016-10-08,7025,169,903,76,265,12,181,263
2016-10-09,7078,206,1089,92,302,27,219,324
2016-10-10,7981,209,1259,122,342,16,399,290
2016-10-11,9581,214,1510,109,352,20,317,267
2016-10-12,10134,248,1671,209,542,88,694,437
2016-10-13,8788,214,1618,120,335,23,341,321
2016-10-14,8502,172,1508,96,284,22,268,270
2016-10-15,6829,178,1152,76,290,10,166,212
2016-10-16,7378,181,1223,106,300,12,199,227
2016-10-17,9038,233,1518,121,313,14,285,297
2016-10-18,9037,267,1699,111,344,19,319,257
2016-10-19,8766,194,1421,115,324,27,326,242
2016-10-20,7861,175,1329,88,318,14,369,221
2016-10-21,9966,185,1322,109,348,19,308,206
2016-10-22,6727,184,900,94,245,12,179,183
2016-10-23,8054,174,951,90,266,20,255,188
2016-10-24,8868,171,1415,107,322,20,362,246
2016-10-25,9923,209,1553,106,352,22,365,254
2016-10-26,8501,192,1439,99,327,16,306,224
2016-10-27,8667,217,1343,129,313,27,301,242
2016-10-28,14518,187,1198,85,320,10,239,224
2016-10-29,10900,184,951,93,317,11,214,176
2016-10-30,8571,363,963,110,309,12,216,212
2016-10-31,12082,232,1276,120,353,13,277,280
2016-11-01,10272,238,1378,125,334,18,297,258
2016-11-02,10374,256,1390,123,310,28,378,304
2016-11-03,9857,213,1519,118,380,23,335,244
2016-11-04,9168,213,1435,117,316,24,278,244
2016-11-05,12204,175,1179,90,282,18,189,201
2016-11-06,10908,198,1228,101,296,17,285,209
2016-11-07,11614,215,1659,132,355,32,418,267
2016-11-08,11807,225,1578,114,280,20,525,308
2016-11-09,12959,182,1319,105,256,15,312,193
2016-11-10,11493,177,1319,125,260,18,333,245
2016-11-11,10046,172,1220,127,243,19,313,229
2016-11-12,8957,164,973,78,262,16,317,286
2016-11-13,9805,155,977,86,295,14,269,293
2016-11-14,21607,209,1365,115,317,16,321,325
2016-11-15,11771,250,1551,107,299,21,345,317
2016-11-16,12522,217,1412,107,346,20,314,276
2016-11-17,11377,221,1495,124,330,27,309,282
2016-11-18,10650,241,1285,114,328,20,274,253
2016-11-19,8894,129,847,68,289,19,203,218
2016-11-20,10466,198,955,141,267,12,216,217
2016-11-21,11120,211,1552,238,373,13,325,242
2016-11-22,11421,216,1643,131,341,18,295,273
2016-11-23,10960,235,1404,135,310,11,260,259
2016-11-24,11876,219,1309,110,331,12,249,252
2016-11-25,10238,181,1086,97,321,17,242,232
2016-11-26,8430,171,802,101,297,10,197,218
2016-11-27,9523,181,911,83,280,16,214,238
2016-11-28,12311,230,1396,106,320,30,308,337
2016-11-29,14544,233,1357,97,364,25,317,290
2016-11-30,12018,227,1268,115,339,13,301,277
2016-12-01,10921,230,1271,124,382,18,331,326
2016-12-02,11564,229,1173,91,344,21,288,266
2016-12-03,8544,188,862,89,277,9,223,225
2016-12-04,8833,177,904,95,322,13,232,208
2016-12-05,10512,255,1237,112,418,19,284,253
2016-12-06,11527,236,1194,113,345,42,324,272
2016-12-07,10847,219,1208,116,350,93,334,261
2016-12-08,10893,224,1248,144,398,56,314,359
2016-12-09,9588,217,1187,123,314,41,256,295
2016-12-10,8835,150,865,101,296,18,201,245
2016-12-11,8676,228,1002,170,335,18,199,232
2016-12-12,10465,234,1411,133,411,39,262,272
2016-12-13,11745,243,1530,129,415,33,311,279
2016-12-14,11373,203,1471,98,419,22,257,300
2016-12-15,10924,220,1316,118,394,28,248,310
2016-12-16,10416,206,1173,131,393,45,239,237
2016-12-17,8770,214,940,88,407,23,211,275
2016-12-18,9127,227,904,98,356,22,239,268
2016-12-19,11821,236,1174,187,403,21,264,331
2016-12-20,11646,239,1180,145,314,23,238,304
2016-12-21,12246,242,1134,112,373,28,279,301
2016-12-22,13374,277,1208,125,383,29,226,335
2016-12-23,14116,267,1203,115,390,23,229,456
2016-12-24,11547,244,935,107,307,10,204,275
2016-12-25,10882,271,944,100,317,6,186,295
2016-12-26,12433,354,1151,120,568,14,277,416
2016-12-27,13454,292,1354,142,419,22,270,533
2016-12-28,14314,342,1453,144,380,19,248,877
2016-12-29,15813,329,1576,143,395,21,251,510
2016-12-30,16270,372,1408,124,353,20,277,557
2016-12-31,10295,238,1049,92,346,14,187,382
2017-01-01,9554,257,1127,136,313,15,248,414
2017-01-02,22579,528,1935,212,653,25,372,1314
2017-01-03,25183,506,2330,245,586,88,409,1518
2017-01-04,22281,519,2524,274,614,56,446,1241
2017-01-05,24655,526,2593,271,654,45,434,1207
2017-01-06,21964,462,2092,186,535,49,411,815
2017-01-07,17362,387,1835,161,480,24,295,640
2017-01-08,16490,351,1726,176,476,28,346,649
2017-01-09,17720,403,2091,171,461,31,390,645
2017-01-10,16258,385,1895,162,470,34,575,643
2017-01-11,17559,370,2051,158,515,34,698,611
2017-01-12,18224,397,1918,175,492,31,525,577
2017-01-13,16546,359,1584,146,462,31,395,412
2017-01-14,15220,316,1344,137,421,21,295,437
2017-01-15,12144,306,1333,151,447,22,281,449
2017-01-16,13679,296,1559,202,466,22,405,450
2017-01-17,16112,316,1764,197,518,30,462,524
2017-01-18,14637,313,1711,139,464,37,416,532
2017-01-19,14435,350,1612,210,471,40,410,479
2017-01-20,11860,219,1312,182,510,25,329,398
2017-01-21,10255,224,1092,121,378,24,293,308
2017-01-22,11029,260,1148,140,402,15,285,383
2017-01-23,14272,261,1678,173,471,39,366,542
2017-01-24,13062,275,1672,133,412,23,305,519
2017-01-25,12050,250,1535,131,417,32,322,773
2017-01-26,11932,253,1428,156,436,32,323,1238
2017-01-27,11747,290,1368,166,412,30,329,756
2017-01-28,12571,305,1109,135,365,28,247,880
2017-01-29,11690,272,1188,184,366,31,590,533
2017-01-30,14073,292,1501,198,453,39,337,564
2017-01-31,13225,321,1506,183,416,41,430,601
2017-02-01,13278,282,1651,170,383,34,368,587
2017-02-02,13524,269,1563,168,452,25,397,516
2017-02-03,12876,306,1476,187,413,36,309,581
2017-02-04,11078,288,1196,157,343,34,284,493
2017-02-05,12070,281,1149,146,362,24,272,481
2017-02-06,13166,310,1668,169,431,39,328,503
2017-02-07,13554,326,1806,193,422,26,422,479
2017-02-08,13313,326,1785,179,469,25,393,494
2017-02-09,13381,373,1615,186,428,39,363,501
2017-02-10,12212,367,1815,139,448,60,330,454
2017-02-11,10009,262,1325,156,387,25,314,443
2017-02-12,10944,289,1656,189,429,23,299,406
2017-02-13,12472,285,1856,166,637,41,386,400
2017-02-14,11624,297,2017,174,525,31,382,433
2017-02-15,12330,315,1922,242,443,34,358,468
2017-02-16,12923,263,1744,238,427,48,478,462
2017-02-17,14331,674,1865,202,1382,37,363,402
2017-02-18,12842,269,1397,283,349,20,277,396
2017-02-19,10644,286,1349,375,382,30,281,381
2017-02-20,12193,280,1736,299,445,16,375,427
2017-02-21,13870,303,1689,249,470,25,417,462
2017-02-22,13371,301,1830,220,406,24,389,423
2017-02-23,14046,315,1847,401,439,37,321,473
2017-02-24,15834,284,1925,559,556,28,351,451
2017-02-25,17751,285,1430,395,403,23,253,409
2017-02-26,16385,336,1714,520,463,22,315,414
2017-02-27,15063,363,2384,560,440,50,369,458
2017-02-28,15679,333,5040,793,456,42,411,476
2017-03-01,17507,432,4175,1325,974,185,1163,676
2017-03-02,18929,357,3830,1472,521,55,452,518
2017-03-03,40347,506,4303,965,572,41,500,629
2017-03-04,25835,404,2774,745,431,43,332,471
2017-03-05,17862,373,2766,707,490,38,373,496
2017-03-06,20274,445,3197,697,469,91,460,516
2017-03-07,17149,383,2915,612,535,42,435,479
2017-03-08,15721,445,2648,573,488,31,516,457
2017-03-09,15556,392,2376,719,470,38,440,520
2017-03-10,19093,376,2258,681,463,51,301,436
2017-03-11,15958,364,2591,1121,444,24,388,508
2017-03-12,14093,365,2782,1303,437,29,329,620
2017-03-13,16417,459,5117,1138,496,47,466,790
2017-03-14,19528,379,3943,1113,495,38,497,653
2017-03-15,17689,408,4015,1840,459,51,504,706
2017-03-16,16895,459,6143,1201,565,62,531,965
2017-03-17,15663,415,6110,926,512,48,485,1216
2017-03-18,15288,316,3661,1247,450,43,438,931
2017-03-19,14669,473,3543,1180,527,36,442,862
2017-03-20,17922,499,4459,1880,556,65,1437,1110
2017-03-21,16453,474,4402,1004,587,51,594,905
2017-03-22,14885,419,4547,873,484,60,533,766
2017-03-23,14546,378,3854,686,473,63,664,666
2017-03-24,13225,430,3734,800,501,74,855,664
2017-03-25,11334,345,3225,629,467,42,628,598
2017-03-26,12736,334,2907,588,495,39,473,525
2017-03-27,13370,409,3909,674,494,49,633,588
2017-03-28,13970,409,3876,560,491,46,542,575
2017-03-29,13533,359,3854,568,526,35,555,561
2017-03-30,13812,721,3506,531,433,58,712,647
2017-03-31,12980,503,2994,517,522,65,1145,1752
2017-04-01,11815,396,2281,443,474,56,860,428
2017-04-02,11420,439,2282,433,612,134,1767,572
2017-04-03,14614,664,2941,537,904,165,1657,550
2017-04-04,14537,582,3009,470,604,92,979,584
2017-04-05,13465,649,3426,448,577,109,866,477
2017-04-06,13169,781,3475,452,567,68,775,462
2017-04-07,13208,457,2322,402,542,49,661,393
2017-04-08,11200,370,1763,319,516,56,501,326
2017-04-09,10873,452,1924,325,475,46,514,357
2017-04-10,13166,462,2657,355,530,56,542,430
2017-04-11,16999,447,2454,387,563,56,563,409
2017-04-12,13871,629,2757,432,644,61,582,455
2017-04-13,13786,558,2786,649,529,61,589,487
2017-04-14,12174,459,2135,393,481,33,539,462
2017-04-15,10065,413,1703,319,430,35,466,404
2017-04-16,11044,393,1922,335,494,71,431,397
2017-04-17,18666,552,2340,375,535,72,577,484
2017-04-18,22995,514,2832,396,563,67,623,569
2017-04-19,15773,419,2651,385,518,48,540,457
2017-04-20,14703,440,3030,354,487,71,655,453
2017-04-21,14230,468,3466,365,460,54,608,432
2017-04-22,11143,623,2123,308,405,37,503,347
2017-04-23,12071,645,2125,292,504,56,531,370
2017-04-24,16047,568,3573,409,526,83,1530,427
2017-04-25,16503,549,3480,340,823,78,603,439
2017-04-26,14681,540,3686,339,564,49,626,457
2017-04-27,14889,528,3566,401,595,61,751,407
2017-04-28,13791,483,4526,336,646,87,895,424
2017-04-29,11038,483,4036,437,527,97,1008,433
2017-04-30,16195,482,3947,413,596,103,845,473
2017-05-01,14544,577,5616,423,667,89,1059,556
2017-05-02,17143,647,5316,425,705,100,1043,561
2017-05-03,17277,2010,4817,474,737,96,1166,613
2017-05-04,19238,4241,6461,645,1065,359,2095,995
2017-05-05,16900,2809,6316,499,910,488,2358,894
2017-05-06,17793,1593,4339,381,788,558,1500,596
2017-05-07,17777,1735,4490,481,1547,903,1856,657
2017-05-08,19666,1674,5487,530,1302,971,3602,783
2017-05-09,23935,1697,5672,526,1067,408,2358,754
2017-05-10,24385,2162,5626,472,1235,306,1956,750
2017-05-11,25185,1692,5274,446,1202,324,1702,759
2017-05-12,39626,1395,4852,409,1318,398,1601,652
2017-05-13,47817,1133,3819,389,1058,233,1492,606
2017-05-14,43113,1175,4047,434,1857,228,1597,594
2017-05-15,91099,1489,5449,511,1298,324,2548,812
2017-05-16,88685,1324,4993,515,1187,552,4058,1299
2017-05-17,59979,1214,4493,499,1234,469,3831,3686
2017-05-18,45865,1153,4349,512,1345,321,2594,3854
2017-05-19,38662,1494,6810,545,1320,325,2512,2064
2017-05-20,33314,1367,5843,498,1140,278,1939,1142
2017-05-21,31659,1574,6952,571,1885,307,2586,1163
2017-05-22,70929,2858,15908,839,3429,327,3630,1610
2017-05-23,77232,3346,13826,929,3085,306,3409,1846
2017-05-24,70266,3786,15612,950,3030,309,3557,2173
2017-05-25,73348,3997,16775,942,2821,367,4016,1904
2017-05-26,61597,3000,11013,743,1903,265,3207,1337
2017-05-27,41682,2076,8131,585,1405,170,2135,988
2017-05-28,32640,1975,7604,657,1449,168,1939,1052
2017-05-29,35534,2485,9069,685,1588,206,2243,1188
2017-05-30,35423,2812,12001,762,1617,215,2588,1314
2017-05-31,34254,2706,12821,796,1657,209,2339,1205
2017-06-01,31694,2548,12052,759,1540,265,2979,1316
2017-06-02,28056,1902,9567,584,1572,176,2258,1115
2017-06-03,25776,1651,7733,588,1269,155,1646,879
2017-06-04,23455,1834,8534,571,1429,144,1639,1069
2017-06-05,28797,3178,11441,692,1862,171,2153,1285
2017-06-06,35757,3440,14210,869,1797,168,2480,1515
2017-06-07,33834,3090,14441,876,1876,251,2250,1619
2017-06-08,27396,2858,11193,697,1712,281,2135,1145
2017-06-09,26320,2718,10408,623,1543,213,1893,1067
2017-06-10,23523,2684,11875,605,1263,154,1841,1165
2017-06-11,27303,3264,15676,1035,1576,137,2068,1328
2017-06-12,35940,3785,21580,1245,1878,196,2951,1675
2017-06-13,32860,4234,20800,1044,1969,229,2872,1662
2017-06-14,28795,3412,16697,971,1825,201,2511,1404
2017-06-15,29145,2408,13068,717,1679,192,2312,1189
2017-06-16,28247,2606,10859,674,1631,179,1905,1169
2017-06-17,23079,4168,8752,637,1382,120,1634,983
2017-06-18,22615,3013,9426,708,1441,145,1662,998
2017-06-19,25447,3714,11816,1020,1604,174,2060,1221
2017-06-20,28562,3476,13426,874,1593,203,2586,1201
2017-06-21,32491,2859,14208,788,1633,157,2162,1197
2017-06-22,30385,2910,12626,771,1621,120,2016,1223
2017-06-23,25673,2429,10490,679,1443,137,1842,1186
2017-06-24,24171,2184,9018,600,1250,99,1494,1008
2017-06-25,22222,2048,9095,575,1215,125,1514,959
2017-06-26,25687,2194,12468,752,1447,180,1731,1207
2017-06-27,35577,2294,12809,727,1605,165,1869,1119
2017-06-28,45873,2372,11551,774,1623,160,1897,1192
2017-06-29,34271,2201,10121,772,1500,210,1907,1054
2017-06-30,26499,1701,7735,652,1077,110,1539,981
2017-07-01,23015,1505,6173,528,1171,121,1173,718
2017-07-02,24879,1405,6313,579,966,90,1137,785
2017-07-03,25546,2221,7893,653,1104,127,1297,926
2017-07-04,25454,2563,7104,708,1109,103,1397,883
2017-07-05,26835,2614,7401,815,1240,127,1430,993
2017-07-06,27578,2188,7633,1040,1354,142,1430,1030
2017-07-07,24291,1837,7482,707,1390,91,1318,975
2017-07-08,21337,1501,6651,627,1053,97,983,794
2017-07-09,22075,1649,6377,669,1080,107,1134,832
2017-07-10,26029,1909,9410,753,1230,127,1411,964
2017-07-11,27965,1987,9175,675,1288,168,1566,1067
2017-07-12,27322,1848,8243,721,1164,165,1455,911
2017-07-13,28320,1737,6853,636,1102,145,1305,876
2017-07-14,24585,1601,6140,627,1037,139,1173,791
2017-07-15,20377,1397,5121,537,766,118,989,815
2017-07-16,20854,1508,5711,580,902,125,1143,810
2017-07-17,24527,1719,6847,746,1194,170,1355,969
2017-07-18,29243,1727,7268,875,1092,200,1379,931
2017-07-19,31101,1631,7224,870,1079,126,1350,1213
2017-07-20,32662,1677,7625,1014,1079,147,1375,1721
2017-07-21,26503,1572,7726,753,1025,143,1490,1754
2017-07-22,23406,1200,4819,682,910,121,1555,1046
2017-07-23,28733,1400,5654,656,1006,124,1498,1062
2017-07-24,28648,1580,6962,1001,1133,138,1789,1170
2017-07-25,26829,1507,6311,1031,1103,158,1642,1152
2017-07-26,27343,1426,6845,822,1050,160,1459,1133
2017-07-27,27907,1679,6351,756,1374,156,1604,1312
2017-07-28,24242,1301,5750,595,1390,128,1226,890
2017-07-29,21545,1075,4732,497,1087,100,964,718
2017-07-30,35070,1524,4777,545,2200,113,1023,873
2017-07-31,24947,1268,5834,655,1144,118,1227,1051
2017-08-01,53066,1480,6126,675,1190,131,1463,1269
2017-08-02,77020,1490,5723,666,1159,110,1689,1128
2017-08-03,31439,1229,4931,686,1138,132,1449,1406
2017-08-04,24554,1261,4655,667,1071,146,1397,1561
2017-08-05,26393,1259,4018,560,880,149,1289,1351
2017-08-06,26523,1261,4288,565,994,120,1318,1241
2017-08-07,34664,1609,5673,691,1219,440,1717,1375
2017-08-08,41798,1940,5993,790,1328,159,1923,1239
2017-08-09,37017,1803,6157,769,1324,132,1837,1167
2017-08-10,34824,1596,5968,730,1167,115,1668,955
2017-08-11,32144,1493,5744,677,1244,131,1568,961
2017-08-12,29789,1383,5275,577,1145,88,1332,837
2017-08-13,38392,1631,6012,615,1210,108,1491,829
2017-08-14,52910,2072,7819,745,1524,151,2015,1286
2017-08-15,48514,2147,7317,747,1389,130,1793,992
2017-08-16,41717,1872,6869,993,1358,126,1811,1098
2017-08-17,38805,1846,6894,1169,1211,102,1772,1059
2017-08-18,38499,1706,5845,824,1175,100,1668,927
2017-08-19,35335,1503,5049,1040,1026,77,1358,928
2017-08-20,36346,1667,5316,1140,1054,89,1488,914
2017-08-21,37991,1927,6881,932,1149,159,1987,2286
2017-08-22,41910,1934,6585,851,1211,157,2626,2182
2017-08-23,40176,2339,6507,977,1340,196,3767,1672
2017-08-24,37747,2591,6302,994,1980,155,3197,1430
2017-08-25,35538,2036,5707,931,1731,148,2389,2073
2017-08-26,31638,1643,4521,1253,1067,109,1818,2959
2017-08-27,29011,2442,4667,1102,1055,141,1791,1645
2017-08-28,32545,2885,5670,1096,1197,151,2185,2150
2017-08-29,35649,3070,6964,1165,1418,124,2552,2042
2017-08-30,37497,3001,7311,1208,1638,119,2551,2009
2017-08-31,40717,3833,7334,1036,1683,120,2864,1996
2017-09-01,37745,5517,6903,1007,1990,132,2809,1723
2017-09-02,34203,4004,5675,837,1475,93,1940,1305
2017-09-03,33920,2986,5857,929,1277,85,2089,1397
2017-09-04,40423,3226,7302,1029,1337,102,2306,1515
2017-09-05,40049,2879,7473,960,1364,132,2341,1588
2017-09-06,39593,2958,6227,944,1378,107,2357,1446
2017-09-07,39771,2531,6203,1009,1343,117,2071,1420
2017-09-08,32450,2006,5360,848,1181,86,1893,1349
2017-09-09,29221,1575,4100,656,944,80,1420,1044
2017-09-10,29004,1677,4240,678,1065,101,1433,1147
2017-09-11,31487,1788,5318,822,1141,118,1910,1208
2017-09-12,36669,1782,5651,821,1053,72,1832,1282
2017-09-13,51285,1877,6421,785,1211,93,1703,1751
2017-09-14,46945,2037,5547,734,1207,100,1898,2473
2017-09-15,45844,2232,4940,785,1323,85,1714,1724
2017-09-16,35393,1500,3743,757,1227,69,1332,1744
2017-09-17,33829,1600,4050,782,1136,86,1337,3397
2017-09-18,39631,1835,6403,1024,1348,167,1852,5081
2017-09-19,38494,1855,8264,1052,1199,116,2044,3774
2017-09-20,34188,1563,6059,967,1107,94,1840,2385
2017-09-21,31065,1491,5201,1256,1011,71,1588,2286
2017-09-22,28590,1286,4907,885,961,60,1437,1675
2017-09-23,22355,1060,3543,744,864,62,1067,1311
2017-09-24,23710,1113,3507,760,896,78,1061,1454
2017-09-25,26521,1418,4459,879,1001,91,1521,1913
2017-09-26,26945,1458,4500,828,1117,75,1428,2830
2017-09-27,27887,1543,4362,848,1052,85,1780,3885
2017-09-28,26235,1436,4073,794,986,75,1620,3579
2017-09-29,25139,1275,3727,652,931,95,1391,1742
2017-09-30,21560,1213,3000,584,854,60,1180,1287
2017-10-01,23638,1420,3199,633,967,81,1455,1258
2017-10-02,26007,1516,4037,619,1005,71,1734,1408
2017-10-03,26996,1394,3930,713,914,76,1543,2564
2017-10-04,29069,1232,3886,683,971,93,1605,1765
2017-10-05,26853,1117,3946,621,933,101,1876,1625
2017-10-06,24784,1275,3681,599,872,186,1794,1258
2017-10-07,22487,1110,2981,579,763,177,1264,1158
2017-10-08,23976,1283,3338,660,804,129,1983,1121
2017-10-09,28288,1510,4283,709,846,159,2346,1369
2017-10-10,29241,1443,4239,701,1080,106,2187,1382
2017-10-11,31418,1332,4305,682,1274,122,2240,1332
2017-10-12,45338,1901,5182,796,1341,103,2274,1538
2017-10-13,53804,2579,5499,832,1315,100,2250,1739
2017-10-14,40825,2145,4163,776,1166,63,1949,1599
2017-10-15,37131,2336,4317,746,1153,89,2227,1581
2017-10-16,41339,2377,5785,859,1428,930,3603,2235
2017-10-17,37203,2150,5866,757,1312,572,3088,1916
2017-10-18,34385,1914,5106,753,1222,336,2489,1555
2017-10-19,34379,1987,5071,747,1155,229,2298,1695
2017-10-20,39782,2032,4986,700,1169,201,2154,1621
2017-10-21,44661,2165,4472,730,1101,190,1848,1249
2017-10-22,40331,2251,4396,720,1126,305,1902,1336
2017-10-23,46345,2658,6092,882,1273,317,2407,1574
2017-10-24,43756,2304,6012,941,1298,281,2371,1511
2017-10-25,40927,2632,6001,946,1235,267,2463,1605
2017-10-26,39086,1974,5334,817,2079,144,1908,1379
2017-10-27,36708,1732,5179,760,1459,318,2780,1250
2017-10-28,31082,1350,3737,617,889,133,1481,990
2017-10-29,33836,1642,4950,899,1795,122,1602,1082
2017-10-30,42538,2108,5892,853,1209,146,2155,1200
2017-10-31,48178,2252,5770,884,1359,250,2651,1365
2017-11-01,56103,2435,6518,886,1363,150,2334,1416
2017-11-02,74790,3057,7543,981,1451,182,2673,5889
2017-11-03,64293,2923,6491,1017,1425,182,3083,2592
2017-11-04,49914,2409,5175,856,1231,147,2190,1806
2017-11-05,48027,2392,5407,965,1325,156,2377,1541
2017-11-06,51778,2737,6706,1112,1429,180,2839,2243
2017-11-07,51470,3278,7106,1118,1395,249,2800,2392
2017-11-08,54912,3608,8177,1217,1433,239,3529,2153
2017-11-09,54591,3325,7573,1306,1591,320,4144,2347
2017-11-10,53492,2823,6015,1282,1448,220,2614,1744
2017-11-11,44339,2093,4742,1109,1147,151,2037,1513
2017-11-12,45229,2418,6848,2043,1409,174,2430,1729
2017-11-13,54732,2822,6542,2585,2845,218,3046,2067
2017-11-14,50079,3230,7666,2101,2432,859,4189,2473
2017-11-15,46140,2857,6956,1521,1699,507,3108,2014
2017-11-16,49047,2664,5776,1205,1498,266,4096,1689
2017-11-17,62242,3238,5769,1165,1485,207,3624,1567
2017-11-18,48910,2486,5044,1169,1308,174,2594,1350
2017-11-19,44907,2848,5372,1031,1571,189,2720,1464
2017-11-20,58371,3789,7082,1281,1739,249,4103,1849
2017-11-21,61690,3365,7676,2195,1720,239,3780,1871
2017-11-22,53155,2729,7421,3021,1998,230,3494,2358
2017-11-23,47490,3347,8511,2602,3576,867,4180,2678
2017-11-24,45720,2902,7984,1636,1975,300,3497,1968
2017-11-25,44223,3999,7761,2010,1678,176,3628,2162
2017-11-26,65803,4472,8653,1990,1998,272,4210,1999
2017-11-27,123516,6969,13638,2170,2662,378,5947,2646
2017-11-28,144286,8156,13703,2082,3121,594,7690,3060
2017-11-29,262289,12958,18438,3807,4695,963,9394,3627
2017-11-30,212459,7786,14850,5154,3779,508,7489,3170
2017-12-01,167229,6577,11187,3431,2968,552,6067,2799
2017-12-02,111343,6930,9662,2448,2529,572,5127,2904
2017-12-03,107583,6489,10086,2365,2761,403,5376,3134
2017-12-04,161367,7363,13371,2444,3482,495,6677,3294
2017-12-05,159921,7359,13148,2277,3633,747,6099,4982
2017-12-06,179109,8125,14076,2154,3665,1335,6011,6056
2017-12-07,331637,11314,18683,2443,5300,1082,7973,5502
2017-12-08,344686,15410,17714,2420,5161,808,8704,5056
2017-12-09,214245,19679,14021,2162,4006,573,7574,3863
2017-12-10,189621,11172,13410,2042,3606,479,7004,3645
2017-12-11,242875,21901,16653,2673,5424,743,9868,4678
2017-12-12,230521,44211,20202,3438,8358,848,17245,5853
2017-12-13,201431,25174,20895,3526,8833,952,24482,5691
2017-12-14,163855,15691,16677,3269,6947,1176,29328,5541
2017-12-15,128830,12837,13704,2631,6421,1875,25132,4519
2017-12-16,117337,11198,12598,2364,7597,1388,18476,4258
2017-12-17,124072,12008,13252,3616,8904,1693,17140,4817
2017-12-18,137631,12588,15059,3066,7695,1656,18790,5051
2017-12-19,156057,12551,16558,3271,8215,1428,18021,4950
2017-12-20,164499,12456,14233,4050,7892,1131,15291,5242
2017-12-21,141432,10110,12161,3176,8583,1171,20955,4625
2017-12-22,164227,8610,11424,2115,6197,980,21212,3730
2017-12-23,145737,6537,9914,1888,5934,877,13369,3157
2017-12-24,109871,5304,8511,1460,5473,690,9920,2737
2017-12-25,116313,5226,9021,1582,9327,762,9397,2849
2017-12-26,126930,6029,10413,1922,6177,875,11175,3619
2017-12-27,99195,5994,10883,1979,5823,940,15753,3784
2017-12-28,92296,5694,9689,1966,4936,1025,18007,3615
2017-12-29,91724,5105,9448,1846,5364,1786,29327,3451
2017-12-30,83250,4505,7678,1775,4944,3176,37077,3131
2017-12-31,67355,3487,6335,1358,4273,1547,20452,2672
2018-01-01,65416,3130,6340,1370,4277,2234,14976,2395
2018-01-02,85549,4983,10701,2065,6556,3811,23934,5675
2018-01-03,91452,5563,11354,2162,7777,7268,29864,6059
2018-01-04,86342,6208,12828,2187,9328,5863,37555,4523
2018-01-05,79232,4867,12177,1901,10898,3633,29949,3807
2018-01-06,79836,5299,9585,1731,10023,2493,18316,3325
2018-01-07,79013,5200,11149,1989,8528,2464,16966,3720
2018-01-08,87562,5527,14735,1957,12253,2473,19893,3837
2018-01-09,91854,5432,14687,1901,9324,2330,16854,3917
2018-01-10,99815,6292,17235,1775,7034,2144,14182,3542
2018-01-11,88028,4502,12743,1664,5569,2070,14015,3948
2018-01-12,75933,3759,11185,1536,5601,2349,10966,3092
2018-01-13,65514,3618,10510,1329,4369,1902,8125,2600
2018-01-14,57507,3735,10156,1360,4397,2028,8529,2693
2018-01-15,63876,3725,11369,1794,5936,2160,8997,3493
2018-01-16,74029,3984,12568,1436,4812,1712,9967,3263
2018-01-17,89187,4076,12326,1464,5037,1668,10668,3402
2018-01-18,70655,3812,9842,1593,4196,2005,9642,3342
2018-01-19,58273,3139,8853,1474,3744,1554,7406,2833
2018-01-20,50979,2822,7322,1181,3346,1139,5416,2669
2018-01-21,47043,3000,7714,1161,3199,954,5267,2570
2018-01-22,53460,2864,8164,1226,3316,1172,5965,3178
2018-01-23,48401,2778,7817,1211,3949,1086,5266,2842
2018-01-24,50792,2782,7988,1091,4062,1645,5138,2776
2018-01-25,53599,3019,7597,1173,3756,1706,4762,2589
2018-01-26,45074,3095,6417,954,3501,1367,4293,2651
2018-01-27,39103,2607,5458,846,3009,1097,3795,3027
2018-01-28,39525,2632,6198,982,2790,971,4401,2784
2018-01-29,41255,2668,7367,1042,4079,1074,4514,3416
2018-01-30,39961,2469,7102,1038,3320,885,4173,2842
2018-01-31,44012,2559,7295,1117,3728,838,4136,2935
2018-02-01,47413,2530,7259,1031,3785,835,3715,3051
2018-02-02,52986,2570,6668,999,4841,743,4177,3574
2018-02-03,44264,2275,5381,814,3654,719,3348,3276
2018-02-04,42910,2535,7649,793,2887,614,3077,2995
2018-02-05,56614,2331,13379,820,2659,666,4047,2903
2018-02-06,57917,3086,7078,845,2945,780,4830,2735
2018-02-07,42782,2381,6359,1093,2162,620,3930,3109
2018-02-08,40473,2105,5978,987,2673,574,3819,2247
2018-02-09,40043,1927,5413,925,3273,565,4137,2393
2018-02-10,33655,1655,4347,699,2208,441,3415,2091
2018-02-11,33358,1799,5133,699,2370,487,3130,2421
2018-02-12,42788,1957,5980,836,2531,522,3464,3091
2018-02-13,37817,1780,5586,862,2428,1041,3107,2571
2018-02-14,34123,3416,5536,741,2574,710,2989,3302
2018-02-15,36704,4401,5896,1160,3570,1107,3856,3127
2018-02-16,31048,2512,4614,896,2444,539,2739,2021
2018-02-17,28385,2145,4092,687,1788,497,2288,1812
2018-02-18,26705,2170,4019,727,1701,467,2344,2013
2018-02-19,26856,1926,5410,829,1763,547,2806,2102
2018-02-20,38980,2259,5340,848,2182,593,2892,2174
2018-02-21,24746,1847,4818,885,2071,455,2492,2203
2018-02-22,23720,1498,4588,806,1670,407,2431,1982
2018-02-23,20187,1314,3960,755,1341,438,2100,1697
2018-02-24,18489,1126,3522,536,1152,285,1735,1472
2018-02-25,23615,1367,6777,539,1291,345,1718,1495
2018-02-26,24751,1738,8009,630,1437,415,2091,1870
2018-02-27,27708,1480,10418,822,1363,417,2354,2022
2018-02-28,23812,1235,8557,776,1246,391,2107,1965
2018-03-01,19703,1336,3646,673,1329,370,1781,2154
2018-03-02,28651,1159,3428,668,1223,363,1814,2221
2018-03-03,17645,1154,3071,469,1204,390,2115,2061
2018-03-04,17668,1099,2905,492,1034,414,1733,1723
2018-03-05,18631,1331,3914,602,1358,516,2355,1939
2018-03-06,31665,1389,4010,621,1464,429,2268,1911
2018-03-07,25862,1203,3662,575,1254,376,2122,1827
2018-03-08,18247,1197,3652,550,1215,510,2192,1703
2018-03-09,18272,1033,3365,503,1047,522,2054,1538
2018-03-10,15591,940,2855,501,966,405,2245,1352
2018-03-11,20093,931,3572,550,1039,323,1730,1353
2018-03-12,21664,1193,4051,620,3585,469,2030,1617
2018-03-13,20618,1051,3709,710,3011,492,2075,1645
2018-03-14,18965,1047,3551,556,1864,388,1771,1444
2018-03-15,19632,1275,3281,537,1728,380,1784,1657
2018-03-16,17650,1023,2875,528,1732,343,1601,1327
2018-03-17,14444,824,2932,448,988,278,1195,1181
2018-03-18,16792,934,5673,404,1022,316,1464,1259
2018-03-19,28645,1070,26233,666,1360,436,2223,1593
2018-03-20,22021,1040,12973,566,1142,429,1693,1343
2018-03-21,26294,919,22997,510,1281,388,1628,1328
2018-03-22,32044,1082,30494,586,1199,298,1587,1333
2018-03-23,26204,849,24796,477,1163,322,1444,1162
2018-03-24,14517,784,2910,417,873,317,2458,1014
2018-03-25,12644,794,2275,418,914,263,1159,1134
2018-03-26,25896,1110,3411,523,1057,347,1546,1550
2018-03-27,20067,1271,3432,563,1060,362,1568,1592
2018-03-28,25001,1668,4205,569,1184,344,3374,1457
2018-03-29,17879,2872,5073,692,1475,416,3008,1405
2018-03-30,18396,3044,4649,620,1196,318,1734,1328
2018-03-31,12176,3006,3918,552,1117,297,1285,1043
2018-04-01,13807,3109,4164,640,1249,380,1691,1192
2018-04-02,18749,2710,4200,614,1101,388,1564,1304
2018-04-03,18075,2914,4946,690,1192,343,1567,1428
2018-04-04,20736,2993,5719,655,1233,345,1555,1339
2018-04-05,20691,3029,5109,712,1280,308,1596,1450
2018-04-06,18699,2570,4381,661,1202,308,1317,1677
2018-04-07,17621,2938,4908,556,1042,225,1062,1439
2018-04-08,17800,3333,5320,541,1043,204,1203,1469
2018-04-09,14955,2861,4354,627,1112,284,1553,1818
2018-04-10,18262,2523,4345,631,1130,252,1320,1495
2018-04-11,14757,2587,4084,545,1205,291,1345,1454
2018-04-12,16972,2573,4372,614,1183,261,1537,1370
2018-04-13,15121,2511,3846,626,1232,265,1583,1237
2018-04-14,12104,2424,3346,471,928,206,1014,982
2018-04-15,12138,2458,3584,512,925,246,1135,1193
2018-04-16,15892,2698,4411,549,1081,303,1447,1276
2018-04-17,17430,2721,4038,587,1274,313,3850,1399
2018-04-18,16359,3024,4847,597,1274,400,2144,1866
2018-04-19,15434,2580,3915,564,1269,436,1955,1542
2018-04-20,,,,,,,,
