,2009-01-03 00:00:00,0.000285
0,2009-01-05 00:00:00,0.0
1,2009-01-07 00:00:00,0.0
2,2009-01-09 00:00:00,0.000215
3,2009-01-11 00:00:00,0.00021538679245283016
4,2009-01-13 00:00:00,0.00021807826086956523
5,2009-01-15 00:00:00,0.000241748031496063
6,2009-01-17 00:00:00,0.00021823148148148147
7,2009-01-19 00:00:00,0.00021955462184873942
8,2009-01-21 00:00:00,0.00022753982300884957
9,2009-01-23 00:00:00,0.0002219402985074627
10,2009-01-25 00:00:00,0.00021696907216494843
11,2009-01-27 00:00:00,0.00024252427184466016
12,2009-01-29 00:00:00,0.0002154672131147541
13,2009-01-31 00:00:00,0.0002155581395348837
14,2009-02-02 00:00:00,0.00021583464566929131
15,2009-02-04 00:00:00,0.00022239024390243906
16,2009-02-06 00:00:00,0.00021581395348837208
17,2009-02-08 00:00:00,0.00021752985074626868
18,2009-02-10 00:00:00,0.0002156692913385827
19,2009-02-12 00:00:00,0.00022048305084745762
20,2009-02-14 00:00:00,0.0002158652482269504
21,2009-02-16 00:00:00,0.00021588617886178854
22,2009-02-18 00:00:00,0.00021593548387096776
23,2009-02-20 00:00:00,0.000230453125
24,2009-02-22 00:00:00,0.0002285867768595041
25,2009-02-24 00:00:00,0.00021594594594594597
26,2009-02-26 00:00:00,0.0002159791666666667
27,2009-02-28 00:00:00,0.0002566862745098039
28,2009-03-02 00:00:00,0.0002159423076923077
29,2009-03-04 00:00:00,0.00021571698113207548
30,2009-03-06 00:00:00,0.00022394067796610172
31,2009-03-08 00:00:00,0.00024435714285714284
32,2009-03-10 00:00:00,0.0002158095238095238
33,2009-03-12 00:00:00,0.0002195
34,2009-03-14 00:00:00,0.00021593965517241378
35,2009-03-16 00:00:00,0.0002583692307692308
36,2009-03-18 00:00:00,0.00021595454545454544
37,2009-03-20 00:00:00,0.0002277457627118644
38,2009-03-22 00:00:00,0.0002299894736842105
39,2009-03-24 00:00:00,0.0002159809523809524
40,2009-03-26 00:00:00,0.00024456637168141594
41,2009-03-28 00:00:00,0.00023622689075630254
42,2009-03-30 00:00:00,0.000215872
43,2009-04-01 00:00:00,0.0002158785046728972
44,2009-04-03 00:00:00,0.00021595575221238934
45,2009-04-05 00:00:00,0.000215968992248062
46,2009-04-07 00:00:00,0.00021598989898989894
47,2009-04-09 00:00:00,0.00021588888888888892
48,2009-04-11 00:00:00,0.00022322950819672133
49,2009-04-13 00:00:00,0.00022699130434782608
50,2009-04-15 00:00:00,0.00021573214285714286
51,2009-04-17 00:00:00,0.00021584347826086961
52,2009-04-19 00:00:00,0.00022534453781512603
53,2009-04-21 00:00:00,0.00028298373983739843
54,2009-04-23 00:00:00,0.0002157875
55,2009-04-25 00:00:00,0.0002158606557377049
56,2009-04-27 00:00:00,0.0002159333333333333
57,2009-04-29 00:00:00,0.00021584552845528451
58,2009-05-01 00:00:00,0.00021588617886178854
59,2009-05-03 00:00:00,0.00023093859649122808
60,2009-05-05 00:00:00,0.00024215151515151513
61,2009-05-07 00:00:00,0.00021600000000000002
62,2009-05-09 00:00:00,0.00021558241758241762
63,2009-05-11 00:00:00,0.00021884873949579829
64,2009-05-13 00:00:00,0.00021933913043478259
65,2009-05-15 00:00:00,0.00021906993006993007
66,2009-05-17 00:00:00,0.000215952
67,2009-05-19 00:00:00,0.00021589
68,2009-05-21 00:00:00,0.0002159325842696629
69,2009-05-23 00:00:00,0.000216
70,2009-05-25 00:00:00,0.00021594642857142857
71,2009-05-27 00:00:00,0.000215704
72,2009-05-29 00:00:00,0.0002802056074766355
73,2009-05-31 00:00:00,0.00021600000000000002
74,2009-06-02 00:00:00,0.0002158988764044944
75,2009-06-04 00:00:00,0.00021597435897435896
76,2009-06-06 00:00:00,0.00021516666666666665
77,2009-06-08 00:00:00,0.0002158194444444444
78,2009-06-10 00:00:00,0.0002159277108433735
79,2009-06-12 00:00:00,0.00021592307692307693
80,2009-06-14 00:00:00,0.00021572857142857144
81,2009-06-16 00:00:00,0.00021584931506849319
82,2009-06-18 00:00:00,0.00021576543209876544
83,2009-06-20 00:00:00,0.00021573809523809523
84,2009-06-22 00:00:00,0.00030187499999999995
85,2009-06-24 00:00:00,0.00022205882352941176
86,2009-06-26 00:00:00,0.00024176404494382018
87,2009-06-28 00:00:00,0.0002204313725490196
88,2009-06-30 00:00:00,0.0002236551724137931
89,2009-07-02 00:00:00,0.00021570833333333332
90,2009-07-04 00:00:00,0.0002158988764044944
91,2009-07-06 00:00:00,0.000215978021978022
92,2009-07-08 00:00:00,0.0002159493670886076
93,2009-07-10 00:00:00,0.00021587804878048784
94,2009-07-12 00:00:00,0.00021580263157894736
95,2009-07-14 00:00:00,0.00021594444444444444
96,2009-07-16 00:00:00,0.00021594202898550725
97,2009-07-18 00:00:00,0.000215
98,2009-07-20 00:00:00,0.00021584
99,2009-07-22 00:00:00,0.00021555072463768114
100,2009-07-24 00:00:00,0.00021588
101,2009-07-26 00:00:00,0.0002156153846153846
102,2009-07-28 00:00:00,0.00021575
103,2009-07-30 00:00:00,0.00025164285714285707
104,2009-08-01 00:00:00,0.00021569565217391303
105,2009-08-03 00:00:00,0.00021553333333333336
106,2009-08-05 00:00:00,0.0002157692307692308
107,2009-08-07 00:00:00,0.000215945945945946
108,2009-08-09 00:00:00,0.00021596938775510205
109,2009-08-11 00:00:00,0.000215910447761194
110,2009-08-13 00:00:00,0.000215679012345679
111,2009-08-15 00:00:00,0.00021549999999999998
112,2009-08-17 00:00:00,0.0002158235294117647
113,2009-08-19 00:00:00,0.00021546666666666668
114,2009-08-21 00:00:00,0.000215
115,2009-08-23 00:00:00,0.00021558333333333336
116,2009-08-25 00:00:00,0.00021552727272727276
117,2009-08-27 00:00:00,0.0004073666666666666
118,2009-08-29 00:00:00,0.00021575903614457832
119,2009-08-31 00:00:00,0.00022357446808510639
120,2009-09-02 00:00:00,0.00021580882352941177
121,2009-09-04 00:00:00,0.00021568253968253968
122,2009-09-06 00:00:00,0.0002158194444444444
123,2009-09-08 00:00:00,0.00021574242424242425
124,2009-09-10 00:00:00,0.0002159016393442623
125,2009-09-12 00:00:00,0.00021581690140845067
126,2009-09-14 00:00:00,0.00021588888888888892
127,2009-09-16 00:00:00,0.00021962068965517242
128,2009-09-18 00:00:00,0.00021577777777777782
129,2009-09-20 00:00:00,0.0002159746835443038
130,2009-09-22 00:00:00,0.0002437647058823529
131,2009-09-24 00:00:00,0.00021557317073170733
132,2009-09-26 00:00:00,0.00021547872340425532
133,2009-09-28 00:00:00,0.0002159431818181818
134,2009-09-30 00:00:00,0.000215816091954023
135,2009-10-02 00:00:00,0.0002316666666666667
136,2009-10-04 00:00:00,0.00021559016393442624
137,2009-10-06 00:00:00,0.0002612682926829268
138,2009-10-08 00:00:00,0.00021548571428571428
139,2009-10-10 00:00:00,0.0002157792207792208
140,2009-10-12 00:00:00,0.00035482258064516126
141,2009-10-14 00:00:00,0.00021575
142,2009-10-16 00:00:00,0.00036043076923076927
143,2009-10-18 00:00:00,0.000228859375
144,2009-10-20 00:00:00,0.00021553153153153158
145,2009-10-22 00:00:00,0.00029488372093023263
146,2009-10-24 00:00:00,0.00021552
147,2009-10-26 00:00:00,0.0002158
148,2009-10-28 00:00:00,0.000215640625
149,2009-10-30 00:00:00,0.00027422950819672127
150,2009-11-01 00:00:00,0.00021533333333333333
151,2009-11-03 00:00:00,0.00021564912280701756
152,2009-11-05 00:00:00,0.000292921875
153,2009-11-07 00:00:00,0.0002156315789473685
154,2009-11-09 00:00:00,0.00021566153846153848
155,2009-11-11 00:00:00,0.000323072463768116
156,2009-11-13 00:00:00,0.0002417285714285714
157,2009-11-15 00:00:00,0.00021558333333333336
158,2009-11-17 00:00:00,0.00021568131868131868
159,2009-11-19 00:00:00,0.00021534246575342464
160,2009-11-21 00:00:00,0.00021571428571428566
161,2009-11-23 00:00:00,0.000215875
162,2009-11-25 00:00:00,0.0002156470588235294
163,2009-11-27 00:00:00,0.00021550666666666666
164,2009-11-29 00:00:00,0.00021563793103448277
165,2009-12-01 00:00:00,0.00021581818181818185
166,2009-12-03 00:00:00,0.00021577647058823528
167,2009-12-05 00:00:00,0.0002152115384615385
168,2009-12-07 00:00:00,0.0002156063829787234
169,2009-12-09 00:00:00,0.0002561808510638297
170,2009-12-11 00:00:00,0.00021538400000000002
171,2009-12-13 00:00:00,0.00021565384615384616
172,2009-12-15 00:00:00,0.0002240172413793104
173,2009-12-17 00:00:00,0.00022410559006211183
174,2009-12-19 00:00:00,0.00021653125
175,2009-12-21 00:00:00,0.00021652406417112303
176,2009-12-23 00:00:00,0.00021563905325443783
177,2009-12-25 00:00:00,0.0002172229299363057
178,2009-12-27 00:00:00,0.0002197159763313609
179,2009-12-29 00:00:00,0.00021565853658536588
180,2009-12-31 00:00:00,0.00021563333333333333
181,2010-01-02 00:00:00,0.00021808461538461534
182,2010-01-04 00:00:00,0.0002665631578947368
183,2010-01-06 00:00:00,0.00021572784810126584
184,2010-01-08 00:00:00,0.00021573333333333334
185,2010-01-10 00:00:00,0.00021581151832460733
186,2010-01-12 00:00:00,0.0003654698795180723
187,2010-01-14 00:00:00,0.00021770886075949368
188,2010-01-16 00:00:00,0.0002202089552238806
189,2010-01-18 00:00:00,0.00021551538461538465
190,2010-01-20 00:00:00,0.00021550714285714284
191,2010-01-22 00:00:00,0.00021924666666666668
192,2010-01-24 00:00:00,0.00021988275862068967
193,2010-01-26 00:00:00,0.00022959405940594057
194,2010-01-28 00:00:00,0.00024070520231213882
195,2010-01-30 00:00:00,0.00022661111111111108
196,2010-02-01 00:00:00,0.0002442290502793296
197,2010-02-03 00:00:00,0.00022874074074074078
198,2010-02-05 00:00:00,0.0003463469387755102
199,2010-02-07 00:00:00,0.0002270338164251208
200,2010-02-09 00:00:00,0.00021822488038277516
201,2010-02-11 00:00:00,0.00022657865168539327
202,2010-02-13 00:00:00,0.00023878125
203,2010-02-15 00:00:00,0.0002589081081081081
204,2010-02-17 00:00:00,0.00023477586206896558
205,2010-02-19 00:00:00,0.0002277486033519553
206,2010-02-21 00:00:00,0.00023389252336448598
207,2010-02-23 00:00:00,0.0002163346613545817
208,2010-02-25 00:00:00,0.0002269054054054054
209,2010-02-27 00:00:00,0.0002234161849710983
210,2010-03-01 00:00:00,0.00022822580645161288
211,2010-03-03 00:00:00,0.00022012837837837842
212,2010-03-05 00:00:00,0.00046587428571428575
213,2010-03-07 00:00:00,0.00029489017341040465
214,2010-03-09 00:00:00,0.00027748648648648653
215,2010-03-11 00:00:00,0.00028847945205479454
216,2010-03-13 00:00:00,0.00024358227848101264
217,2010-03-15 00:00:00,0.00022375806451612905
218,2010-03-17 00:00:00,0.0002591707317073171
219,2010-03-19 00:00:00,0.0003710075187969925
220,2010-03-21 00:00:00,0.00023639779005524858
221,2010-03-23 00:00:00,0.00025874146341463414
222,2010-03-25 00:00:00,0.00043233870967741936
223,2010-03-27 00:00:00,0.00025620114942528737
224,2010-03-29 00:00:00,0.00026181770833333336
225,2010-03-31 00:00:00,0.0002286135265700483
226,2010-04-02 00:00:00,0.0002392837837837838
227,2010-04-04 00:00:00,0.0002492771084337349
228,2010-04-06 00:00:00,0.00037864137931034483
229,2010-04-08 00:00:00,0.0002648666666666667
230,2010-04-10 00:00:00,0.00043144583333333336
231,2010-04-12 00:00:00,0.00033895852534562214
232,2010-04-14 00:00:00,0.00028766499999999994
233,2010-04-16 00:00:00,0.00031923762376237627
234,2010-04-18 00:00:00,0.0013091849056603773
235,2010-04-20 00:00:00,0.00046183414634146336
236,2010-04-22 00:00:00,0.0003178870056497175
237,2010-04-24 00:00:00,0.00039316326530612237
238,2010-04-26 00:00:00,0.00035626470588235297
239,2010-04-28 00:00:00,0.0003269828571428572
240,2010-04-30 00:00:00,0.0002729542483660131
241,2010-05-02 00:00:00,0.0002571705882352941
242,2010-05-04 00:00:00,0.0003237384615384616
243,2010-05-06 00:00:00,0.0003404437086092715
244,2010-05-08 00:00:00,0.00026618243243243253
245,2010-05-10 00:00:00,0.0003123138686131386
246,2010-05-12 00:00:00,0.00029509917355371903
247,2010-05-14 00:00:00,0.00034869166666666674
248,2010-05-16 00:00:00,0.00029106250000000003
249,2010-05-18 00:00:00,0.0003207916666666667
250,2010-05-20 00:00:00,0.00028689071038251365
251,2010-05-22 00:00:00,0.0003086979166666667
252,2010-05-24 00:00:00,0.00033242631578947365
253,2010-05-26 00:00:00,0.00031646226415094335
254,2010-05-28 00:00:00,0.00028080365296803656
255,2010-05-30 00:00:00,0.0003431258278145695
256,2010-06-01 00:00:00,0.0003622631578947368
257,2010-06-03 00:00:00,0.0003933757961783439
258,2010-06-05 00:00:00,0.0003044892086330935
259,2010-06-07 00:00:00,0.00047154487179487176
260,2010-06-09 00:00:00,0.00029832098765432104
261,2010-06-11 00:00:00,0.0003554583333333333
262,2010-06-13 00:00:00,0.00032663975155279503
263,2010-06-15 00:00:00,0.0003836581632653061
264,2010-06-17 00:00:00,0.0003987412587412588
265,2010-06-19 00:00:00,0.00046870253164556973
266,2010-06-21 00:00:00,0.0003722037037037037
267,2010-06-23 00:00:00,0.000357485380116959
268,2010-06-25 00:00:00,0.00034751315789473687
269,2010-06-27 00:00:00,0.00032572955974842765
270,2010-06-29 00:00:00,0.0004468012422360248
271,2010-07-01 00:00:00,0.0008301826923076922
272,2010-07-03 00:00:00,0.000621565
273,2010-07-05 00:00:00,0.00046575
274,2010-07-07 00:00:00,0.0004332402597402597
275,2010-07-09 00:00:00,0.00031892063492063494
276,2010-07-11 00:00:00,0.00034733898305084747
277,2010-07-13 00:00:00,0.0006058494623655912
278,2010-07-15 00:00:00,0.0010153557692307693
279,2010-07-17 00:00:00,0.0007880928961748635
280,2010-07-19 00:00:00,0.0009595121951219512
281,2010-07-21 00:00:00,0.0006613217821782178
282,2010-07-23 00:00:00,0.0005111752577319588
283,2010-07-25 00:00:00,0.004262967289719626
284,2010-07-27 00:00:00,0.0013665428571428572
285,2010-07-29 00:00:00,0.004709554285714285
286,2010-07-31 00:00:00,0.0005272962962962963
287,2010-08-02 00:00:00,0.0004318385826771653
288,2010-08-04 00:00:00,0.0005245877192982456
289,2010-08-06 00:00:00,0.0007319813664596273
290,2010-08-08 00:00:00,0.0004869114583333333
291,2010-08-10 00:00:00,0.0013738115942028984
292,2010-08-12 00:00:00,0.0004590412844036697
293,2010-08-14 00:00:00,0.0004362260536398468
294,2010-08-16 00:00:00,0.0007546551724137931
295,2010-08-18 00:00:00,0.00197306015037594
296,2010-08-20 00:00:00,0.0006486946107784431
297,2010-08-22 00:00:00,0.0004906733668341709
298,2010-08-24 00:00:00,0.0004342243902439025
299,2010-08-26 00:00:00,0.0004991778846153847
300,2010-08-28 00:00:00,0.0005455921787709497
301,2010-08-30 00:00:00,0.0006008791946308724
302,2010-09-01 00:00:00,0.0008322897727272727
303,2010-09-03 00:00:00,0.0005302625
304,2010-09-05 00:00:00,0.0005325864197530863
305,2010-09-07 00:00:00,0.0005153576158940397
306,2010-09-09 00:00:00,0.0006658940397350992
307,2010-09-11 00:00:00,0.000467783950617284
308,2010-09-13 00:00:00,0.000844920731707317
309,2010-09-15 00:00:00,0.0007321117021276596
310,2010-09-17 00:00:00,0.00043887962962962967
311,2010-09-19 00:00:00,0.00048389047619047616
312,2010-09-21 00:00:00,0.0011303220338983052
313,2010-09-23 00:00:00,0.0010093443396226416
314,2010-09-25 00:00:00,0.0006348168316831684
315,2010-09-27 00:00:00,0.000836063025210084
316,2010-09-29 00:00:00,0.0025033615819209038
317,2010-10-01 00:00:00,0.0010720641025641026
318,2010-10-03 00:00:00,0.0011912396694214874
319,2010-10-05 00:00:00,0.0009704552845528458
320,2010-10-07 00:00:00,0.0006869479768786128
321,2010-10-09 00:00:00,0.0009084901960784312
322,2010-10-11 00:00:00,0.0006330181818181818
323,2010-10-13 00:00:00,0.0006748284023668638
324,2010-10-15 00:00:00,0.000513108108108108
325,2010-10-17 00:00:00,0.00048612765957446806
326,2010-10-19 00:00:00,0.0012618683127572016
327,2010-10-21 00:00:00,0.0008095064377682404
328,2010-10-23 00:00:00,0.0011054597701149426
329,2010-10-25 00:00:00,0.0006344380952380953
330,2010-10-27 00:00:00,0.0009044669811320756
331,2010-10-29 00:00:00,0.0006314255319148937
332,2010-10-31 00:00:00,0.00047793956043956035
333,2010-11-02 00:00:00,0.0004747321428571428
334,2010-11-04 00:00:00,0.0004859162303664922
335,2010-11-06 00:00:00,0.0006127029702970298
336,2010-11-08 00:00:00,0.0008425019157088122
337,2010-11-10 00:00:00,0.0005256424870466321
338,2010-11-12 00:00:00,0.0004388304093567252
339,2010-11-14 00:00:00,0.0005264075630252101
340,2010-11-16 00:00:00,0.01785658011049724
341,2010-11-18 00:00:00,0.0004551749049429657
342,2010-11-20 00:00:00,0.024283000000000002
343,2010-11-22 00:00:00,0.0006892125
344,2010-11-24 00:00:00,0.003632270270270271
345,2010-11-26 00:00:00,0.0019462758620689656
346,2010-11-28 00:00:00,0.0007802289156626505
347,2010-11-30 00:00:00,0.0006630095238095237
348,2010-12-02 00:00:00,0.000816160621761658
349,2010-12-04 00:00:00,0.00056213698630137
350,2010-12-06 00:00:00,0.0004936625
351,2010-12-08 00:00:00,0.0006901818181818183
352,2010-12-10 00:00:00,0.0007179466666666668
353,2010-12-12 00:00:00,0.0009247643678160919
354,2010-12-14 00:00:00,0.001388564417177914
355,2010-12-16 00:00:00,0.0007847634408602151
356,2010-12-18 00:00:00,0.0010795696202531646
357,2010-12-20 00:00:00,0.0016306100628930814
358,2010-12-22 00:00:00,0.0012649999999999998
359,2010-12-24 00:00:00,0.0011135133333333332
360,2010-12-26 00:00:00,0.0012342925170068027
361,2010-12-28 00:00:00,0.0011526627218934912
362,2010-12-30 00:00:00,0.001118775
363,2011-01-01 00:00:00,0.0010090730337078651
364,2011-01-03 00:00:00,0.0018724451219512192
365,2011-01-05 00:00:00,0.002231953333333333
366,2011-01-07 00:00:00,0.001660625
367,2011-01-09 00:00:00,0.0021450065789473684
368,2011-01-11 00:00:00,0.00229008024691358
369,2011-01-13 00:00:00,0.0019143027027027028
370,2011-01-15 00:00:00,0.001684877906976744
371,2011-01-17 00:00:00,0.0013647745664739884
372,2011-01-19 00:00:00,0.0016672316384180794
373,2011-01-21 00:00:00,0.0018209269662921351
374,2011-01-23 00:00:00,0.0022965823529411764
375,2011-01-25 00:00:00,0.0019262564102564101
376,2011-01-27 00:00:00,0.0019316375
377,2011-01-29 00:00:00,0.002932686666666667
378,2011-01-31 00:00:00,0.0057580800000000005
379,2011-02-02 00:00:00,0.0023836543209876547
380,2011-02-04 00:00:00,0.0015261052631578948
381,2011-02-06 00:00:00,0.0016691771428571428
382,2011-02-08 00:00:00,0.0015283313953488367
383,2011-02-10 00:00:00,0.003381550264550265
384,2011-02-12 00:00:00,0.0031310473684210524
385,2011-02-14 00:00:00,0.00379358064516129
386,2011-02-16 00:00:00,0.002515112554112555
387,2011-02-18 00:00:00,0.003058527777777778
388,2011-02-20 00:00:00,0.002618265957446809
389,2011-02-22 00:00:00,0.0030175188679245285
390,2011-02-24 00:00:00,0.002851359813084112
391,2011-02-26 00:00:00,0.0025103346613545817
392,2011-02-28 00:00:00,0.003519928143712575
393,2011-03-02 00:00:00,0.005318633136094674
394,2011-03-04 00:00:00,0.003531984924623115
395,2011-03-06 00:00:00,0.002833351851851852
396,2011-03-08 00:00:00,0.004458450777202072
397,2011-03-10 00:00:00,0.004125058823529411
398,2011-03-12 00:00:00,0.006117627737226278
399,2011-03-14 00:00:00,0.008058760683760683
400,2011-03-16 00:00:00,0.006623541095890411
401,2011-03-18 00:00:00,0.005898978260869565
402,2011-03-20 00:00:00,0.006207824
403,2011-03-22 00:00:00,0.005703999999999999
404,2011-03-24 00:00:00,0.0049983421052631595
405,2011-03-26 00:00:00,0.007498248226950355
406,2011-03-28 00:00:00,0.007511214723926381
407,2011-03-30 00:00:00,0.003898391025641026
408,2011-04-01 00:00:00,0.0033480285714285714
409,2011-04-03 00:00:00,0.003414125748502994
410,2011-04-05 00:00:00,0.004062782178217822
411,2011-04-07 00:00:00,0.004012345679012346
412,2011-04-09 00:00:00,0.003976704402515724
413,2011-04-11 00:00:00,0.004956051948051947
414,2011-04-13 00:00:00,0.004948796019900497
415,2011-04-15 00:00:00,0.007121814814814815
416,2011-04-17 00:00:00,0.004774567415730339
417,2011-04-19 00:00:00,0.00893185815602837
418,2011-04-21 00:00:00,0.004159236363636364
419,2011-04-23 00:00:00,0.004876952941176471
420,2011-04-25 00:00:00,0.0059588563829787245
421,2011-04-27 00:00:00,0.010131357894736842
422,2011-04-29 00:00:00,0.006579821782178218
423,2011-05-01 00:00:00,0.009398030612244895
424,2011-05-03 00:00:00,0.006050212560386474
425,2011-05-05 00:00:00,0.0059795000000000004
426,2011-05-07 00:00:00,0.006439114155251142
427,2011-05-09 00:00:00,0.006143168674698793
428,2011-05-11 00:00:00,0.008118673796791443
429,2011-05-13 00:00:00,0.010048865671641791
430,2011-05-15 00:00:00,0.008048999999999999
431,2011-05-17 00:00:00,0.007254896153846155
432,2011-05-19 00:00:00,0.011870309392265192
433,2011-05-21 00:00:00,0.00932999530516432
434,2011-05-23 00:00:00,0.00849203610108303
435,2011-05-25 00:00:00,0.008748256849315069
436,2011-05-27 00:00:00,0.0108934797979798
437,2011-05-29 00:00:00,0.011163687861271678
438,2011-05-31 00:00:00,0.01759930666666667
439,2011-06-02 00:00:00,0.01616068947368421
440,2011-06-04 00:00:00,0.017692921296296297
441,2011-06-06 00:00:00,0.015958724
442,2011-06-08 00:00:00,0.027564
443,2011-06-10 00:00:00,0.020520809734513274
444,2011-06-12 00:00:00,0.020799126050420173
445,2011-06-14 00:00:00,0.022939044444444442
446,2011-06-16 00:00:00,0.02505180597014925
447,2011-06-18 00:00:00,0.024158049504950492
448,2011-06-20 00:00:00,0.020048508620689656
449,2011-06-22 00:00:00,0.01631954814814815
450,2011-06-24 00:00:00,0.017696625
451,2011-06-26 00:00:00,0.026421251612903224
452,2011-06-28 00:00:00,0.030109267973856213
453,2011-06-30 00:00:00,0.02314129281767956
454,2011-07-02 00:00:00,0.02525538285714286
455,2011-07-04 00:00:00,0.02387658536585366
456,2011-07-06 00:00:00,0.03031153205128205
457,2011-07-08 00:00:00,0.02337021768707483
458,2011-07-10 00:00:00,0.02638138194444444
459,2011-07-12 00:00:00,0.02659445833333333
460,2011-07-14 00:00:00,0.023966772727272725
461,2011-07-16 00:00:00,0.021001654088050315
462,2011-07-18 00:00:00,0.027509385620915032
463,2011-07-20 00:00:00,0.02679265034965035
464,2011-07-22 00:00:00,0.02475459440559441
465,2011-07-24 00:00:00,0.01937117613636364
466,2011-07-26 00:00:00,0.022624502958579883
467,2011-07-28 00:00:00,0.02202926347305389
468,2011-07-30 00:00:00,0.018522480263157896
469,2011-08-01 00:00:00,0.01997839428571429
470,2011-08-03 00:00:00,0.022020408805031446
471,2011-08-05 00:00:00,0.02276708695652174
472,2011-08-07 00:00:00,0.02224772093023256
473,2011-08-09 00:00:00,0.029167706766917288
474,2011-08-11 00:00:00,0.024268837037037038
475,2011-08-13 00:00:00,0.0236843828125
476,2011-08-15 00:00:00,0.02662483216783217
477,2011-08-17 00:00:00,0.02777468217054264
478,2011-08-19 00:00:00,0.02622310370370371
479,2011-08-21 00:00:00,0.02100862068965517
480,2011-08-23 00:00:00,0.01941896470588236
481,2011-08-25 00:00:00,0.0235672265625
482,2011-08-27 00:00:00,0.02598433587786259
483,2011-08-29 00:00:00,0.026202247999999997
484,2011-08-31 00:00:00,0.019809781456953644
485,2011-09-02 00:00:00,0.01782916666666667
486,2011-09-04 00:00:00,0.04029912698412698
487,2011-09-06 00:00:00,0.022647146666666663
488,2011-09-08 00:00:00,0.022094104
489,2011-09-10 00:00:00,0.02278623076923077
490,2011-09-12 00:00:00,0.02332678461538461
491,2011-09-14 00:00:00,0.018358052631578945
492,2011-09-16 00:00:00,0.021916531746031743
493,2011-09-18 00:00:00,0.01414101796407186
494,2011-09-20 00:00:00,0.027390705035971224
495,2011-09-22 00:00:00,0.01945304666666666
496,2011-09-24 00:00:00,0.022170790322580642
497,2011-09-26 00:00:00,0.01924894890510949
498,2011-09-28 00:00:00,0.017783774436090232
499,2011-09-30 00:00:00,0.019116146341463414
500,2011-10-02 00:00:00,0.015756984732824428
501,2011-10-04 00:00:00,0.018359576923076926
502,2011-10-06 00:00:00,0.020061834586466168
503,2011-10-08 00:00:00,0.01832629457364341
504,2011-10-10 00:00:00,0.01937181355932203
505,2011-10-12 00:00:00,0.02379695798319328
506,2011-10-14 00:00:00,0.01910430827067669
507,2011-10-16 00:00:00,0.016843869918699187
508,2011-10-18 00:00:00,0.019139629921259844
509,2011-10-20 00:00:00,0.017868922330097087
510,2011-10-22 00:00:00,0.02065013829787234
511,2011-10-24 00:00:00,0.019223544715447155
512,2011-10-26 00:00:00,0.020281385321100912
513,2011-10-28 00:00:00,0.021874529411764702
514,2011-10-30 00:00:00,0.020380670103092784
515,2011-11-01 00:00:00,0.015826993150684934
516,2011-11-03 00:00:00,0.017490795275590554
517,2011-11-05 00:00:00,0.018949006666666667
518,2011-11-07 00:00:00,0.017366549618320612
519,2011-11-09 00:00:00,0.01730913017751479
520,2011-11-11 00:00:00,0.019011180327868853
521,2011-11-13 00:00:00,0.013648258503401359
522,2011-11-15 00:00:00,0.016818179190751445
523,2011-11-17 00:00:00,0.01742678620689655
524,2011-11-19 00:00:00,0.016742899224806203
525,2011-11-21 00:00:00,0.015168733333333332
526,2011-11-23 00:00:00,0.017405580152671754
527,2011-11-25 00:00:00,0.017192423076923074
528,2011-11-27 00:00:00,0.017309780701754388
529,2011-11-29 00:00:00,0.021743237410071944
530,2011-12-01 00:00:00,0.0186013027027027
531,2011-12-03 00:00:00,0.01690016
532,2011-12-05 00:00:00,0.017047037499999997
533,2011-12-07 00:00:00,0.0215107074829932
534,2011-12-09 00:00:00,0.01611737748344371
535,2011-12-11 00:00:00,0.016941310344827584
536,2011-12-13 00:00:00,0.019533682170542632
537,2011-12-15 00:00:00,0.017576300813008133
538,2011-12-17 00:00:00,0.014085417808219178
539,2011-12-19 00:00:00,0.016219185430463575
540,2011-12-21 00:00:00,0.01657312258064516
541,2011-12-23 00:00:00,0.016395638157894736
542,2011-12-25 00:00:00,0.012551068965517241
543,2011-12-27 00:00:00,0.015143666666666663
544,2011-12-29 00:00:00,0.015615585714285712
545,2011-12-31 00:00:00,0.015430602484472053
546,2012-01-02 00:00:00,0.019842394736842104
547,2012-01-04 00:00:00,0.017402279220779217
548,2012-01-06 00:00:00,0.021417723529411764
549,2012-01-08 00:00:00,0.02015129192546584
550,2012-01-10 00:00:00,0.02460977397260274
551,2012-01-12 00:00:00,0.02247206024096385
552,2012-01-14 00:00:00,0.017763374999999998
553,2012-01-16 00:00:00,0.021255917721518986
554,2012-01-18 00:00:00,0.024339887323943658
555,2012-01-20 00:00:00,0.022361297101449275
556,2012-01-22 00:00:00,0.01803939230769231
557,2012-01-24 00:00:00,0.022802244444444446
558,2012-01-26 00:00:00,0.022866915384615383
559,2012-01-28 00:00:00,0.01752823870967742
560,2012-01-30 00:00:00,0.016118530120481925
561,2012-02-01 00:00:00,0.02469485185185185
562,2012-02-03 00:00:00,0.0208661375
563,2012-02-05 00:00:00,0.021651330882352944
564,2012-02-07 00:00:00,0.019984384615384616
565,2012-02-09 00:00:00,0.02385023611111111
566,2012-02-11 00:00:00,0.025436652173913044
567,2012-02-13 00:00:00,0.02361931292517007
568,2012-02-15 00:00:00,0.02875708450704225
569,2012-02-17 00:00:00,0.02215965492957746
570,2012-02-19 00:00:00,0.015993114649681527
571,2012-02-21 00:00:00,0.0210746171875
572,2012-02-23 00:00:00,0.02128714285714285
573,2012-02-25 00:00:00,0.018980461077844308
574,2012-02-27 00:00:00,0.019143126582278482
575,2012-02-29 00:00:00,0.01619839784946236
576,2012-03-02 00:00:00,0.027885060150375944
577,2012-03-04 00:00:00,0.02031628461538462
578,2012-03-06 00:00:00,0.023279182432432436
579,2012-03-08 00:00:00,0.019718878205128205
580,2012-03-10 00:00:00,0.020388
581,2012-03-12 00:00:00,0.016077603550295857
582,2012-03-14 00:00:00,0.029470297101449276
583,2012-03-16 00:00:00,0.02045627272727273
584,2012-03-18 00:00:00,0.016156294871794874
585,2012-03-20 00:00:00,0.02003392567567568
586,2012-03-22 00:00:00,0.019436288461538463
587,2012-03-24 00:00:00,0.01650963953488372
588,2012-03-26 00:00:00,0.02053421052631579
589,2012-03-28 00:00:00,0.02129040251572327
590,2012-03-30 00:00:00,0.02165878666666667
591,2012-04-01 00:00:00,0.017341166666666668
592,2012-04-03 00:00:00,0.0278548046875
593,2012-04-05 00:00:00,0.029146084033613445
594,2012-04-07 00:00:00,0.02170009090909091
595,2012-04-09 00:00:00,0.018034675496688742
596,2012-04-11 00:00:00,0.0236858951048951
597,2012-04-13 00:00:00,0.027611055555555555
598,2012-04-15 00:00:00,0.02655330769230769
599,2012-04-17 00:00:00,0.02937719718309859
600,2012-04-19 00:00:00,0.024548089743589744
601,2012-04-21 00:00:00,0.028284435374149663
602,2012-04-23 00:00:00,0.022038993243243245
603,2012-04-25 00:00:00,0.026043753623188403
604,2012-04-27 00:00:00,0.0266830873015873
605,2012-04-29 00:00:00,0.020656409638554217
606,2012-05-01 00:00:00,0.025536994413407826
607,2012-05-03 00:00:00,0.03323438554216868
608,2012-05-05 00:00:00,0.038109833333333336
609,2012-05-07 00:00:00,0.04256737426900584
610,2012-05-09 00:00:00,0.05234838414634147
611,2012-05-11 00:00:00,0.05177392682926829
612,2012-05-13 00:00:00,0.04674342424242424
613,2012-05-15 00:00:00,0.07240335114503818
614,2012-05-17 00:00:00,0.060371872881355926
615,2012-05-19 00:00:00,0.11609309589041095
616,2012-05-21 00:00:00,0.09810845454545457
617,2012-05-23 00:00:00,0.09783986776859503
618,2012-05-25 00:00:00,0.11137464655172416
619,2012-05-27 00:00:00,0.061058396341463414
620,2012-05-29 00:00:00,0.10311786029411764
621,2012-05-31 00:00:00,0.06389756164383563
622,2012-06-02 00:00:00,0.051931141025641024
623,2012-06-04 00:00:00,0.1288014701986755
624,2012-06-06 00:00:00,0.048375467455621296
625,2012-06-08 00:00:00,0.07994166891891892
626,2012-06-10 00:00:00,0.0973006823529412
627,2012-06-12 00:00:00,0.07266473571428572
628,2012-06-14 00:00:00,0.17527568493150686
629,2012-06-16 00:00:00,0.13933396250000002
630,2012-06-18 00:00:00,0.11069065605095542
631,2012-06-20 00:00:00,0.11834370588235295
632,2012-06-22 00:00:00,0.08656390780141844
633,2012-06-24 00:00:00,0.07141586428571428
634,2012-06-26 00:00:00,0.0960080472972973
635,2012-06-28 00:00:00,0.08969632592592593
636,2012-06-30 00:00:00,0.07026855633802817
637,2012-07-02 00:00:00,0.061912472049689436
638,2012-07-04 00:00:00,0.061161094339622635
639,2012-07-06 00:00:00,0.06369750980392158
640,2012-07-08 00:00:00,0.061282311688311684
641,2012-07-10 00:00:00,0.09672554304635762
642,2012-07-12 00:00:00,0.07875109933774835
643,2012-07-14 00:00:00,0.07751008053691275
644,2012-07-16 00:00:00,0.0932885472972973
645,2012-07-18 00:00:00,0.09295503311258277
646,2012-07-20 00:00:00,0.11505281294964027
647,2012-07-22 00:00:00,0.08763274820143885
648,2012-07-24 00:00:00,0.08218796894409937
649,2012-07-26 00:00:00,0.07397096629213484
650,2012-07-28 00:00:00,0.07955060000000001
651,2012-07-30 00:00:00,0.09237654594594594
652,2012-08-01 00:00:00,0.11138424113475176
653,2012-08-03 00:00:00,0.07575944508670521
654,2012-08-05 00:00:00,0.09226450344827586
655,2012-08-07 00:00:00,0.07645003355704698
656,2012-08-09 00:00:00,0.08597940251572328
657,2012-08-11 00:00:00,0.07547549367088609
658,2012-08-13 00:00:00,0.13397562745098038
659,2012-08-15 00:00:00,0.12767870175438598
660,2012-08-17 00:00:00,0.11736754545454545
661,2012-08-19 00:00:00,0.10849409493670886
662,2012-08-21 00:00:00,0.09025030386740332
663,2012-08-23 00:00:00,0.07941390303030303
664,2012-08-25 00:00:00,0.10894741984732824
665,2012-08-27 00:00:00,0.08852046308724833
666,2012-08-29 00:00:00,0.08297471686746988
667,2012-08-31 00:00:00,0.1192192097902098
668,2012-09-02 00:00:00,0.08512954248366013
669,2012-09-04 00:00:00,0.1279566875
670,2012-09-06 00:00:00,0.10025918279569893
671,2012-09-08 00:00:00,0.10125717857142856
672,2012-09-10 00:00:00,0.09447336805555556
673,2012-09-12 00:00:00,0.09469055319148936
674,2012-09-14 00:00:00,0.0976287098765432
675,2012-09-16 00:00:00,0.08277530666666667
676,2012-09-18 00:00:00,0.08029376646706586
677,2012-09-20 00:00:00,0.09541721768707484
678,2012-09-22 00:00:00,0.06980266279069768
679,2012-09-24 00:00:00,0.0904439294871795
680,2012-09-26 00:00:00,0.09543202097902098
681,2012-09-28 00:00:00,0.08300978048780487
682,2012-09-30 00:00:00,0.06737499342105263
683,2012-10-02 00:00:00,0.09784568382352944
684,2012-10-04 00:00:00,0.10900267164179103
685,2012-10-06 00:00:00,0.1123894014084507
686,2012-10-08 00:00:00,0.10643061445783132
687,2012-10-10 00:00:00,0.09645710067114094
688,2012-10-12 00:00:00,0.07502459602649006
689,2012-10-14 00:00:00,0.09003223188405797
690,2012-10-16 00:00:00,0.10582838157894736
691,2012-10-18 00:00:00,0.09043309032258064
692,2012-10-20 00:00:00,0.09831283333333334
693,2012-10-22 00:00:00,0.09582027108433737
694,2012-10-24 00:00:00,0.1028946282051282
695,2012-10-26 00:00:00,0.06815237267080745
696,2012-10-28 00:00:00,0.05284302366863905
697,2012-10-30 00:00:00,0.0935076577181208
698,2012-11-01 00:00:00,0.0901593777777778
699,2012-11-03 00:00:00,0.08119796503496503
700,2012-11-05 00:00:00,0.10293996078431374
701,2012-11-07 00:00:00,0.10958393630573247
702,2012-11-09 00:00:00,0.08746862068965518
703,2012-11-11 00:00:00,0.07717553787878789
704,2012-11-13 00:00:00,0.08377240441176471
705,2012-11-15 00:00:00,0.12102678676470588
706,2012-11-17 00:00:00,0.12328252482269506
707,2012-11-19 00:00:00,0.12583005691056912
708,2012-11-21 00:00:00,0.12599308441558446
709,2012-11-23 00:00:00,0.10709039310344827
710,2012-11-25 00:00:00,0.11214995035460996
711,2012-11-27 00:00:00,0.09233530921052632
712,2012-11-29 00:00:00,0.11179643636363636
713,2012-12-01 00:00:00,0.104615325
714,2012-12-03 00:00:00,0.07144214
715,2012-12-05 00:00:00,0.135177725
716,2012-12-07 00:00:00,0.11974195161290326
717,2012-12-09 00:00:00,0.11378053846153845
718,2012-12-11 00:00:00,0.1158074206896552
719,2012-12-13 00:00:00,0.13806563970588234
720,2012-12-15 00:00:00,0.12830498305084745
721,2012-12-17 00:00:00,0.1407398968253968
722,2012-12-19 00:00:00,0.15077155244755244
723,2012-12-21 00:00:00,0.15583961983471076
724,2012-12-23 00:00:00,0.12351102898550725
725,2012-12-25 00:00:00,0.10387349593495936
726,2012-12-27 00:00:00,0.12399588198757765
727,2012-12-29 00:00:00,0.13455169402985076
728,2012-12-31 00:00:00,0.09385293452380952
729,2013-01-02 00:00:00,0.11025617307692308
730,2013-01-04 00:00:00,0.15786246099290782
731,2013-01-06 00:00:00,0.10497364084507042
732,2013-01-08 00:00:00,0.11702113194444445
733,2013-01-10 00:00:00,0.15916001369863014
734,2013-01-12 00:00:00,0.1707035714285714
735,2013-01-14 00:00:00,0.13208025974025975
736,2013-01-16 00:00:00,0.18548447967479675
737,2013-01-18 00:00:00,0.192362024
738,2013-01-20 00:00:00,0.13931820454545452
739,2013-01-22 00:00:00,0.1427597890625
740,2013-01-24 00:00:00,0.1583405608108108
741,2013-01-26 00:00:00,0.16196534666666668
742,2013-01-28 00:00:00,0.1634842635135135
743,2013-01-30 00:00:00,0.14584491724137932
744,2013-02-01 00:00:00,0.16609904575163398
745,2013-02-03 00:00:00,0.1567544606060606
746,2013-02-05 00:00:00,0.13777827906976745
747,2013-02-07 00:00:00,0.17433307432432432
748,2013-02-09 00:00:00,0.16621247794117647
749,2013-02-11 00:00:00,0.1686173962264151
750,2013-02-13 00:00:00,0.1667363949044586
751,2013-02-15 00:00:00,0.1549626590909091
752,2013-02-17 00:00:00,0.12625443010752688
753,2013-02-19 00:00:00,0.1534995060240964
754,2013-02-21 00:00:00,0.13930684263959392
755,2013-02-23 00:00:00,0.1711520061728395
756,2013-02-25 00:00:00,0.15300074871794872
757,2013-02-27 00:00:00,0.14220652709359605
758,2013-03-01 00:00:00,0.19408612658227847
759,2013-03-03 00:00:00,0.15097415789473684
760,2013-03-05 00:00:00,0.17958524
761,2013-03-07 00:00:00,0.19969403289473686
762,2013-03-09 00:00:00,0.13115388235294118
763,2013-03-11 00:00:00,0.17365202150537634
764,2013-03-13 00:00:00,0.17421815584415587
765,2013-03-15 00:00:00,0.16744129411764705
766,2013-03-17 00:00:00,0.07950397044334978
767,2013-03-19 00:00:00,0.12148359898477158
768,2013-03-21 00:00:00,0.11802430941704035
769,2013-03-23 00:00:00,0.14040899523809525
770,2013-03-25 00:00:00,0.18186644117647055
771,2013-03-27 00:00:00,0.1921308571428572
772,2013-03-29 00:00:00,0.1820438736263736
773,2013-03-31 00:00:00,0.18608224203821655
774,2013-04-02 00:00:00,0.17478256571428571
775,2013-04-04 00:00:00,0.22002458750000006
776,2013-04-06 00:00:00,0.16458307738095238
777,2013-04-08 00:00:00,0.1865556449704142
778,2013-04-10 00:00:00,0.18228690217391305
779,2013-04-12 00:00:00,0.17369300578034685
780,2013-04-14 00:00:00,0.15921315950920248
781,2013-04-16 00:00:00,0.1713506994535519
782,2013-04-18 00:00:00,0.1500815828220859
783,2013-04-20 00:00:00,0.15883228965517246
784,2013-04-22 00:00:00,0.13989025308641978
785,2013-04-24 00:00:00,0.20045084
786,2013-04-26 00:00:00,0.15905522093023255
787,2013-04-28 00:00:00,0.12653906586826347
788,2013-04-30 00:00:00,0.18553886577181208
789,2013-05-02 00:00:00,0.1899492777777778
790,2013-05-04 00:00:00,0.15648173376623378
791,2013-05-06 00:00:00,0.16047550920245401
792,2013-05-08 00:00:00,0.1539793374233129
793,2013-05-10 00:00:00,0.1961901017964072
794,2013-05-12 00:00:00,0.18125398876404492
795,2013-05-14 00:00:00,0.2010623537414966
796,2013-05-16 00:00:00,0.2090411103448276
797,2013-05-18 00:00:00,0.16672119047619047
798,2013-05-20 00:00:00,0.16663236956521738
799,2013-05-22 00:00:00,0.15796862650602408
800,2013-05-24 00:00:00,0.1622377777777778
801,2013-05-26 00:00:00,0.13264750310559004
802,2013-05-28 00:00:00,0.16039016049382715
803,2013-05-30 00:00:00,0.16543244970414198
804,2013-06-01 00:00:00,0.12830812626262625
805,2013-06-03 00:00:00,0.122037995215311
806,2013-06-05 00:00:00,0.1332701188118812
807,2013-06-07 00:00:00,0.16185280745341615
808,2013-06-09 00:00:00,0.13046256886227545
809,2013-06-11 00:00:00,0.1308237159090909
810,2013-06-13 00:00:00,0.1045011450777202
811,2013-06-15 00:00:00,0.10965956818181816
812,2013-06-17 00:00:00,0.12733247402597406
813,2013-06-19 00:00:00,0.17122970399999998
814,2013-06-21 00:00:00,0.1469348612716763
815,2013-06-23 00:00:00,0.1042464318181818
816,2013-06-25 00:00:00,0.13901166891891892
817,2013-06-27 00:00:00,0.13153675301204815
818,2013-06-29 00:00:00,0.11625493788819875
819,2013-07-01 00:00:00,0.10322698692810456
820,2013-07-03 00:00:00,0.09049547428571428
821,2013-07-05 00:00:00,0.09309137288135594
822,2013-07-07 00:00:00,0.07559234759358288
823,2013-07-09 00:00:00,0.09615396517412936
824,2013-07-11 00:00:00,0.09915258854166666
825,2013-07-13 00:00:00,0.12910203311258278
826,2013-07-15 00:00:00,0.10244169005847953
827,2013-07-17 00:00:00,0.1067130473372781
828,2013-07-19 00:00:00,0.1004412071005917
829,2013-07-21 00:00:00,0.08969970769230769
830,2013-07-23 00:00:00,0.12710779310344827
831,2013-07-25 00:00:00,0.14551594160583944
832,2013-07-27 00:00:00,0.1004090909090909
833,2013-07-29 00:00:00,0.12585692168674698
834,2013-07-31 00:00:00,0.12715113065326633
835,2013-08-02 00:00:00,0.12824814210526314
836,2013-08-04 00:00:00,0.1221223567251462
837,2013-08-06 00:00:00,0.12381573015873015
838,2013-08-08 00:00:00,0.12540204455445544
839,2013-08-10 00:00:00,0.1190998391959799
840,2013-08-12 00:00:00,0.1081721135371179
841,2013-08-14 00:00:00,0.15285920129870129
842,2013-08-16 00:00:00,0.17348877325581394
843,2013-08-18 00:00:00,0.11993731472081218
844,2013-08-20 00:00:00,0.1681457955801105
845,2013-08-22 00:00:00,0.12960484615384615
846,2013-08-24 00:00:00,0.13094671505376346
847,2013-08-26 00:00:00,0.15509965030674847
848,2013-08-28 00:00:00,0.1712067005988024
849,2013-08-30 00:00:00,0.14291144845360826
850,2013-09-01 00:00:00,0.09551590990990992
851,2013-09-03 00:00:00,0.134384427027027
852,2013-09-05 00:00:00,0.15836179141104295
853,2013-09-07 00:00:00,0.14768278527607365
854,2013-09-09 00:00:00,0.1260532383419689
855,2013-09-11 00:00:00,0.10927016915422888
856,2013-09-13 00:00:00,0.1053390238095238
857,2013-09-15 00:00:00,0.12021524590163933
858,2013-09-17 00:00:00,0.17492405649717513
859,2013-09-19 00:00:00,0.13341154871794872
860,2013-09-21 00:00:00,0.12837260427807487
861,2013-09-23 00:00:00,0.12167521719457015
862,2013-09-25 00:00:00,0.11869881775700933
863,2013-09-27 00:00:00,0.1313944375
864,2013-09-29 00:00:00,0.11571605952380952
865,2013-10-01 00:00:00,0.12703807653061225
866,2013-10-03 00:00:00,0.14625411057692309
867,2013-10-05 00:00:00,0.10562760663507108
868,2013-10-07 00:00:00,0.13687234640522875
869,2013-10-09 00:00:00,0.1215591475409836
870,2013-10-11 00:00:00,0.13658422033898304
871,2013-10-13 00:00:00,0.11123013100436682
872,2013-10-15 00:00:00,0.10741741129032258
873,2013-10-17 00:00:00,0.12307298882681565
874,2013-10-19 00:00:00,0.1271253607305936
875,2013-10-21 00:00:00,0.14094571144278606
876,2013-10-23 00:00:00,0.13343452132701422
877,2013-10-25 00:00:00,0.1294892875
878,2013-10-27 00:00:00,0.11872217514124295
879,2013-10-29 00:00:00,0.15362644585987262
880,2013-10-31 00:00:00,0.1267154880382775
881,2013-11-02 00:00:00,0.1019446129032258
882,2013-11-04 00:00:00,0.11208315500000003
883,2013-11-06 00:00:00,0.1916326111111111
884,2013-11-08 00:00:00,0.2318914887218045
885,2013-11-10 00:00:00,0.18308116666666666
886,2013-11-12 00:00:00,0.14955839153439152
887,2013-11-14 00:00:00,0.20359579881656806
888,2013-11-16 00:00:00,0.12845676020408164
889,2013-11-18 00:00:00,0.2339958170731707
890,2013-11-20 00:00:00,0.2384740122699387
891,2013-11-22 00:00:00,0.2369568253012048
892,2013-11-24 00:00:00,0.17617976744186045
893,2013-11-26 00:00:00,0.23532400609756104
894,2013-11-28 00:00:00,0.2589383186813187
895,2013-11-30 00:00:00,0.24467779375
896,2013-12-02 00:00:00,0.22158814110429448
897,2013-12-04 00:00:00,0.21628429943502828
898,2013-12-06 00:00:00,0.1675818909952607
899,2013-12-08 00:00:00,0.13633906703910614
900,2013-12-10 00:00:00,0.18037604477611935
901,2013-12-12 00:00:00,0.17024469277108434
902,2013-12-14 00:00:00,0.16724517000000005
903,2013-12-16 00:00:00,0.17435630051813475
904,2013-12-18 00:00:00,0.19299062380952384
905,2013-12-20 00:00:00,0.16401435643564358
906,2013-12-22 00:00:00,0.15421332530120482
907,2013-12-24 00:00:00,0.17879269277108434
908,2013-12-26 00:00:00,0.15515048603351955
909,2013-12-28 00:00:00,0.15492043902439026
910,2013-12-30 00:00:00,0.1761770824742268
911,2014-01-01 00:00:00,0.102705585
912,2014-01-03 00:00:00,0.19916688957055215
913,2014-01-05 00:00:00,0.16722977777777778
914,2014-01-07 00:00:00,0.17420701604278074
915,2014-01-09 00:00:00,0.15684529834254146
916,2014-01-11 00:00:00,0.14248666666666668
917,2014-01-13 00:00:00,0.13576040886699509
918,2014-01-15 00:00:00,0.17859304093567252
919,2014-01-17 00:00:00,0.1958533986928105
920,2014-01-19 00:00:00,0.13830722282608693
921,2014-01-21 00:00:00,0.21448633720930232
922,2014-01-23 00:00:00,0.18491128651685396
923,2014-01-25 00:00:00,0.17926292258064516
924,2014-01-27 00:00:00,0.19369513043478265
925,2014-01-29 00:00:00,0.18736758860759492
926,2014-01-31 00:00:00,0.16946076630434784
927,2014-02-02 00:00:00,0.16181866853932586
928,2014-02-04 00:00:00,0.21382486390532546
929,2014-02-06 00:00:00,0.22916482035928146
930,2014-02-08 00:00:00,0.19567234285714288
931,2014-02-10 00:00:00,0.22125149673202613
932,2014-02-12 00:00:00,0.2553542455089821
933,2014-02-14 00:00:00,0.22558003664921464
934,2014-02-16 00:00:00,0.14908004663212435
935,2014-02-18 00:00:00,0.2359720958083832
936,2014-02-20 00:00:00,0.23919392397660816
937,2014-02-22 00:00:00,0.2010623475609756
938,2014-02-24 00:00:00,0.21527021428571427
939,2014-02-26 00:00:00,0.2320519723756906
940,2014-02-28 00:00:00,0.20926618085106385
941,2014-03-02 00:00:00,0.233452
942,2014-03-04 00:00:00,0.3833831510791367
943,2014-03-06 00:00:00,0.26289545679012344
944,2014-03-08 00:00:00,0.2200515942857143
945,2014-03-10 00:00:00,0.2387485333333333
946,2014-03-12 00:00:00,0.2582119107142857
947,2014-03-14 00:00:00,0.2825006834532374
948,2014-03-16 00:00:00,0.17953003164556966
949,2014-03-18 00:00:00,0.19120133103448275
950,2014-03-20 00:00:00,0.22514571856287424
951,2014-03-22 00:00:00,0.24233118181818186
952,2014-03-24 00:00:00,0.1883171859296483
953,2014-03-26 00:00:00,0.2451958924050633
954,2014-03-28 00:00:00,0.2186192513661202
955,2014-03-30 00:00:00,0.21974581879194635
956,2014-04-01 00:00:00,0.20962783240223465
957,2014-04-03 00:00:00,0.17656841346153848
958,2014-04-05 00:00:00,0.19508608379888268
959,2014-04-07 00:00:00,0.2358162123287671
960,2014-04-09 00:00:00,0.2563356896551724
961,2014-04-11 00:00:00,0.25672512751677856
962,2014-04-13 00:00:00,0.14314638190954773
963,2014-04-15 00:00:00,0.22657596923076925
964,2014-04-17 00:00:00,0.22999248850574716
965,2014-04-19 00:00:00,0.19751582822085886
966,2014-04-21 00:00:00,0.1885408813559322
967,2014-04-23 00:00:00,0.2257950285714285
968,2014-04-25 00:00:00,0.2714146646341463
969,2014-04-27 00:00:00,0.1873025389221557
970,2014-04-29 00:00:00,0.2352778734177215
971,2014-05-01 00:00:00,0.214350630952381
972,2014-05-03 00:00:00,0.20870952777777774
973,2014-05-05 00:00:00,0.277194016
974,2014-05-07 00:00:00,0.2413813987730061
975,2014-05-09 00:00:00,0.2322057168674699
976,2014-05-11 00:00:00,0.1864007168674699
977,2014-05-13 00:00:00,0.2324038352941177
978,2014-05-15 00:00:00,0.2503150120481928
979,2014-05-17 00:00:00,0.18561433333333333
980,2014-05-19 00:00:00,0.21932396610169488
981,2014-05-21 00:00:00,0.2501186797752809
982,2014-05-23 00:00:00,0.27197686708860763
983,2014-05-25 00:00:00,0.2199706556291391
984,2014-05-27 00:00:00,0.3045813875968993
985,2014-05-29 00:00:00,0.2937872900763359
986,2014-05-31 00:00:00,0.2110369342105264
987,2014-06-02 00:00:00,0.20385369273743015
988,2014-06-04 00:00:00,0.20797131147540984
989,2014-06-06 00:00:00,0.2648223040540541
990,2014-06-08 00:00:00,0.1981356
991,2014-06-10 00:00:00,0.2279069265536723
992,2014-06-12 00:00:00,0.23994681290322575
993,2014-06-14 00:00:00,0.19493966477272728
994,2014-06-16 00:00:00,0.19220381773399012
995,2014-06-18 00:00:00,0.2275346823529412
996,2014-06-20 00:00:00,0.1964764486486486
997,2014-06-22 00:00:00,0.1676220207253886
998,2014-06-24 00:00:00,0.19153230303030305
999,2014-06-26 00:00:00,0.21444237426900584
1000,2014-06-28 00:00:00,0.1788863155080214
1001,2014-06-30 00:00:00,0.30002941600000005
1002,2014-07-02 00:00:00,0.2912067985611511
1003,2014-07-04 00:00:00,0.21581675625
1004,2014-07-06 00:00:00,0.22281622147651006
1005,2014-07-08 00:00:00,0.2651297654320987
1006,2014-07-10 00:00:00,0.24393443506493506
1007,2014-07-12 00:00:00,0.1939434060606061
1008,2014-07-14 00:00:00,0.23521947586206898
1009,2014-07-16 00:00:00,0.23521162424242426
1010,2014-07-18 00:00:00,0.2377469119496855
1011,2014-07-20 00:00:00,0.20071631176470592
1012,2014-07-22 00:00:00,0.2744007552447552
1013,2014-07-24 00:00:00,0.249841355704698
1014,2014-07-26 00:00:00,0.2347276285714286
1015,2014-07-28 00:00:00,0.2681597720588235
1016,2014-07-30 00:00:00,0.21952504
1017,2014-08-01 00:00:00,0.25848339869281045
1018,2014-08-03 00:00:00,0.2008404802631579
1019,2014-08-05 00:00:00,0.32230699242424243
1020,2014-08-07 00:00:00,0.26064874522293
1021,2014-08-09 00:00:00,0.2085709248554913
1022,2014-08-11 00:00:00,0.23661537912087915
1023,2014-08-13 00:00:00,0.2896281592356688
1024,2014-08-15 00:00:00,0.2459262392638037
1025,2014-08-17 00:00:00,0.2193348424242424
1026,2014-08-19 00:00:00,0.2033015922330097
1027,2014-08-21 00:00:00,0.2581583690476191
1028,2014-08-23 00:00:00,0.2136957770700637
1029,2014-08-25 00:00:00,0.2871075820895522
1030,2014-08-27 00:00:00,0.2570614906832299
1031,2014-08-29 00:00:00,0.2217499939759036
1032,2014-08-31 00:00:00,0.17727686666666667
1033,2014-09-02 00:00:00,0.28699606993006993
1034,2014-09-04 00:00:00,0.2373554191616767
1035,2014-09-06 00:00:00,0.2276659583333333
1036,2014-09-08 00:00:00,0.26680685620915034
1037,2014-09-10 00:00:00,0.36472108974358974
1038,2014-09-12 00:00:00,0.22942321739130436
1039,2014-09-14 00:00:00,0.2359177882352941
1040,2014-09-16 00:00:00,0.3126716804733728
1041,2014-09-18 00:00:00,0.2384762324324325
1042,2014-09-20 00:00:00,0.2066916994219653
1043,2014-09-22 00:00:00,0.26135016560509555
1044,2014-09-24 00:00:00,0.2972832331288344
1045,2014-09-26 00:00:00,0.2799082516556292
1046,2014-09-28 00:00:00,0.3187571007194245
1047,2014-09-30 00:00:00,0.30426276315789474
1048,2014-10-02 00:00:00,0.29018352702702704
1049,2014-10-04 00:00:00,0.31657616083916085
1050,2014-10-06 00:00:00,0.27906125000000004
1051,2014-10-08 00:00:00,0.3482387786259541
1052,2014-10-10 00:00:00,0.2851023836477988
1053,2014-10-12 00:00:00,0.2804376351351351
1054,2014-10-14 00:00:00,0.3470021142857144
1055,2014-10-16 00:00:00,0.2861483533333333
1056,2014-10-18 00:00:00,0.23405530177514794
1057,2014-10-20 00:00:00,0.3232521449275363
1058,2014-10-22 00:00:00,0.2684983391812865
1059,2014-10-24 00:00:00,0.27820635582822084
1060,2014-10-26 00:00:00,0.30616796153846154
1061,2014-10-28 00:00:00,0.3368810266666667
1062,2014-10-30 00:00:00,0.29245154335260115
1063,2014-11-01 00:00:00,0.25282597500000004
1064,2014-11-03 00:00:00,0.3155498516129032
1065,2014-11-05 00:00:00,0.30680300000000005
1066,2014-11-07 00:00:00,0.3686643958333333
1067,2014-11-09 00:00:00,0.3379139640287769
1068,2014-11-11 00:00:00,0.34417353191489364
1069,2014-11-13 00:00:00,0.4004607328767123
1070,2014-11-15 00:00:00,0.27871554
1071,2014-11-17 00:00:00,0.3440370526315789
1072,2014-11-19 00:00:00,0.35657591240875913
1073,2014-11-21 00:00:00,0.3899876290322581
1074,2014-11-23 00:00:00,0.3211207872340426
1075,2014-11-25 00:00:00,0.3758133671875
1076,2014-11-27 00:00:00,0.3612495572519084
1077,2014-11-29 00:00:00,0.30224845033112585
1078,2014-12-01 00:00:00,0.4082906083916084
1079,2014-12-03 00:00:00,0.46520047933884295
1080,2014-12-05 00:00:00,0.3471060266666667
1081,2014-12-07 00:00:00,0.3662594590163935
1082,2014-12-09 00:00:00,0.3687179496402878
1083,2014-12-11 00:00:00,0.3411274689655173
1084,2014-12-13 00:00:00,0.30669722377622377
1085,2014-12-15 00:00:00,0.4100914901960784
1086,2014-12-17 00:00:00,0.43823379527559053
1087,2014-12-19 00:00:00,0.4088029677419355
1088,2014-12-21 00:00:00,0.3232683172413793
1089,2014-12-23 00:00:00,0.35747715432098764
1090,2014-12-25 00:00:00,0.23493749112426035
1091,2014-12-27 00:00:00,0.2845763625
1092,2014-12-29 00:00:00,0.27902982840236684
1093,2014-12-31 00:00:00,0.2873413548387097
1094,2015-01-02 00:00:00,0.25239609375
1095,2015-01-04 00:00:00,0.2960364277108434
1096,2015-01-06 00:00:00,0.3143204585987261
1097,2015-01-08 00:00:00,0.3905257259259259
1098,2015-01-10 00:00:00,0.4182098368794327
1099,2015-01-12 00:00:00,0.34244843902439026
1100,2015-01-14 00:00:00,0.4176100993377483
1101,2015-01-16 00:00:00,0.4008790201342282
1102,2015-01-18 00:00:00,0.3461123087248322
1103,2015-01-20 00:00:00,0.441115075
1104,2015-01-22 00:00:00,0.3569077933333333
1105,2015-01-24 00:00:00,0.3992117520661157
1106,2015-01-26 00:00:00,0.5219264251968504
1107,2015-01-28 00:00:00,0.2997022088607595
1108,2015-01-30 00:00:00,0.3278440431654676
1109,2015-02-01 00:00:00,0.2644935588235294
1110,2015-02-03 00:00:00,0.3909754148148148
1111,2015-02-05 00:00:00,0.3318097755102041
1112,2015-02-07 00:00:00,0.2736108720930233
1113,2015-02-09 00:00:00,0.3681829935483871
1114,2015-02-11 00:00:00,0.37979545333333337
1115,2015-02-13 00:00:00,0.4819874000000001
1116,2015-02-15 00:00:00,0.4622633880597015
1117,2015-02-17 00:00:00,0.4036521290322581
1118,2015-02-19 00:00:00,0.32233433536585365
1119,2015-02-21 00:00:00,0.4382493623188406
1120,2015-02-23 00:00:00,0.4267434452554744
1121,2015-02-25 00:00:00,0.3569967500000001
1122,2015-02-27 00:00:00,0.35955803797468355
1123,2015-03-01 00:00:00,0.39883224
1124,2015-03-03 00:00:00,0.40184929220779214
1125,2015-03-05 00:00:00,0.4732540701754386
1126,2015-03-07 00:00:00,0.3951938297872341
1127,2015-03-09 00:00:00,0.4353763939393939
1128,2015-03-11 00:00:00,0.3731254819277108
1129,2015-03-13 00:00:00,0.39357803597122304
1130,2015-03-15 00:00:00,0.33737155102040817
1131,2015-03-17 00:00:00,0.3939207342657343
1132,2015-03-19 00:00:00,0.432512986013986
1133,2015-03-21 00:00:00,0.3912156993006993
1134,2015-03-23 00:00:00,0.41236225
1135,2015-03-25 00:00:00,0.2984490060240964
1136,2015-03-27 00:00:00,0.326431023255814
1137,2015-03-29 00:00:00,0.33959340397351
1138,2015-03-31 00:00:00,0.3785118523489933
1139,2015-04-02 00:00:00,0.4214061768707483
1140,2015-04-04 00:00:00,0.3826890909090909
1141,2015-04-06 00:00:00,0.4344464263565891
1142,2015-04-08 00:00:00,0.4740540336134454
1143,2015-04-10 00:00:00,0.4127225845070423
1144,2015-04-12 00:00:00,0.34101895588235304
1145,2015-04-14 00:00:00,0.4021958734177214
1146,2015-04-16 00:00:00,0.3821573188405797
1147,2015-04-18 00:00:00,0.4132043383458647
1148,2015-04-20 00:00:00,0.3834475542168675
1149,2015-04-22 00:00:00,0.42149554545454543
1150,2015-04-24 00:00:00,0.5214497583333333
1151,2015-04-26 00:00:00,0.3498903691275168
1152,2015-04-28 00:00:00,0.3774613630573249
1153,2015-04-30 00:00:00,0.431984932330827
1154,2015-05-02 00:00:00,0.373641925170068
1155,2015-05-04 00:00:00,0.3906814393939394
1156,2015-05-06 00:00:00,0.4081766433566434
1157,2015-05-08 00:00:00,0.4009522635135135
1158,2015-05-10 00:00:00,0.4085127364341085
1159,2015-05-12 00:00:00,0.3906597594936709
1160,2015-05-14 00:00:00,0.3787343928571429
1161,2015-05-16 00:00:00,0.4097718203125
1162,2015-05-18 00:00:00,0.4087619489051095
1163,2015-05-20 00:00:00,0.42019341549295774
1164,2015-05-22 00:00:00,0.3944427464788733
1165,2015-05-24 00:00:00,0.4031306382978723
1166,2015-05-26 00:00:00,0.4388431629629629
1167,2015-05-28 00:00:00,0.4474625833333333
1168,2015-05-30 00:00:00,0.5430343306451613
1169,2015-06-01 00:00:00,0.4771302773722628
1170,2015-06-03 00:00:00,0.4701174507042253
1171,2015-06-05 00:00:00,0.4141495845070423
1172,2015-06-07 00:00:00,0.3279989640718563
1173,2015-06-09 00:00:00,0.3687518703703704
1174,2015-06-11 00:00:00,0.4303856709677419
1175,2015-06-13 00:00:00,0.4096257721518987
1176,2015-06-15 00:00:00,0.4782252
1177,2015-06-17 00:00:00,0.5900169366197183
1178,2015-06-19 00:00:00,0.4917238695652175
1179,2015-06-21 00:00:00,0.4286816967213115
1180,2015-06-23 00:00:00,0.5911582867132867
1181,2015-06-25 00:00:00,0.3543320125
1182,2015-06-27 00:00:00,0.4824453359375
1183,2015-06-29 00:00:00,0.4677260729927008
1184,2015-07-01 00:00:00,0.6247242620689655
1185,2015-07-03 00:00:00,0.4551951790123457
1186,2015-07-05 00:00:00,0.3802883379310345
1187,2015-07-07 00:00:00,0.7767134594594594
1188,2015-07-09 00:00:00,0.7004046811594203
1189,2015-07-11 00:00:00,0.7051406896551723
1190,2015-07-13 00:00:00,0.7572038344827586
1191,2015-07-15 00:00:00,0.6968850194805195
1192,2015-07-17 00:00:00,0.6997647708333333
1193,2015-07-19 00:00:00,0.6554952517482517
1194,2015-07-21 00:00:00,0.4609679928571428
1195,2015-07-23 00:00:00,0.38651674496644295
1196,2015-07-25 00:00:00,0.3841658366013072
1197,2015-07-27 00:00:00,0.5472667032258065
1198,2015-07-29 00:00:00,0.8187686711409397
1199,2015-07-31 00:00:00,0.7841715899280575
1200,2015-08-02 00:00:00,0.4407346878980892
1201,2015-08-04 00:00:00,0.7260759097222222
1202,2015-08-06 00:00:00,0.7938233142857142
1203,2015-08-08 00:00:00,0.3673111910828026
1204,2015-08-10 00:00:00,0.40965680571428575
1205,2015-08-12 00:00:00,0.5160442845528456
1206,2015-08-14 00:00:00,0.4371527089552239
1207,2015-08-16 00:00:00,0.3586688911564625
1208,2015-08-18 00:00:00,0.4606524
1209,2015-08-20 00:00:00,0.3852127290322581
1210,2015-08-22 00:00:00,0.3919019738562092
1211,2015-08-24 00:00:00,0.4347717324840765
1212,2015-08-26 00:00:00,0.4138263225806452
1213,2015-08-28 00:00:00,0.43133182550335575
1214,2015-08-30 00:00:00,0.34746787500000004
1215,2015-09-01 00:00:00,0.5154674736842105
1216,2015-09-03 00:00:00,0.6007755496688741
1217,2015-09-05 00:00:00,0.4823757814569538
1218,2015-09-07 00:00:00,0.4822181617647059
1219,2015-09-09 00:00:00,0.7119851347517728
1220,2015-09-11 00:00:00,0.6522061791907514
1221,2015-09-13 00:00:00,0.6329816285714286
1222,2015-09-15 00:00:00,0.6935994846625767
1223,2015-09-17 00:00:00,0.6888086099290781
1224,2015-09-19 00:00:00,0.4616508560606061
1225,2015-09-21 00:00:00,0.5538373636363636
1226,2015-09-23 00:00:00,0.50182222
1227,2015-09-25 00:00:00,0.4461537592592593
1228,2015-09-27 00:00:00,0.4262538263888889
1229,2015-09-29 00:00:00,0.4346772138728324
1230,2015-10-01 00:00:00,0.4519396103896104
1231,2015-10-03 00:00:00,0.4395409342105263
1232,2015-10-05 00:00:00,0.418199
1233,2015-10-07 00:00:00,0.6749667111111111
1234,2015-10-09 00:00:00,0.5835499172932329
1235,2015-10-11 00:00:00,0.5901196
1236,2015-10-13 00:00:00,0.5789778358208955
1237,2015-10-15 00:00:00,0.5685996134969326
1238,2015-10-17 00:00:00,0.6547715267175573
1239,2015-10-19 00:00:00,0.5130747469879517
1240,2015-10-21 00:00:00,0.6433683379310345
1241,2015-10-23 00:00:00,0.5201101363636363
1242,2015-10-25 00:00:00,0.5091113225806452
1243,2015-10-27 00:00:00,0.5324800189873417
1244,2015-10-29 00:00:00,0.5983270135135135
1245,2015-10-31 00:00:00,0.5158521184210526
1246,2015-11-02 00:00:00,0.5983496896551724
1247,2015-11-04 00:00:00,0.7738935032258065
1248,2015-11-06 00:00:00,0.6703288832116788
1249,2015-11-08 00:00:00,0.5649603571428571
1250,2015-11-10 00:00:00,0.5599680699300699
1251,2015-11-12 00:00:00,0.5478714794520548
1252,2015-11-14 00:00:00,0.5315930921052632
1253,2015-11-16 00:00:00,0.4792007329545454
1254,2015-11-18 00:00:00,0.6625697642857143
1255,2015-11-20 00:00:00,0.5207887421383648
1256,2015-11-22 00:00:00,0.40130741954022986
1257,2015-11-24 00:00:00,0.5226247960526316
1258,2015-11-26 00:00:00,0.5690603333333334
1259,2015-11-28 00:00:00,0.6126028630136986
1260,2015-11-30 00:00:00,0.6631424466666667
1261,2015-12-02 00:00:00,0.6674648775510205
1262,2015-12-04 00:00:00,0.5643991780821919
1263,2015-12-06 00:00:00,0.5721714069767442
1264,2015-12-08 00:00:00,0.6673874150943396
1265,2015-12-10 00:00:00,0.5806186428571428
1266,2015-12-12 00:00:00,0.6878884251497005
1267,2015-12-14 00:00:00,0.6709410568181818
1268,2015-12-16 00:00:00,0.6756485595238095
1269,2015-12-18 00:00:00,0.6342352625000001
1270,2015-12-20 00:00:00,0.5589670887573964
1271,2015-12-22 00:00:00,0.7804523475177305
1272,2015-12-24 00:00:00,0.7291674295302014
1273,2015-12-26 00:00:00,0.4772728010752688
1274,2015-12-28 00:00:00,0.5856291428571428
1275,2015-12-30 00:00:00,0.5648688323699422
1276,2016-01-01 00:00:00,0.4694142962962963
1277,2016-01-03 00:00:00,0.5257396510067114
1278,2016-01-05 00:00:00,0.6495762269938651
1279,2016-01-07 00:00:00,0.6778494305555555
1280,2016-01-09 00:00:00,0.6069291698113207
1281,2016-01-11 00:00:00,0.6402203411764705
1282,2016-01-13 00:00:00,0.6615723660130719
1283,2016-01-15 00:00:00,0.7806274390243904
1284,2016-01-17 00:00:00,0.7458049928057555
1285,2016-01-19 00:00:00,0.7521260402684563
1286,2016-01-21 00:00:00,0.8407136194029851
1287,2016-01-23 00:00:00,0.6093913407821229
1288,2016-01-25 00:00:00,0.6516743526011561
1289,2016-01-27 00:00:00,0.7278864610389609
1290,2016-01-29 00:00:00,0.663735094117647
1291,2016-01-31 00:00:00,0.5196530670391062
1292,2016-02-02 00:00:00,0.8246359268292682
1293,2016-02-04 00:00:00,0.6328443891891892
1294,2016-02-06 00:00:00,0.6526866910994764
1295,2016-02-08 00:00:00,0.7539734968944098
1296,2016-02-10 00:00:00,0.7158979408284023
1297,2016-02-12 00:00:00,0.6650826981132075
1298,2016-02-14 00:00:00,0.5667196944444445
1299,2016-02-16 00:00:00,0.7319261610738256
1300,2016-02-18 00:00:00,0.62491515
1301,2016-02-20 00:00:00,0.7443559493670887
1302,2016-02-22 00:00:00,0.8595248153846153
1303,2016-02-24 00:00:00,0.8958440081300812
1304,2016-02-26 00:00:00,0.75447926
1305,2016-02-28 00:00:00,0.7003338724832215
1306,2016-03-01 00:00:00,0.89761428125
1307,2016-03-03 00:00:00,0.9185191729323308
1308,2016-03-05 00:00:00,0.7731704025157233
1309,2016-03-07 00:00:00,0.651829464516129
1310,2016-03-09 00:00:00,0.7183319393939395
1311,2016-03-11 00:00:00,0.6278851779141105
1312,2016-03-13 00:00:00,0.5706659465648855
1313,2016-03-15 00:00:00,0.6914230197368422
1314,2016-03-17 00:00:00,0.7541426444444445
1315,2016-03-19 00:00:00,0.6814701851851852
1316,2016-03-21 00:00:00,0.7842592301587302
1317,2016-03-23 00:00:00,0.6589215298013246
1318,2016-03-25 00:00:00,0.6411212275862068
1319,2016-03-27 00:00:00,0.6138536470588235
1320,2016-03-29 00:00:00,0.6978397
1321,2016-03-31 00:00:00,0.837658632
1322,2016-04-02 00:00:00,0.8255437133333332
1323,2016-04-04 00:00:00,0.6659215792682927
1324,2016-04-06 00:00:00,0.7157646064516129
1325,2016-04-08 00:00:00,0.7354707659574468
1326,2016-04-10 00:00:00,0.5667128908045977
1327,2016-04-12 00:00:00,0.7947789671052632
1328,2016-04-14 00:00:00,0.7458737393939394
1329,2016-04-16 00:00:00,0.7081379300699301
1330,2016-04-18 00:00:00,0.7836681333333333
1331,2016-04-20 00:00:00,0.6969258848484848
1332,2016-04-22 00:00:00,0.7749120979020978
1333,2016-04-24 00:00:00,0.728039803030303
1334,2016-04-26 00:00:00,0.8131796887417219
1335,2016-04-28 00:00:00,0.8982190294117647
1336,2016-04-30 00:00:00,0.7575485068493151
1337,2016-05-02 00:00:00,0.7510854713375796
1338,2016-05-04 00:00:00,0.7087220119047619
1339,2016-05-06 00:00:00,0.6858892777777778
1340,2016-05-08 00:00:00,0.5846545950920246
1341,2016-05-10 00:00:00,0.7269089810126582
1342,2016-05-12 00:00:00,0.7799939712230216
1343,2016-05-14 00:00:00,0.8123429305555556
1344,2016-05-16 00:00:00,0.9067635744680852
1345,2016-05-18 00:00:00,0.8743317337662337
1346,2016-05-20 00:00:00,0.781658288590604
1347,2016-05-22 00:00:00,0.6035817880434783
1348,2016-05-24 00:00:00,0.849967387755102
1349,2016-05-26 00:00:00,0.8230840583941607
1350,2016-05-28 00:00:00,0.8633647518796992
1351,2016-05-30 00:00:00,0.8924766137931035
1352,2016-06-01 00:00:00,0.8404144236111111
1353,2016-06-03 00:00:00,0.8325584436619718
1354,2016-06-05 00:00:00,0.6134884678362573
1355,2016-06-07 00:00:00,0.8027037605633803
1356,2016-06-09 00:00:00,0.7206210909090909
1357,2016-06-11 00:00:00,0.6961208012820513
1358,2016-06-13 00:00:00,0.9156027515527952
1359,2016-06-15 00:00:00,0.9182022467532468
1360,2016-06-17 00:00:00,0.9307537382550336
1361,2016-06-19 00:00:00,0.7231075649717514
1362,2016-06-21 00:00:00,0.9149100067114094
1363,2016-06-23 00:00:00,0.9197958571428572
1364,2016-06-25 00:00:00,0.7974393855421686
1365,2016-06-27 00:00:00,0.7772074693877551
1366,2016-06-29 00:00:00,0.7645592260273972
1367,2016-07-01 00:00:00,0.7517467961783442
1368,2016-07-03 00:00:00,0.6146488116883118
1369,2016-07-05 00:00:00,0.7891594413793103
1370,2016-07-07 00:00:00,0.8223174275362318
1371,2016-07-09 00:00:00,0.6580531812080537
1372,2016-07-11 00:00:00,0.7932866923076923
1373,2016-07-13 00:00:00,0.8186623538461539
1374,2016-07-15 00:00:00,0.790217274074074
1375,2016-07-17 00:00:00,0.7093562147651007
1376,2016-07-19 00:00:00,0.860789296875
1377,2016-07-21 00:00:00,0.8092726315789475
1378,2016-07-23 00:00:00,0.8263020381679389
1379,2016-07-25 00:00:00,0.9106621818181818
1380,2016-07-27 00:00:00,0.9217874453125
1381,2016-07-29 00:00:00,0.8223719659863945
1382,2016-07-31 00:00:00,0.7945719350649351
1383,2016-08-02 00:00:00,0.8602431419354838
1384,2016-08-04 00:00:00,0.7807426274509803
1385,2016-08-06 00:00:00,0.6175066107784432
1386,2016-08-08 00:00:00,0.8403128926174497
1387,2016-08-10 00:00:00,0.8311269013157895
1388,2016-08-12 00:00:00,0.8052742214765101
1389,2016-08-14 00:00:00,0.6369271646341463
1390,2016-08-16 00:00:00,0.9206494779411764
1391,2016-08-18 00:00:00,0.798859012987013
1392,2016-08-20 00:00:00,0.7158367307692307
1393,2016-08-22 00:00:00,0.7862193522012578
1394,2016-08-24 00:00:00,0.7578695359477123
1395,2016-08-26 00:00:00,0.8444123409090909
1396,2016-08-28 00:00:00,0.6085277171052631
1397,2016-08-30 00:00:00,0.7841255757575757
1398,2016-09-01 00:00:00,0.8462416595744682
1399,2016-09-03 00:00:00,0.7699421825396825
1400,2016-09-05 00:00:00,0.8802988571428572
1401,2016-09-07 00:00:00,0.8093318355263158
1402,2016-09-09 00:00:00,0.8143285104895105
1403,2016-09-11 00:00:00,0.591717
1404,2016-09-13 00:00:00,0.7817094578313253
1405,2016-09-15 00:00:00,0.7529788116883117
1406,2016-09-17 00:00:00,0.7543839386503068
1407,2016-09-19 00:00:00,0.8350412330827068
1408,2016-09-21 00:00:00,0.7113517951807229
1409,2016-09-23 00:00:00,0.8052610514705882
1410,2016-09-25 00:00:00,0.5713854838709678
1411,2016-09-27 00:00:00,0.7622297100591716
1412,2016-09-29 00:00:00,0.8328163776223776
1413,2016-10-01 00:00:00,0.7112770445859873
1414,2016-10-03 00:00:00,0.8654335197368421
1415,2016-10-05 00:00:00,0.7889120359281437
1416,2016-10-07 00:00:00,0.8684020625
1417,2016-10-09 00:00:00,0.68225275
1418,2016-10-11 00:00:00,0.9230886690647482
1419,2016-10-13 00:00:00,0.9120396875
1420,2016-10-15 00:00:00,0.7816515492957746
1421,2016-10-17 00:00:00,0.929673328
1422,2016-10-19 00:00:00,0.8089161111111111
1423,2016-10-21 00:00:00,0.7910859207317072
1424,2016-10-23 00:00:00,0.7923368958333333
1425,2016-10-25 00:00:00,0.9439283381294964
1426,2016-10-27 00:00:00,0.9776256728395062
1427,2016-10-29 00:00:00,0.7730397046979867
1428,2016-10-31 00:00:00,0.8109842721088435
1429,2016-11-02 00:00:00,0.90370907518797
1430,2016-11-04 00:00:00,0.956108198275862
1431,2016-11-06 00:00:00,0.7325246883116883
1432,2016-11-08 00:00:00,0.8662659408284024
1433,2016-11-10 00:00:00,0.8045371130952381
1434,2016-11-12 00:00:00,0.7104031964285714
1435,2016-11-14 00:00:00,0.7902279941860466
1436,2016-11-16 00:00:00,0.7912516104651164
1437,2016-11-18 00:00:00,0.9323926418918921
1438,2016-11-20 00:00:00,0.903049
1439,2016-11-22 00:00:00,0.9588848134328358
1440,2016-11-24 00:00:00,0.9522807682926828
1441,2016-11-26 00:00:00,0.943726090909091
1442,2016-11-28 00:00:00,0.9091113658536586
1443,2016-11-30 00:00:00,0.9122474647887324
1444,2016-12-02 00:00:00,0.9767190972222222
1445,2016-12-04 00:00:00,0.8569991689189189
1446,2016-12-06 00:00:00,0.9627610933333334
1447,2016-12-08 00:00:00,0.8501776878980892
1448,2016-12-10 00:00:00,0.8984817196969697
1449,2016-12-12 00:00:00,0.8060146410256409
1450,2016-12-14 00:00:00,0.9016278705035972
1451,2016-12-16 00:00:00,0.9666167969924812
1452,2016-12-18 00:00:00,0.8614163758865249
1453,2016-12-20 00:00:00,0.9703796159420288
1454,2016-12-22 00:00:00,0.9198361949685534
1455,2016-12-24 00:00:00,0.854889503649635
1456,2016-12-26 00:00:00,0.8558632816901408
1457,2016-12-28 00:00:00,0.8684801951219513
1458,2016-12-30 00:00:00,0.8717078280254776
1459,2017-01-01 00:00:00,0.6985397692307692
1460,2017-01-03 00:00:00,0.9065735182926828
1461,2017-01-05 00:00:00,0.9841968928571428
1462,2017-01-07 00:00:00,0.9873366330935252
1463,2017-01-09 00:00:00,0.923003161764706
1464,2017-01-11 00:00:00,0.9230163529411765
1465,2017-01-13 00:00:00,0.8415314701986755
1466,2017-01-15 00:00:00,0.6770676586826347
1467,2017-01-17 00:00:00,0.900242
1468,2017-01-19 00:00:00,0.8343687413793104
1469,2017-01-21 00:00:00,0.6930888342541436
1470,2017-01-23 00:00:00,0.9093341007194244
1471,2017-01-25 00:00:00,0.9879089266666669
1472,2017-01-27 00:00:00,0.8376798058823529
1473,2017-01-29 00:00:00,0.8624916467065867
1474,2017-01-31 00:00:00,0.9595463241379312
1475,2017-02-02 00:00:00,0.913956592356688
1476,2017-02-04 00:00:00,0.952473055172414
1477,2017-02-06 00:00:00,0.97920132
1478,2017-02-08 00:00:00,0.9611287191780822
1479,2017-02-10 00:00:00,0.9677519797297296
1480,2017-02-12 00:00:00,0.8674449078014184
1481,2017-02-14 00:00:00,0.8847332662721894
1482,2017-02-16 00:00:00,0.9741140789473683
1483,2017-02-18 00:00:00,0.9622173421052632
1484,2017-02-20 00:00:00,0.9513293851351352
1485,2017-02-22 00:00:00,0.9773118633093524
1486,2017-02-24 00:00:00,0.9716721686746989
1487,2017-02-26 00:00:00,0.9217508539325844
1488,2017-02-28 00:00:00,0.968234019607843
1489,2017-03-02 00:00:00,0.9556123312101912
1490,2017-03-04 00:00:00,0.9860852686567164
1491,2017-03-06 00:00:00,0.9655325633802816
1492,2017-03-08 00:00:00,0.9794270845070422
1493,2017-03-10 00:00:00,0.9918213461538462
1494,2017-03-12 00:00:00,0.9601464645161291
1495,2017-03-14 00:00:00,0.962449358974359
1496,2017-03-16 00:00:00,0.9882601307189542
1497,2017-03-18 00:00:00,0.9420463184713376
1498,2017-03-20 00:00:00,0.9773873529411764
1499,2017-03-22 00:00:00,0.9823028385093168
1500,2017-03-24 00:00:00,0.869937534090909
1501,2017-03-26 00:00:00,0.6767430843373494
1502,2017-03-28 00:00:00,0.9856837225806452
1503,2017-03-30 00:00:00,0.9625500975609756
1504,2017-04-01 00:00:00,0.9671549848484848
1505,2017-04-03 00:00:00,0.8782873409090909
1506,2017-04-05 00:00:00,0.9668584444444444
1507,2017-04-07 00:00:00,0.9775861049382716
1508,2017-04-09 00:00:00,0.925461893081761
1509,2017-04-11 00:00:00,0.9628318922155688
1510,2017-04-13 00:00:00,0.9729802992125984
1511,2017-04-15 00:00:00,0.9917443973509932
1512,2017-04-17 00:00:00,0.9307864855072464
1513,2017-04-19 00:00:00,0.9842131748251748
1514,2017-04-21 00:00:00,0.9759393233532934
1515,2017-04-23 00:00:00,0.947631065359477
1516,2017-04-25 00:00:00,0.9660103243243244
1517,2017-04-27 00:00:00,0.9676179795918368
1518,2017-04-29 00:00:00,0.9715703121387282
1519,2017-05-01 00:00:00,0.9774208933333334
1520,2017-05-03 00:00:00,0.9952908712121212
1521,2017-05-05 00:00:00,0.9612458682170544
1522,2017-05-07 00:00:00,0.9648364431137724
1523,2017-05-09 00:00:00,0.9877865225806453
1524,2017-05-11 00:00:00,0.9612426962962964
1525,2017-05-13 00:00:00,0.9550900253164556
1526,2017-05-15 00:00:00,0.9707119823529412
1527,2017-05-17 00:00:00,0.9818819419354838
1528,2017-05-19 00:00:00,0.9712608170731708
1529,2017-05-21 00:00:00,0.990363700680272
1530,2017-05-23 00:00:00,0.9786851666666666
1531,2017-05-25 00:00:00,0.9768757668711656
1532,2017-05-27 00:00:00,0.9914609166666668
1533,2017-05-29 00:00:00,0.9779007417218544
1534,2017-05-31 00:00:00,0.976696451219512
1535,2017-06-02 00:00:00,0.9819886164383562
1536,2017-06-04 00:00:00,0.9823586708074536
1537,2017-06-06 00:00:00,0.9900443973509934
1538,2017-06-08 00:00:00,0.969814206060606
1539,2017-06-10 00:00:00,0.9664552411347516
1540,2017-06-12 00:00:00,0.9675946734693875
1541,2017-06-14 00:00:00,0.9693562928571428
1542,2017-06-16 00:00:00,0.9830880472972972
1543,2017-06-18 00:00:00,0.9366373586206898
1544,2017-06-20 00:00:00,0.9656752246376812
1545,2017-06-22 00:00:00,0.9925778489208632
1546,2017-06-24 00:00:00,0.9498387534246576
1547,2017-06-26 00:00:00,0.9872243450704226
1548,2017-06-28 00:00:00,0.9725872356687896
1549,2017-06-30 00:00:00,0.9563143831168832
1550,2017-07-02 00:00:00,0.7795832978723404
1551,2017-07-04 00:00:00,0.89702977124183
1552,2017-07-06 00:00:00,0.9563046619718312
1553,2017-07-08 00:00:00,0.858895296969697
1554,2017-07-10 00:00:00,0.7466579086294417
1555,2017-07-12 00:00:00,0.8815641581920904
1556,2017-07-14 00:00:00,0.9002089784172662
1557,2017-07-16 00:00:00,0.8402697177914108
1558,2017-07-18 00:00:00,0.9594278727272728
1559,2017-07-20 00:00:00,0.9294561296296296
1560,2017-07-22 00:00:00,0.92575418125
1561,2017-07-24 00:00:00,0.8944241123595505
1562,2017-07-26 00:00:00,0.9673388231292516
1563,2017-07-28 00:00:00,0.9168634066666668
1564,2017-07-30 00:00:00,0.8103373605442177
1565,2017-08-01 00:00:00,0.7252916308724833
1566,2017-08-03 00:00:00,0.8688547101449275
1567,2017-08-05 00:00:00,0.8812315932203392
1568,2017-08-07 00:00:00,0.9436978235294116
1569,2017-08-09 00:00:00,0.954165920289855
1570,2017-08-11 00:00:00,0.9671709027777776
1571,2017-08-13 00:00:00,0.9833201554054054
1572,2017-08-15 00:00:00,0.9750699013157894
1573,2017-08-17 00:00:00,0.9786816033519552
1574,2017-08-19 00:00:00,0.9664551589403974
1575,2017-08-21 00:00:00,0.9764870000000001
1576,2017-08-23 00:00:00,0.9865106666666668
1577,2017-08-25 00:00:00,0.92875899009901
1578,2017-08-27 00:00:00,0.9908020129032258
1579,2017-08-29 00:00:00,0.9981771140939596
1580,2017-08-31 00:00:00,0.9816415337423312
1581,2017-09-02 00:00:00,0.8090010182926829
1582,2017-09-04 00:00:00,0.9276607771428572
1583,2017-09-06 00:00:00,0.9041358024691358
1584,2017-09-08 00:00:00,0.9131877142857144
1585,2017-09-10 00:00:00,0.7842028550724638
1586,2017-09-12 00:00:00,0.7112392021276597
1587,2017-09-14 00:00:00,0.8023505804597701
1588,2017-09-16 00:00:00,0.7010672307692307
1589,2017-09-18 00:00:00,0.9119924094488188
1590,2017-09-20 00:00:00,0.9482453846153848
1591,2017-09-22 00:00:00,0.8020077482014388
1592,2017-09-24 00:00:00,0.656781524137931
1593,2017-09-26 00:00:00,0.9622311086956522
1594,2017-09-28 00:00:00,0.8439419661016948
1595,2017-09-30 00:00:00,0.7862133985507247
1596,2017-10-02 00:00:00,1.0015023933333334
1597,2017-10-04 00:00:00,0.8374743656716418
1598,2017-10-06 00:00:00,0.92043579245283
1599,2017-10-08 00:00:00,0.7644199010989011
1600,2017-10-10 00:00:00,0.9642725875
1601,2017-10-12 00:00:00,0.9775429869281046
1602,2017-10-14 00:00:00,1.0232214397163122
1603,2017-10-16 00:00:00,0.9177636379310344
1604,2017-10-18 00:00:00,1.0175214900662253
1605,2017-10-20 00:00:00,0.993012631284916
1606,2017-10-22 00:00:00,1.0052862252747252
1607,2017-10-24 00:00:00,1.0410116407185628
1608,2017-10-26 00:00:00,0.7323564888888889
1609,2017-10-28 00:00:00,1.007806905882353
1610,2017-10-30 00:00:00,1.0285091360544218
1611,2017-11-01 00:00:00,1.0432853027522937
1612,2017-11-03 00:00:00,1.046605974789916
1613,2017-11-05 00:00:00,1.0426671631205673
1614,2017-11-07 00:00:00,1.0263800833333334
1615,2017-11-09 00:00:00,1.024794026143791
1616,2017-11-11 00:00:00,1.058251325
1617,2017-11-13 00:00:00,1.0417878
1618,2017-11-15 00:00:00,1.0459106315789477
1619,2017-11-17 00:00:00,1.0345285748502993
1620,2017-11-19 00:00:00,1.042986825
1621,2017-11-21 00:00:00,1.0558941560693642
1622,2017-11-23 00:00:00,1.0568942611464969
1623,2017-11-25 00:00:00,1.0478601025641026
1624,2017-11-27 00:00:00,1.0473966470588236
1625,2017-11-29 00:00:00,1.0644090057803468
1626,2017-12-01 00:00:00,1.0680846666666668
1627,2017-12-03 00:00:00,1.0473750397727273
1628,2017-12-05 00:00:00,1.0586585337078651
1629,2017-12-07 00:00:00,1.045315112582781
1630,2017-12-09 00:00:00,1.051266287356322
1631,2017-12-11 00:00:00,1.060447970760234
1632,2017-12-13 00:00:00,1.0570646720430106
1633,2017-12-15 00:00:00,1.0579387692307691
1634,2017-12-17 00:00:00,1.0410744216216217
1635,2017-12-19 00:00:00,1.0601594
1636,2017-12-21 00:00:00,1.0386920909090909
1637,2017-12-23 00:00:00,1.0600379640287771
1638,2017-12-25 00:00:00,1.0507459555555556
1639,2017-12-27 00:00:00,1.0675947884615389
1640,2017-12-29 00:00:00,1.0477537151515153
1641,2017-12-31 00:00:00,1.0370569693251537
1642,2018-01-02 00:00:00,1.041367596491228
1643,2018-01-04 00:00:00,1.0658327023809524
1644,2018-01-06 00:00:00,1.0546091607142858
1645,2018-01-08 00:00:00,1.0506483373493976
1646,2018-01-10 00:00:00,1.0581949759036144
1647,2018-01-12 00:00:00,1.0546687584269665
1648,2018-01-14 00:00:00,1.0506577677419355
1649,2018-01-16 00:00:00,1.0500542201257859
1650,2018-01-18 00:00:00,1.05084887283237
1651,2018-01-20 00:00:00,1.1065685898876405
1652,2018-01-22 00:00:00,1.0810381017964072
1653,2018-01-24 00:00:00,1.0699939545454549
1654,2018-01-26 00:00:00,1.0426272967741936
1655,2018-01-28 00:00:00,1.0310088417721521
1656,2018-01-30 00:00:00,0.9875086706586826
1657,2018-02-01 00:00:00,1.053963175
1658,2018-02-03 00:00:00,0.9965668607594936
1659,2018-02-05 00:00:00,1.1027334702702702
1660,2018-02-07 00:00:00,1.0717223900709218
1661,2018-02-09 00:00:00,1.076192548148148
1662,2018-02-11 00:00:00,1.0069191523178809
1663,2018-02-13 00:00:00,1.0329561585365854
1664,2018-02-15 00:00:00,1.063894961832061
1665,2018-02-17 00:00:00,0.9730171812080536
1666,2018-02-19 00:00:00,1.006584074074074
1667,2018-02-21 00:00:00,0.985094627218935
1668,2018-02-23 00:00:00,1.006292972972973
1669,2018-02-25 00:00:00,0.7101613157894737
1670,2018-02-27 00:00:00,1.01619215
1671,2018-03-01 00:00:00,1.0682405212121209
1672,2018-03-03 00:00:00,0.9768335166666668
1673,2018-03-05 00:00:00,1.0160605167785235
1674,2018-03-07 00:00:00,1.0223219108280257
1675,2018-03-09 00:00:00,1.0312283424657531
1676,2018-03-11 00:00:00,1.0131507647058824
1677,2018-03-13 00:00:00,0.8925809430379747
1678,2018-03-15 00:00:00,0.7704331319444444
1679,2018-03-17 00:00:00,0.515427899328859
1680,2018-03-19 00:00:00,0.6780447032258065
1681,2018-03-21 00:00:00,0.6702691842105263
1682,2018-03-23 00:00:00,0.8305476766917294
1683,2018-03-25 00:00:00,0.5687728592592592
1684,2018-03-27 00:00:00,0.763199125
1685,2018-03-29 00:00:00,0.679723552631579
1686,2018-03-31 00:00:00,0.6763264765625
1687,2018-04-02 00:00:00,0.5666118653846154
1688,2018-04-04 00:00:00,0.7233463401360545
1689,2018-04-06 00:00:00,0.8246476159420291
1690,2018-04-08 00:00:00,0.4314517639751553
1691,2018-04-10 00:00:00,0.6831044512195121
1692,2018-04-12 00:00:00,0.8257664545454546
1693,2018-04-14 00:00:00,0.7989102700729926
1694,2018-04-16 00:00:00,0.9675472553191488
1695,2018-04-18 00:00:00,0.674461025
1696,2018-04-20 00:00:00,0.8184397883211678
1697,2018-04-22 00:00:00,0.5588472312499999
1698,2018-04-24 00:00:00,0.9671785220125786
1699,2018-04-26 00:00:00,0.8847065106382979
1700,2018-04-28 00:00:00,0.844274703125
1701,2018-04-30 00:00:00,0.748396935483871
1702,2018-05-02 00:00:00,0.8779781357142857
1703,2018-05-04 00:00:00,0.9738190289855072
1704,2018-05-06 00:00:00,0.7584010583941605
1705,2018-05-08 00:00:00,0.9153971294964028
1706,2018-05-10 00:00:00,0.7333766948051947
1707,2018-05-12 00:00:00,0.6442366848484848
