2009-01-10 00:00:00,0.0
2009-01-12 00:00:00,3.4285714285714284
2009-01-14 00:00:00,4.857142857142857
2009-01-16 00:00:00,78.28571428571429
2009-01-18 00:00:00,89.14285714285715
2009-01-20 00:00:00,219.85714285714286
2009-01-22 00:00:00,289.2857142857143
2009-01-24 00:00:00,410.7142857142857
2009-01-26 00:00:00,285.7142857142857
2009-01-28 00:00:00,307.1428571428571
2009-01-30 00:00:00,257.1428571428571
2009-02-01 00:00:00,407.1428571428571
2009-02-03 00:00:00,259.2857142857143
2009-02-05 00:00:00,179.0
2009-02-07 00:00:00,186.14285714285714
2009-02-09 00:00:00,626.8571428571428
2009-02-11 00:00:00,671.4285714285713
2009-02-13 00:00:00,535.7142857142856
2009-02-15 00:00:00,207.14285714285694
2009-02-17 00:00:00,371.4285714285712
2009-02-19 00:00:00,342.85714285714266
2009-02-21 00:00:00,328.5714285714283
2009-02-23 00:00:00,264.28571428571405
2009-02-25 00:00:00,264.28571428571405
2009-02-27 00:00:00,149.99999999999977
2009-03-01 00:00:00,307.14285714285694
2009-03-03 00:00:00,364.2857142857141
2009-03-05 00:00:00,535.7142857142856
2009-03-07 00:00:00,285.7142857142855
2009-03-09 00:00:00,449.9999999999997
2009-03-11 00:00:00,278.5714285714283
2009-03-13 00:00:00,349.9999999999998
2009-03-15 00:00:00,128.57142857142836
2009-03-17 00:00:00,471.4285714285712
2009-03-19 00:00:00,442.85714285714266
2009-03-21 00:00:00,528.5714285714283
2009-03-23 00:00:00,264.28571428571405
2009-03-25 00:00:00,164.28571428571405
2009-03-27 00:00:00,278.5714285714283
2009-03-29 00:00:00,342.85714285714266
2009-03-31 00:00:00,571.4285714285712
2009-04-02 00:00:00,371.4285714285712
2009-04-04 00:00:00,228.57142857142836
2009-04-06 00:00:00,121.42857142857119
2009-04-08 00:00:00,121.42857142857119
2009-04-10 00:00:00,121.42857142857119
2009-04-12 00:00:00,49.99999999999976
2009-04-14 00:00:00,187.14285714285688
2009-04-16 00:00:00,187.14285714285688
2009-04-18 00:00:00,153.5714285714283
2009-04-20 00:00:00,402.1428571428569
2009-04-22 00:00:00,902.1428571428569
2009-04-24 00:00:00,885.7142857142854
2009-04-26 00:00:00,607.1428571428568
2009-04-28 00:00:00,107.14285714285677
2009-04-30 00:00:00,249.99999999999963
2009-05-02 00:00:00,142.8571428571425
2009-05-04 00:00:00,249.8571428571425
2009-05-06 00:00:00,392.7142857142853
2009-05-08 00:00:00,392.7142857142853
2009-05-10 00:00:00,285.71428571428527
2009-05-12 00:00:00,7.142857142856727
2009-05-14 00:00:00,28.857142857142442
2009-05-16 00:00:00,107.42857142857102
2009-05-18 00:00:00,100.28571428571388
2009-05-20 00:00:00,78.57142857142816
2009-05-22 00:00:00,-0.0000000000004121147867408581
2009-05-24 00:00:00,-0.0000000000004121147867408581
2009-05-26 00:00:00,-0.0000000000004121147867408581
2009-05-28 00:00:00,-0.0000000000004121147867408581
2009-05-30 00:00:00,428.57142857142816
2009-06-01 00:00:00,428.57142857142816
2009-06-03 00:00:00,428.57142857142816
2009-06-05 00:00:00,-0.0000000000003979039320256561
2009-06-07 00:00:00,-0.0000000000003979039320256561
2009-06-09 00:00:00,-0.0000000000003979039320256561
2009-06-11 00:00:00,-0.0000000000003979039320256561
2009-06-13 00:00:00,-0.0000000000003979039320256561
2009-06-15 00:00:00,-0.0000000000003979039320256561
2009-06-17 00:00:00,-0.0000000000003979039320256561
2009-06-19 00:00:00,-0.0000000000003979039320256561
2009-06-21 00:00:00,-0.0000000000003979039320256561
2009-06-23 00:00:00,428.57142857142816
2009-06-25 00:00:00,446.428571428571
2009-06-27 00:00:00,589.2857142857139
2009-06-29 00:00:00,164.28571428571388
2009-07-01 00:00:00,178.57142857142816
2009-07-03 00:00:00,37.14285714285673
2009-07-05 00:00:00,33.57142857142816
2009-07-07 00:00:00,1.4285714285710132
2009-07-09 00:00:00,-0.0000000000004154454558147336
2009-07-11 00:00:00,-0.0000000000004154454558147336
2009-07-13 00:00:00,-0.0000000000004154454558147336
2009-07-15 00:00:00,-0.0000000000004154454558147336
2009-07-17 00:00:00,-0.0000000000004154454558147336
2009-07-19 00:00:00,-0.0000000000004154454558147336
2009-07-21 00:00:00,857.1428571428567
2009-07-23 00:00:00,857.1428571428567
2009-07-25 00:00:00,857.1428571428567
2009-07-27 00:00:00,-0.0000000000004547473508864641
2009-07-29 00:00:00,-0.0000000000004547473508864641
2009-07-31 00:00:00,14.999999999999545
2009-08-02 00:00:00,14.999999999999545
2009-08-04 00:00:00,14.999999999999545
2009-08-06 00:00:00,-0.0000000000004547473508864641
2009-08-08 00:00:00,785.7142857142852
2009-08-10 00:00:00,785.7142857142852
2009-08-12 00:00:00,785.7142857142852
2009-08-14 00:00:00,-0.0000000000004547473508864641
2009-08-16 00:00:00,-0.0000000000004547473508864641
2009-08-18 00:00:00,-0.0000000000004547473508864641
2009-08-20 00:00:00,-0.0000000000004547473508864641
2009-08-22 00:00:00,-0.0000000000004547473508864641
2009-08-24 00:00:00,-0.0000000000004547473508864641
2009-08-26 00:00:00,-0.0000000000004547473508864641
2009-08-28 00:00:00,328.5714285714281
2009-08-30 00:00:00,335.71428571428527
2009-09-01 00:00:00,378.5714285714281
2009-09-03 00:00:00,149.99999999999955
2009-09-05 00:00:00,142.8571428571424
2009-09-07 00:00:00,192.8571428571424
2009-09-09 00:00:00,92.8571428571424
2009-09-11 00:00:00,92.8571428571424
2009-09-13 00:00:00,-0.0000000000004547473508864641
2009-09-15 00:00:00,-0.0000000000004547473508864641
2009-09-17 00:00:00,714.428571428571
2009-09-19 00:00:00,714.428571428571
2009-09-21 00:00:00,714.428571428571
2009-09-23 00:00:00,342.8571428571423
2009-09-25 00:00:00,528.571428571428
2009-09-27 00:00:00,642.8571428571423
2009-09-29 00:00:00,607.1428571428567
2009-10-01 00:00:00,421.42857142857093
2009-10-03 00:00:00,378.5714285714281
2009-10-05 00:00:00,71.42857142857093
2009-10-07 00:00:00,99.9999999999995
2009-10-09 00:00:00,28.571428571428072
2009-10-11 00:00:00,28.571428571428072
2009-10-13 00:00:00,721.428571428571
2009-10-15 00:00:00,721.428571428571
2009-10-17 00:00:00,2107.142857142857
2009-10-19 00:00:00,1435.7142857142853
2009-10-21 00:00:00,2149.9999999999995
2009-10-23 00:00:00,2599.9999999999995
2009-10-25 00:00:00,4300.0
2009-10-27 00:00:00,5442.857142857142
2009-10-29 00:00:00,3678.571428571428
2009-10-31 00:00:00,2149.9999999999995
2009-11-02 00:00:00,292.85714285714243
2009-11-04 00:00:00,221.428571428571
2009-11-06 00:00:00,2214.2857142857138
2009-11-08 00:00:00,2214.2857142857138
2009-11-10 00:00:00,2214.2857142857138
2009-11-12 00:00:00,2571.428571428571
2009-11-14 00:00:00,2645.7142857142853
2009-11-16 00:00:00,2645.7142857142853
2009-11-18 00:00:00,74.28571428571377
2009-11-20 00:00:00,6335.714285714284
2009-11-22 00:00:00,6335.714285714284
2009-11-24 00:00:00,6335.714285714284
2009-11-26 00:00:00,-0.0000000000009094947017729282
2009-11-28 00:00:00,-0.0000000000009094947017729282
2009-11-30 00:00:00,-0.0000000000009094947017729282
2009-12-02 00:00:00,1428.5714285714278
2009-12-04 00:00:00,1428.5714285714278
2009-12-06 00:00:00,1570.857142857142
2009-12-08 00:00:00,356.57142857142753
2009-12-10 00:00:00,660.1428571428561
2009-12-12 00:00:00,1260.7142857142849
2009-12-14 00:00:00,5688.857142857142
2009-12-16 00:00:00,6285.428571428571
2009-12-18 00:00:00,5571.42857142857
2009-12-20 00:00:00,936.1428571428551
2009-12-22 00:00:00,43.14285714285505
2009-12-24 00:00:00,14.285714285712192
2009-12-26 00:00:00,7.285714285712191
2009-12-28 00:00:00,35.85714285714076
2009-12-30 00:00:00,35.85714285714076
2010-01-01 00:00:00,35.71428571428361
2010-01-03 00:00:00,14.285714285712181
2010-01-05 00:00:00,2982.5714285714266
2010-01-07 00:00:00,2982.5714285714266
2010-01-09 00:00:00,2968.2857142857124
2010-01-11 00:00:00,-0.0000000000018189894035458565
2010-01-13 00:00:00,1536.4285714285697
2010-01-15 00:00:00,1593.714285714284
2010-01-17 00:00:00,1658.2857142857126
2010-01-19 00:00:00,125.14285714285539
2010-01-21 00:00:00,97.8571428571411
2010-01-23 00:00:00,61.999999999998245
2010-01-25 00:00:00,534.2857142857125
2010-01-27 00:00:00,636.4285714285696
2010-01-29 00:00:00,950.5714285714268
2010-01-31 00:00:00,824.9999999999982
2010-02-02 00:00:00,1078.5714285714266
2010-02-04 00:00:00,978.5714285714267
2010-02-06 00:00:00,2781.1428571428555
2010-02-08 00:00:00,3510.5714285714266
2010-02-10 00:00:00,10581.999999999998
2010-02-12 00:00:00,9804.428571428569
2010-02-14 00:00:00,11789.142857142853
2010-02-16 00:00:00,5200.428571428568
2010-02-18 00:00:00,10098.714285714283
2010-02-20 00:00:00,7105.999999999996
2010-02-22 00:00:00,9395.28571428571
2010-02-24 00:00:00,3886.285714285709
2010-02-26 00:00:00,5759.428571428567
2010-02-28 00:00:00,3558.8571428571386
2010-03-02 00:00:00,3308.8571428571386
2010-03-04 00:00:00,2835.7142857142812
2010-03-06 00:00:00,8135.142857142851
2010-03-08 00:00:00,9987.428571428565
2010-03-10 00:00:00,9244.714285714279
2010-03-12 00:00:00,3788.2857142857074
2010-03-14 00:00:00,1914.571428571422
2010-03-16 00:00:00,1172.5714285714218
2010-03-18 00:00:00,856.8571428571362
2010-03-20 00:00:00,2176.2857142857074
2010-03-22 00:00:00,2756.285714285707
2010-03-24 00:00:00,3134.571428571421
2010-03-26 00:00:00,5179.714285714278
2010-03-28 00:00:00,5452.2857142857065
2010-03-30 00:00:00,5332.428571428563
2010-04-01 00:00:00,1835.4285714285634
2010-04-03 00:00:00,1399.2857142857065
2010-04-05 00:00:00,1701.7142857142778
2010-04-07 00:00:00,3598.999999999992
2010-04-09 00:00:00,3966.9999999999923
2010-04-11 00:00:00,7814.714285714278
2010-04-13 00:00:00,9399.285714285706
2010-04-15 00:00:00,15872.857142857136
2010-04-17 00:00:00,13343.714285714277
2010-04-19 00:00:00,12061.57142857142
2010-04-21 00:00:00,9905.571428571422
2010-04-23 00:00:00,11500.285714285706
2010-04-25 00:00:00,10435.428571428563
2010-04-27 00:00:00,8445.57142857142
2010-04-29 00:00:00,6372.2857142857065
2010-05-01 00:00:00,10724.285714285706
2010-05-03 00:00:00,9001.428571428562
2010-05-05 00:00:00,11821.571428571418
2010-05-07 00:00:00,12741.714285714275
2010-05-09 00:00:00,15071.285714285706
2010-05-11 00:00:00,12051.714285714279
2010-05-13 00:00:00,9509.714285714279
2010-05-15 00:00:00,8024.285714285707
2010-05-17 00:00:00,8239.857142857136
2010-05-19 00:00:00,7120.285714285706
2010-05-21 00:00:00,6300.571428571419
2010-05-23 00:00:00,16238.428571428563
2010-05-25 00:00:00,15421.285714285708
2010-05-27 00:00:00,17469.57142857142
2010-05-29 00:00:00,9768.857142857134
2010-05-31 00:00:00,9761.57142857142
2010-06-02 00:00:00,8705.285714285706
2010-06-04 00:00:00,9068.285714285706
2010-06-06 00:00:00,8236.857142857136
2010-06-08 00:00:00,11602.285714285706
2010-06-10 00:00:00,14164.857142857134
2010-06-12 00:00:00,14898.57142857142
2010-06-14 00:00:00,11990.428571428563
2010-06-16 00:00:00,8516.14285714285
2010-06-18 00:00:00,10595.285714285706
2010-06-20 00:00:00,16147.285714285708
2010-06-22 00:00:00,14701.285714285706
2010-06-24 00:00:00,14988.142857142851
2010-06-26 00:00:00,11110.571428571422
2010-06-28 00:00:00,13553.428571428565
2010-06-30 00:00:00,17234.71428571428
2010-07-02 00:00:00,20248.71428571428
2010-07-04 00:00:00,31622.42857142857
2010-07-06 00:00:00,34729.428571428565
2010-07-08 00:00:00,33803.71428571428
2010-07-10 00:00:00,20904.857142857138
2010-07-12 00:00:00,22909.28571428571
2010-07-14 00:00:00,28325.85714285714
2010-07-16 00:00:00,39080.142857142855
2010-07-18 00:00:00,33450.57142857142
2010-07-20 00:00:00,28273.999999999985
2010-07-22 00:00:00,20638.285714285703
2010-07-24 00:00:00,19247.571428571413
2010-07-26 00:00:00,19107.99999999998
2010-07-28 00:00:00,25582.714285714264
2010-07-30 00:00:00,30747.999999999985
2010-08-01 00:00:00,27750.428571428554
2010-08-03 00:00:00,19605.142857142837
2010-08-05 00:00:00,14676.428571428549
2010-08-07 00:00:00,15416.999999999976
2010-08-09 00:00:00,16248.999999999976
2010-08-11 00:00:00,23697.142857142837
2010-08-13 00:00:00,25581.285714285696
2010-08-15 00:00:00,23947.714285714264
2010-08-17 00:00:00,19456.857142857123
2010-08-19 00:00:00,20159.285714285696
2010-08-21 00:00:00,22108.2857142857
2010-08-23 00:00:00,18491.714285714268
2010-08-25 00:00:00,14208.714285714268
2010-08-27 00:00:00,12733.571428571411
2010-08-29 00:00:00,11759.857142857125
2010-08-31 00:00:00,15877.571428571411
2010-09-02 00:00:00,15913.571428571408
2010-09-04 00:00:00,19375.142857142837
2010-09-06 00:00:00,19931.57142857141
2010-09-08 00:00:00,20785.57142857141
2010-09-10 00:00:00,16217.428571428549
2010-09-12 00:00:00,12086.714285714264
2010-09-14 00:00:00,13517.428571428549
2010-09-16 00:00:00,16534.571428571406
2010-09-18 00:00:00,26614.571428571406
2010-09-20 00:00:00,32313.714285714268
2010-09-22 00:00:00,32442.14285714284
2010-09-24 00:00:00,31274.285714285703
2010-09-26 00:00:00,24217.999999999985
2010-09-28 00:00:00,25769.999999999985
2010-09-30 00:00:00,27539.714285714268
2010-10-02 00:00:00,31751.857142857123
2010-10-04 00:00:00,74886.99999999999
2010-10-06 00:00:00,82407.99999999997
2010-10-08 00:00:00,109558.71428571426
2010-10-10 00:00:00,89394.57142857139
2010-10-12 00:00:00,81900.85714285712
2010-10-14 00:00:00,56260.42857142855
2010-10-16 00:00:00,46163.285714285696
2010-10-18 00:00:00,43367.2857142857
2010-10-20 00:00:00,44091.42857142856
2010-10-22 00:00:00,34593.57142857142
2010-10-24 00:00:00,35517.999999999985
2010-10-26 00:00:00,37818.57142857141
2010-10-28 00:00:00,44587.85714285712
2010-10-30 00:00:00,52070.999999999985
2010-11-01 00:00:00,47917.2857142857
2010-11-03 00:00:00,36448.714285714275
2010-11-05 00:00:00,38977.285714285696
2010-11-07 00:00:00,50294.57142857141
2010-11-09 00:00:00,105831.42857142855
2010-11-11 00:00:00,90379.42857142855
2010-11-13 00:00:00,74377.71428571425
2010-11-15 00:00:00,19315.999999999964
2010-11-17 00:00:00,25817.428571428536
2010-11-19 00:00:00,26940.85714285711
2010-11-21 00:00:00,31419.42857142853
2010-11-23 00:00:00,24139.99999999996
2010-11-25 00:00:00,27236.857142857105
2010-11-27 00:00:00,29268.5714285714
2010-11-29 00:00:00,27975.85714285711
2010-12-01 00:00:00,32435.999999999964
2010-12-03 00:00:00,28561.71428571425
2010-12-05 00:00:00,32927.42857142853
2010-12-07 00:00:00,34230.42857142853
2010-12-09 00:00:00,31606.571428571384
2010-12-11 00:00:00,29935.285714285666
2010-12-13 00:00:00,25441.857142857094
2010-12-15 00:00:00,26952.999999999953
2010-12-17 00:00:00,24538.714285714235
2010-12-19 00:00:00,25232.285714285663
2010-12-21 00:00:00,21100.142857142804
2010-12-23 00:00:00,25448.28571428566
2010-12-25 00:00:00,17925.28571428566
2010-12-27 00:00:00,18987.28571428566
2010-12-29 00:00:00,19915.285714285663
2010-12-31 00:00:00,21956.142857142808
2011-01-02 00:00:00,20222.142857142808
2011-01-04 00:00:00,16570.714285714235
2011-01-06 00:00:00,15638.999999999949
2011-01-08 00:00:00,17681.428571428518
2011-01-10 00:00:00,17459.1428571428
2011-01-12 00:00:00,25277.285714285656
2011-01-14 00:00:00,29801.1428571428
2011-01-16 00:00:00,32507.71428571423
2011-01-18 00:00:00,34005.142857142804
2011-01-20 00:00:00,34613.85714285709
2011-01-22 00:00:00,33022.28571428566
2011-01-24 00:00:00,29590.571428571373
2011-01-26 00:00:00,24060.428571428518
2011-01-28 00:00:00,124296.85714285709
2011-01-30 00:00:00,118740.14285714281
2011-02-01 00:00:00,125289.99999999996
2011-02-03 00:00:00,34923.28571428565
2011-02-05 00:00:00,40508.28571428565
2011-02-07 00:00:00,48120.1428571428
2011-02-09 00:00:00,38911.42857142851
2011-02-11 00:00:00,44152.1428571428
2011-02-13 00:00:00,31677.999999999945
2011-02-15 00:00:00,34512.857142857094
2011-02-17 00:00:00,24989.857142857094
2011-02-19 00:00:00,27072.857142857098
2011-02-21 00:00:00,24485.428571428525
2011-02-23 00:00:00,26618.71428571424
2011-02-25 00:00:00,26031.14285714281
2011-02-27 00:00:00,36841.71428571424
2011-03-01 00:00:00,67118.99999999996
2011-03-03 00:00:00,86179.42857142852
2011-03-05 00:00:00,76653.42857142854
2011-03-07 00:00:00,49613.42857142852
2011-03-09 00:00:00,41836.57142857138
2011-03-11 00:00:00,66147.57142857138
2011-03-13 00:00:00,71867.28571428568
2011-03-15 00:00:00,82724.28571428568
2011-03-17 00:00:00,71194.71428571425
2011-03-19 00:00:00,72452.14285714281
2011-03-21 00:00:00,55552.857142857094
2011-03-23 00:00:00,55322.999999999956
2011-03-25 00:00:00,63514.28571428567
2011-03-27 00:00:00,74291.8571428571
2011-03-29 00:00:00,69399.57142857139
2011-03-31 00:00:00,59249.8571428571
2011-04-02 00:00:00,45590.71428571424
2011-04-04 00:00:00,43474.42857142852
2011-04-06 00:00:00,41255.142857142804
2011-04-08 00:00:00,46485.85714285709
2011-04-10 00:00:00,47270.99999999994
2011-04-12 00:00:00,50501.428571428514
2011-04-14 00:00:00,51287.714285714224
2011-04-16 00:00:00,68308.28571428564
2011-04-18 00:00:00,163820.99999999994
2011-04-20 00:00:00,482785.7142857143
2011-04-22 00:00:00,477918.7142857143
2011-04-24 00:00:00,388388.42857142864
2011-04-26 00:00:00,67382.57142857146
2011-04-28 00:00:00,62845.428571428594
2011-04-30 00:00:00,109650.14285714288
2011-05-02 00:00:00,114341.42857142861
2011-05-04 00:00:00,130248.00000000003
2011-05-06 00:00:00,84739.28571428575
2011-05-08 00:00:00,90115.42857142861
2011-05-10 00:00:00,75922.1428571429
2011-05-12 00:00:00,81777.42857142861
2011-05-14 00:00:00,196184.85714285716
2011-05-16 00:00:00,218652.85714285716
2011-05-18 00:00:00,219021.14285714287
2011-05-20 00:00:00,95729.57142857143
2011-05-22 00:00:00,144759.85714285716
2011-05-24 00:00:00,134297.8571428572
2011-05-26 00:00:00,141032.5714285715
2011-05-28 00:00:00,100869.85714285725
2011-05-30 00:00:00,95908.0000000001
2011-06-01 00:00:00,91007.14285714296
2011-06-03 00:00:00,68115.42857142868
2011-06-05 00:00:00,77825.85714285726
2011-06-07 00:00:00,85004.85714285726
2011-06-09 00:00:00,98562.85714285728
2011-06-11 00:00:00,110764.71428571442
2011-06-13 00:00:00,195670.28571428586
2011-06-15 00:00:00,208487.00000000012
2011-06-17 00:00:00,211524.7142857144
2011-06-19 00:00:00,133558.0000000001
2011-06-21 00:00:00,209300.85714285728
2011-06-23 00:00:00,254061.42857142867
2011-06-25 00:00:00,252319.4285714287
2011-06-27 00:00:00,139284.5714285715
2011-06-29 00:00:00,86492.14285714296
2011-07-01 00:00:00,84361.0000000001
2011-07-03 00:00:00,80814.00000000012
2011-07-05 00:00:00,69154.28571428584
2011-07-07 00:00:00,61848.857142857276
2011-07-09 00:00:00,56955.28571428585
2011-07-11 00:00:00,53128.571428571566
2011-07-13 00:00:00,47639.142857143
2011-07-15 00:00:00,47532.85714285729
2011-07-17 00:00:00,43205.42857142872
2011-07-19 00:00:00,65235.285714285856
2011-07-21 00:00:00,67037.42857142871
2011-07-23 00:00:00,70035.14285714299
2011-07-25 00:00:00,47765.142857142986
2011-07-27 00:00:00,49361.57142857156
2011-07-29 00:00:00,58353.14285714298
2011-07-31 00:00:00,57335.57142857154
2011-08-02 00:00:00,60269.42857142867
2011-08-04 00:00:00,60838.28571428583
2011-08-06 00:00:00,72571.42857142867
2011-08-08 00:00:00,95035.71428571439
2011-08-10 00:00:00,88042.14285714294
2011-08-12 00:00:00,77431.85714285723
2011-08-14 00:00:00,48774.14285714294
2011-08-16 00:00:00,47625.42857142867
2011-08-18 00:00:00,53191.85714285724
2011-08-20 00:00:00,53303.57142857152
2011-08-22 00:00:00,49897.85714285724
2011-08-24 00:00:00,44577.42857142867
2011-08-26 00:00:00,60430.714285714384
2011-08-28 00:00:00,213587.85714285725
2011-08-30 00:00:00,210352.00000000012
2011-09-01 00:00:00,195126.4285714287
2011-09-03 00:00:00,42274.00000000013
2011-09-05 00:00:00,50345.571428571566
2011-09-07 00:00:00,65587.42857142871
2011-09-09 00:00:00,78511.00000000015
2011-09-11 00:00:00,177254.57142857157
2011-09-13 00:00:00,166304.4285714287
2011-09-15 00:00:00,157837.28571428583
2011-09-17 00:00:00,60582.71428571439
2011-09-19 00:00:00,59122.28571428582
2011-09-21 00:00:00,69460.00000000012
2011-09-23 00:00:00,65721.57142857155
2011-09-25 00:00:00,64866.714285714406
2011-09-27 00:00:00,56596.85714285726
2011-09-29 00:00:00,54376.857142857254
2011-10-01 00:00:00,55926.00000000011
2011-10-03 00:00:00,50430.57142857154
2011-10-05 00:00:00,55272.71428571439
2011-10-07 00:00:00,68294.71428571439
2011-10-09 00:00:00,78562.71428571438
2011-10-11 00:00:00,76444.00000000009
2011-10-13 00:00:00,65035.42857142866
2011-10-15 00:00:00,61273.85714285725
2011-10-17 00:00:00,66875.42857142868
2011-10-19 00:00:00,74315.57142857154
2011-10-21 00:00:00,84028.42857142868
2011-10-23 00:00:00,88014.7142857144
2011-10-25 00:00:00,89700.57142857155
2011-10-27 00:00:00,86725.00000000013
2011-10-29 00:00:00,102364.28571428584
2011-10-31 00:00:00,96460.71428571442
2011-11-02 00:00:00,105803.85714285726
2011-11-04 00:00:00,92478.00000000012
2011-11-06 00:00:00,96378.85714285725
2011-11-08 00:00:00,84606.0000000001
2011-11-10 00:00:00,108465.00000000012
2011-11-12 00:00:00,112268.00000000013
2011-11-14 00:00:00,115014.00000000012
2011-11-16 00:00:00,284188.0000000002
2011-11-18 00:00:00,1032119.5714285716
2011-11-20 00:00:00,1439781.0000000002
2011-11-22 00:00:00,1619827.142857143
2011-11-24 00:00:00,1028884.1428571428
2011-11-26 00:00:00,642985.4285714285
2011-11-28 00:00:00,776762.857142857
2011-11-30 00:00:00,1556395.8571428573
2011-12-02 00:00:00,2329942.571428572
2011-12-04 00:00:00,2775776.428571429
2011-12-06 00:00:00,2909121.142857143
2011-12-08 00:00:00,3401320.285714286
2011-12-10 00:00:00,2631120.714285715
2011-12-12 00:00:00,1614546.1428571434
2011-12-14 00:00:00,339687.4285714291
2011-12-16 00:00:00,169395.1428571434
2011-12-18 00:00:00,115259.28571428623
2011-12-20 00:00:00,120945.14285714336
2011-12-22 00:00:00,116122.85714285765
2011-12-24 00:00:00,111446.85714285765
2011-12-26 00:00:00,85678.14285714336
2011-12-28 00:00:00,72326.57142857193
2011-12-30 00:00:00,75197.0000000005
2012-01-01 00:00:00,89837.2857142862
2012-01-03 00:00:00,91524.0000000005
2012-01-05 00:00:00,109954.7142857148
2012-01-07 00:00:00,113692.7142857148
2012-01-09 00:00:00,119801.42857142909
2012-01-11 00:00:00,103725.71428571481
2012-01-13 00:00:00,99822.85714285767
2012-01-15 00:00:00,95924.85714285768
2012-01-17 00:00:00,103849.28571428626
2012-01-19 00:00:00,107779.71428571484
2012-01-21 00:00:00,112901.00000000057
2012-01-23 00:00:00,92837.28571428628
2012-01-25 00:00:00,83812.71428571484
2012-01-27 00:00:00,88597.42857142913
2012-01-29 00:00:00,95240.8571428577
2012-01-31 00:00:00,88338.85714285771
2012-02-02 00:00:00,89306.00000000058
2012-02-04 00:00:00,100146.14285714345
2012-02-06 00:00:00,109112.57142857202
2012-02-08 00:00:00,100091.71428571486
2012-02-10 00:00:00,89955.14285714342
2012-02-12 00:00:00,92063.571428572
2012-02-14 00:00:00,135211.71428571487
2012-02-16 00:00:00,209571.2857142863
2012-02-18 00:00:00,218337.00000000058
2012-02-20 00:00:00,170978.71428571487
2012-02-22 00:00:00,105981.71428571487
2012-02-24 00:00:00,104133.71428571487
2012-02-26 00:00:00,116200.42857142916
2012-02-28 00:00:00,110500.57142857203
2012-03-01 00:00:00,106382.42857142918
2012-03-03 00:00:00,123628.28571428632
2012-03-05 00:00:00,120174.28571428632
2012-03-07 00:00:00,114819.85714285776
2012-03-09 00:00:00,87983.14285714347
2012-03-11 00:00:00,86624.14285714347
2012-03-13 00:00:00,89105.85714285776
2012-03-15 00:00:00,99333.42857142919
2012-03-17 00:00:00,106890.28571428634
2012-03-19 00:00:00,101388.00000000063
2012-03-21 00:00:00,100417.85714285777
2012-03-23 00:00:00,104005.28571428634
2012-03-25 00:00:00,107565.28571428632
2012-03-27 00:00:00,104546.57142857205
2012-03-29 00:00:00,107967.85714285777
2012-03-31 00:00:00,111264.4285714292
2012-04-02 00:00:00,104907.00000000064
2012-04-04 00:00:00,109505.14285714348
2012-04-06 00:00:00,122999.14285714347
2012-04-08 00:00:00,121792.42857142916
2012-04-10 00:00:00,151174.00000000058
2012-04-12 00:00:00,157893.00000000058
2012-04-14 00:00:00,184610.571428572
2012-04-16 00:00:00,146695.14285714345
2012-04-18 00:00:00,146923.14285714345
2012-04-20 00:00:00,152787.14285714345
2012-04-22 00:00:00,166607.8571428577
2012-04-24 00:00:00,148994.8571428577
2012-04-26 00:00:00,139652.8571428577
2012-04-28 00:00:00,129926.14285714345
2012-04-30 00:00:00,130008.00000000061
2012-05-02 00:00:00,122884.7142857149
2012-05-04 00:00:00,128567.42857142916
2012-05-06 00:00:00,138269.71428571487
2012-05-08 00:00:00,143975.14285714345
2012-05-10 00:00:00,163868.00000000058
2012-05-12 00:00:00,172186.00000000058
2012-05-14 00:00:00,162912.14285714345
2012-05-16 00:00:00,156514.0000000006
2012-05-18 00:00:00,158950.14285714345
2012-05-20 00:00:00,160974.00000000058
2012-05-22 00:00:00,171412.71428571487
2012-05-24 00:00:00,163710.85714285774
2012-05-26 00:00:00,164861.14285714345
2012-05-28 00:00:00,135798.85714285774
2012-05-30 00:00:00,140939.42857142916
2012-06-01 00:00:00,216130.42857142916
2012-06-03 00:00:00,218754.8571428577
2012-06-05 00:00:00,226113.28571428626
2012-06-07 00:00:00,166915.42857142913
2012-06-09 00:00:00,191934.14285714342
2012-06-11 00:00:00,174348.85714285774
2012-06-13 00:00:00,181838.42857142916
2012-06-15 00:00:00,168568.7142857149
2012-06-17 00:00:00,183212.28571428632
2012-06-19 00:00:00,175012.2857142863
2012-06-21 00:00:00,183842.42857142913
2012-06-23 00:00:00,180305.14285714342
2012-06-25 00:00:00,186038.2857142863
2012-06-27 00:00:00,199717.14285714345
2012-06-29 00:00:00,196125.42857142916
2012-07-01 00:00:00,166306.14285714348
2012-07-03 00:00:00,149728.14285714345
2012-07-05 00:00:00,154328.8571428577
2012-07-07 00:00:00,170712.4285714291
2012-07-09 00:00:00,155014.57142857197
2012-07-11 00:00:00,160340.71428571484
2012-07-13 00:00:00,189080.571428572
2012-07-15 00:00:00,208609.42857142916
2012-07-17 00:00:00,231813.57142857203
2012-07-19 00:00:00,220224.00000000058
2012-07-21 00:00:00,223864.2857142863
2012-07-23 00:00:00,184774.85714285774
2012-07-25 00:00:00,176652.42857142916
2012-07-27 00:00:00,166559.571428572
2012-07-29 00:00:00,156567.42857142913
2012-07-31 00:00:00,162039.2857142863
2012-08-02 00:00:00,181379.2857142863
2012-08-04 00:00:00,205168.71428571484
2012-08-06 00:00:00,185472.7142857148
2012-08-08 00:00:00,163904.0000000005
2012-08-10 00:00:00,166813.85714285765
2012-08-12 00:00:00,155543.7142857148
2012-08-14 00:00:00,159756.57142857194
2012-08-16 00:00:00,148964.71428571478
2012-08-18 00:00:00,183883.00000000047
2012-08-20 00:00:00,272413.5714285719
2012-08-22 00:00:00,313874.2857142862
2012-08-24 00:00:00,312226.5714285719
2012-08-26 00:00:00,224226.71428571473
2012-08-28 00:00:00,200574.0000000004
2012-08-30 00:00:00,200144.7142857147
2012-09-01 00:00:00,215928.7142857147
2012-09-03 00:00:00,187438.7142857147
2012-09-05 00:00:00,184290.85714285754
2012-09-07 00:00:00,176924.00000000038
2012-09-09 00:00:00,207650.28571428612
2012-09-11 00:00:00,246210.428571429
2012-09-13 00:00:00,251610.85714285757
2012-09-15 00:00:00,240543.85714285757
2012-09-17 00:00:00,189509.85714285757
2012-09-19 00:00:00,186819.85714285757
2012-09-21 00:00:00,235020.5714285719
2012-09-23 00:00:00,236001.71428571473
2012-09-25 00:00:00,234552.5714285719
2012-09-27 00:00:00,189196.00000000044
2012-09-29 00:00:00,201000.1428571433
2012-10-01 00:00:00,182601.5714285719
2012-10-03 00:00:00,191880.71428571476
2012-10-05 00:00:00,198756.57142857186
2012-10-07 00:00:00,184526.28571428615
2012-10-09 00:00:00,169950.7142857147
2012-10-11 00:00:00,157618.71428571467
2012-10-13 00:00:00,171065.42857142896
2012-10-15 00:00:00,154717.42857142896
2012-10-17 00:00:00,159729.0000000004
2012-10-19 00:00:00,170896.7142857147
2012-10-21 00:00:00,190949.85714285757
2012-10-23 00:00:00,195791.14285714328
2012-10-25 00:00:00,225181.7142857147
2012-10-27 00:00:00,229093.57142857183
2012-10-29 00:00:00,203551.14285714328
2012-10-31 00:00:00,192591.28571428612
2012-11-02 00:00:00,197002.14285714325
2012-11-04 00:00:00,190099.00000000038
2012-11-06 00:00:00,164038.0000000004
2012-11-08 00:00:00,152727.14285714325
2012-11-10 00:00:00,159690.57142857183
2012-11-12 00:00:00,135357.42857142896
2012-11-14 00:00:00,112125.71428571467
2012-11-16 00:00:00,147186.2857142861
2012-11-18 00:00:00,177894.2857142861
2012-11-20 00:00:00,203934.14285714325
2012-11-22 00:00:00,178269.71428571467
2012-11-24 00:00:00,160111.8571428575
2012-11-26 00:00:00,136886.14285714325
2012-11-28 00:00:00,150446.28571428612
2012-11-30 00:00:00,160121.57142857183
2012-12-02 00:00:00,154846.0000000004
2012-12-04 00:00:00,147518.14285714328
2012-12-06 00:00:00,159859.71428571473
2012-12-08 00:00:00,178845.28571428615
2012-12-10 00:00:00,165795.7142857147
2012-12-12 00:00:00,174705.00000000038
2012-12-14 00:00:00,199056.2857142861
2012-12-16 00:00:00,194248.2857142861
2012-12-18 00:00:00,184661.00000000035
2012-12-20 00:00:00,162937.85714285748
2012-12-22 00:00:00,173764.1428571432
2012-12-24 00:00:00,146426.57142857177
2012-12-26 00:00:00,122359.00000000038
2012-12-28 00:00:00,117350.85714285754
2012-12-30 00:00:00,120147.28571428609
2013-01-01 00:00:00,129709.5714285718
2013-01-03 00:00:00,139226.42857142893
2013-01-05 00:00:00,158351.00000000035
2013-01-07 00:00:00,159635.85714285748
2013-01-09 00:00:00,173964.28571428606
2013-01-11 00:00:00,178172.14285714322
2013-01-13 00:00:00,182587.28571428612
2013-01-15 00:00:00,171043.2857142861
2013-01-17 00:00:00,181385.2857142861
2013-01-19 00:00:00,192027.28571428606
2013-01-21 00:00:00,177498.42857142893
2013-01-23 00:00:00,184656.00000000038
2013-01-25 00:00:00,210226.85714285754
2013-01-27 00:00:00,223031.14285714328
2013-01-29 00:00:00,229577.28571428612
2013-01-31 00:00:00,239561.42857142896
2013-02-02 00:00:00,280848.28571428615
2013-02-04 00:00:00,246189.71428571473
2013-02-06 00:00:00,229372.71428571476
2013-02-08 00:00:00,201595.1428571433
2013-02-10 00:00:00,199744.42857142902
2013-02-12 00:00:00,187038.5714285719
2013-02-14 00:00:00,193726.42857142902
2013-02-16 00:00:00,217556.428571429
2013-02-18 00:00:00,220741.2857142861
2013-02-20 00:00:00,219445.8571428575
2013-02-22 00:00:00,218228.28571428612
2013-02-24 00:00:00,223463.0000000004
2013-02-26 00:00:00,229946.71428571467
2013-02-28 00:00:00,231297.42857142893
2013-03-02 00:00:00,239231.7142857146
2013-03-04 00:00:00,200150.57142857174
2013-03-06 00:00:00,216626.7142857146
2013-03-08 00:00:00,216849.28571428603
2013-03-10 00:00:00,217525.28571428603
2013-03-12 00:00:00,188000.57142857174
2013-03-14 00:00:00,179512.14285714316
2013-03-16 00:00:00,189969.4285714289
2013-03-18 00:00:00,175546.57142857177
2013-03-20 00:00:00,190208.57142857177
2013-03-22 00:00:00,218403.00000000032
2013-03-24 00:00:00,231781.71428571458
2013-03-26 00:00:00,221924.42857142884
2013-03-28 00:00:00,217385.14285714316
2013-03-30 00:00:00,236418.00000000032
2013-04-01 00:00:00,203824.42857142887
2013-04-03 00:00:00,238245.1428571432
2013-04-05 00:00:00,246303.1428571432
2013-04-07 00:00:00,251657.14285714322
2013-04-09 00:00:00,228693.42857142893
2013-04-11 00:00:00,315493.5714285718
2013-04-13 00:00:00,376028.14285714325
2013-04-15 00:00:00,344703.0000000004
2013-04-17 00:00:00,294829.85714285757
2013-04-19 00:00:00,260222.85714285757
2013-04-21 00:00:00,247698.71428571473
2013-04-23 00:00:00,170978.0000000004
2013-04-25 00:00:00,166775.28571428612
2013-04-27 00:00:00,187978.28571428615
2013-04-29 00:00:00,205659.428571429
2013-05-01 00:00:00,204079.28571428615
2013-05-03 00:00:00,234620.42857142902
2013-05-05 00:00:00,220438.1428571433
2013-05-07 00:00:00,253173.85714285757
2013-05-09 00:00:00,225592.0000000004
2013-05-11 00:00:00,232683.428571429
2013-05-13 00:00:00,197010.428571429
2013-05-15 00:00:00,195889.85714285757
2013-05-17 00:00:00,193980.85714285757
2013-05-19 00:00:00,173080.428571429
2013-05-21 00:00:00,142014.428571429
2013-05-23 00:00:00,125072.57142857186
2013-05-25 00:00:00,132579.1428571433
2013-05-27 00:00:00,117053.28571428618
2013-05-29 00:00:00,123600.1428571433
2013-05-31 00:00:00,114918.71428571476
2013-06-02 00:00:00,121984.28571428619
2013-06-04 00:00:00,133152.42857142907
2013-06-06 00:00:00,134172.85714285763
2013-06-08 00:00:00,157774.0000000005
2013-06-10 00:00:00,156425.71428571476
2013-06-12 00:00:00,154907.8571428576
2013-06-14 00:00:00,147938.14285714334
2013-06-16 00:00:00,126967.2857142862
2013-06-18 00:00:00,119199.71428571477
2013-06-20 00:00:00,113720.71428571476
2013-06-22 00:00:00,120338.57142857187
2013-06-24 00:00:00,119676.28571428615
2013-06-26 00:00:00,121831.14285714328
2013-06-28 00:00:00,124607.28571428613
2013-06-30 00:00:00,121662.42857142899
2013-07-02 00:00:00,146003.0000000004
2013-07-04 00:00:00,186252.85714285757
2013-07-06 00:00:00,236728.00000000047
2013-07-08 00:00:00,220306.42857142905
2013-07-10 00:00:00,227645.57142857192
2013-07-12 00:00:00,219165.42857142905
2013-07-14 00:00:00,233353.14285714334
2013-07-16 00:00:00,195158.14285714334
2013-07-18 00:00:00,218383.2857142862
2013-07-20 00:00:00,212904.42857142907
2013-07-22 00:00:00,210088.57142857192
2013-07-24 00:00:00,188506.57142857192
2013-07-26 00:00:00,183774.5714285719
2013-07-28 00:00:00,168563.00000000047
2013-07-30 00:00:00,140870.14285714334
2013-08-01 00:00:00,157761.42857142905
2013-08-03 00:00:00,175603.57142857192
2013-08-05 00:00:00,161128.28571428618
2013-08-07 00:00:00,133305.85714285757
2013-08-09 00:00:00,120881.85714285757
2013-08-11 00:00:00,117904.28571428616
2013-08-13 00:00:00,142329.5714285719
2013-08-15 00:00:00,155492.8571428576
2013-08-17 00:00:00,161555.8571428576
2013-08-19 00:00:00,133049.28571428618
2013-08-21 00:00:00,136609.8571428576
2013-08-23 00:00:00,147277.00000000044
2013-08-25 00:00:00,138636.1428571433
2013-08-27 00:00:00,128777.28571428618
2013-08-29 00:00:00,139738.42857142905
2013-08-31 00:00:00,154161.42857142905
2013-09-02 00:00:00,147144.85714285763
2013-09-04 00:00:00,137679.5714285719
2013-09-06 00:00:00,139775.00000000044
2013-09-08 00:00:00,126916.1428571433
2013-09-10 00:00:00,115372.1428571433
2013-09-12 00:00:00,108676.42857142903
2013-09-14 00:00:00,115559.8571428576
2013-09-16 00:00:00,105387.71428571474
2013-09-18 00:00:00,106769.57142857189
2013-09-20 00:00:00,124696.71428571474
2013-09-22 00:00:00,128302.71428571476
2013-09-24 00:00:00,139351.57142857192
2013-09-26 00:00:00,135190.00000000047
2013-09-28 00:00:00,145181.42857142905
2013-09-30 00:00:00,132444.1428571433
2013-10-02 00:00:00,157090.00000000044
2013-10-04 00:00:00,184509.8571428576
2013-10-06 00:00:00,171103.42857142905
2013-10-08 00:00:00,142419.2857142862
2013-10-10 00:00:00,120397.0000000005
2013-10-12 00:00:00,134357.14285714336
2013-10-14 00:00:00,129190.0000000005
2013-10-16 00:00:00,136317.71428571478
2013-10-18 00:00:00,142418.42857142907
2013-10-20 00:00:00,148646.85714285768
2013-10-22 00:00:00,167232.57142857194
2013-10-24 00:00:00,189972.85714285768
2013-10-26 00:00:00,222208.00000000052
2013-10-28 00:00:00,180463.00000000055
2013-10-30 00:00:00,173761.42857142916
2013-11-01 00:00:00,138657.71428571487
2013-11-03 00:00:00,140017.14285714342
2013-11-05 00:00:00,155028.00000000055
2013-11-07 00:00:00,189915.85714285768
2013-11-09 00:00:00,244567.14285714342
2013-11-11 00:00:00,223525.2857142863
2013-11-13 00:00:00,210125.14285714345
2013-11-15 00:00:00,194450.00000000058
2013-11-17 00:00:00,193145.2857142863
2013-11-19 00:00:00,234160.2857142863
2013-11-21 00:00:00,248154.57142857203
2013-11-23 00:00:00,313339.85714285774
2013-11-25 00:00:00,265023.71428571484
2013-11-27 00:00:00,266357.14285714336
2013-11-29 00:00:00,244137.57142857192
2013-12-01 00:00:00,247135.2857142862
2013-12-03 00:00:00,213408.57142857194
2013-12-05 00:00:00,175223.85714285768
2013-12-07 00:00:00,201908.85714285768
2013-12-09 00:00:00,194413.57142857194
2013-12-11 00:00:00,192266.85714285763
2013-12-13 00:00:00,137576.00000000047
2013-12-15 00:00:00,123324.57142857192
2013-12-17 00:00:00,124236.57142857193
2013-12-19 00:00:00,175789.85714285765
2013-12-21 00:00:00,215528.85714285765
2013-12-23 00:00:00,196614.14285714336
2013-12-25 00:00:00,173076.14285714336
2013-12-27 00:00:00,130501.71428571478
2013-12-29 00:00:00,110267.57142857194
2013-12-31 00:00:00,81210.7142857148
2014-01-02 00:00:00,76594.28571428623
2014-01-04 00:00:00,102286.7142857148
2014-01-06 00:00:00,117553.28571428622
2014-01-08 00:00:00,128988.7142857148
2014-01-10 00:00:00,105176.1428571434
2014-01-12 00:00:00,83987.4285714291
2014-01-14 00:00:00,75089.57142857194
2014-01-16 00:00:00,85387.85714285765
2014-01-18 00:00:00,81140.57142857194
2014-01-20 00:00:00,75401.7142857148
2014-01-22 00:00:00,74245.28571428625
2014-01-24 00:00:00,85089.00000000052
2014-01-26 00:00:00,83931.00000000054
2014-01-28 00:00:00,88088.71428571483
2014-01-30 00:00:00,79456.00000000052
2014-02-01 00:00:00,78358.28571428623
2014-02-03 00:00:00,58899.000000000524
2014-02-05 00:00:00,70753.71428571481
2014-02-07 00:00:00,102850.1428571434
2014-02-09 00:00:00,109047.57142857196
2014-02-11 00:00:00,111145.57142857197
2014-02-13 00:00:00,85539.00000000052
2014-02-15 00:00:00,93903.57142857196
2014-02-17 00:00:00,85479.14285714338
2014-02-19 00:00:00,88641.1428571434
2014-02-21 00:00:00,87485.4285714291
2014-02-23 00:00:00,82101.85714285768
2014-02-25 00:00:00,114744.57142857196
2014-02-27 00:00:00,125107.57142857196
2014-03-01 00:00:00,132053.8571428577
2014-03-03 00:00:00,99728.57142857197
2014-03-05 00:00:00,105128.00000000054
2014-03-07 00:00:00,225767.28571428623
2014-03-09 00:00:00,284634.71428571484
2014-03-11 00:00:00,363935.42857142916
2014-03-13 00:00:00,307659.2857142864
2014-03-15 00:00:00,277556.5714285721
2014-03-17 00:00:00,171876.00000000064
2014-03-19 00:00:00,107263.8571428578
2014-03-21 00:00:00,83250.42857142922
2014-03-23 00:00:00,80237.1428571435
2014-03-25 00:00:00,74719.57142857205
2014-03-27 00:00:00,74975.85714285777
2014-03-29 00:00:00,93598.85714285777
2014-03-31 00:00:00,100519.71428571493
2014-04-02 00:00:00,100833.1428571435
2014-04-04 00:00:00,106255.57142857206
2014-04-06 00:00:00,102450.85714285777
2014-04-08 00:00:00,94855.85714285777
2014-04-10 00:00:00,99059.7142857149
2014-04-12 00:00:00,110349.28571428632
2014-04-14 00:00:00,105276.57142857205
2014-04-16 00:00:00,102403.42857142919
2014-04-18 00:00:00,93297.85714285777
2014-04-20 00:00:00,85989.57142857205
2014-04-22 00:00:00,75927.14285714347
2014-04-24 00:00:00,74100.14285714347
2014-04-26 00:00:00,88473.7142857149
2014-04-28 00:00:00,80619.7142857149
2014-04-30 00:00:00,80678.57142857205
2014-05-02 00:00:00,72173.28571428634
2014-05-04 00:00:00,65961.85714285776
2014-05-06 00:00:00,57715.14285714348
2014-05-08 00:00:00,64041.7142857149
2014-05-10 00:00:00,66217.85714285777
2014-05-12 00:00:00,63434.4285714292
2014-05-14 00:00:00,63911.4285714292
2014-05-16 00:00:00,69772.57142857206
2014-05-18 00:00:00,66423.28571428634
2014-05-20 00:00:00,66699.28571428634
2014-05-22 00:00:00,71358.00000000061
2014-05-24 00:00:00,124630.00000000063
2014-05-26 00:00:00,128655.14285714348
2014-05-28 00:00:00,135381.7142857149
2014-05-30 00:00:00,95345.71428571489
2014-06-01 00:00:00,90213.14285714347
2014-06-03 00:00:00,83579.85714285776
2014-06-05 00:00:00,85403.0000000006
2014-06-07 00:00:00,82127.14285714345
2014-06-09 00:00:00,66009.57142857203
2014-06-11 00:00:00,83199.85714285776
2014-06-13 00:00:00,124122.57142857203
2014-06-15 00:00:00,127989.57142857203
2014-06-17 00:00:00,104344.00000000061
2014-06-19 00:00:00,63601.857142857756
2014-06-21 00:00:00,63672.42857142919
2014-06-23 00:00:00,60512.42857142918
2014-06-25 00:00:00,83953.14285714347
2014-06-27 00:00:00,91721.71428571489
2014-06-29 00:00:00,88961.28571428632
2014-07-01 00:00:00,73948.71428571489
2014-07-03 00:00:00,75880.14285714347
2014-07-05 00:00:00,78394.85714285774
2014-07-07 00:00:00,61707.142857143444
2014-07-09 00:00:00,59901.85714285773
2014-07-11 00:00:00,62246.571428572024
2014-07-13 00:00:00,63296.0000000006
2014-07-15 00:00:00,55976.42857142918
2014-07-17 00:00:00,60544.14285714346
2014-07-19 00:00:00,66318.71428571489
2014-07-21 00:00:00,65232.42857142918
2014-07-23 00:00:00,65497.571428572024
2014-07-25 00:00:00,69635.00000000061
2014-07-27 00:00:00,66725.14285714347
2014-07-29 00:00:00,62813.14285714345
2014-07-31 00:00:00,59571.14285714345
2014-08-02 00:00:00,79047.0000000006
2014-08-04 00:00:00,79134.28571428632
2014-08-06 00:00:00,92337.42857142918
2014-08-08 00:00:00,83538.57142857203
2014-08-10 00:00:00,82673.42857142918
2014-08-12 00:00:00,72491.85714285776
2014-08-14 00:00:00,84519.85714285776
2014-08-16 00:00:00,98573.14285714345
2014-08-18 00:00:00,106976.71428571489
2014-08-20 00:00:00,101419.57142857203
2014-08-22 00:00:00,103294.71428571489
2014-08-24 00:00:00,87573.57142857203
2014-08-26 00:00:00,85299.85714285776
2014-08-28 00:00:00,83285.7142857149
2014-08-30 00:00:00,93652.7142857149
2014-09-01 00:00:00,86383.42857142919
2014-09-03 00:00:00,82303.00000000061
2014-09-05 00:00:00,78782.42857142916
2014-09-07 00:00:00,79380.42857142916
2014-09-09 00:00:00,79500.42857142916
2014-09-11 00:00:00,86237.85714285774
2014-09-13 00:00:00,86818.71428571489
2014-09-15 00:00:00,79932.57142857203
2014-09-17 00:00:00,77346.85714285774
2014-09-19 00:00:00,103061.85714285773
2014-09-21 00:00:00,116635.2857142863
2014-09-23 00:00:00,114058.14285714345
2014-09-25 00:00:00,99396.57142857202
2014-09-27 00:00:00,90578.42857142916
2014-09-29 00:00:00,100051.85714285774
2014-10-01 00:00:00,105778.57142857205
2014-10-03 00:00:00,111526.14285714348
2014-10-05 00:00:00,132622.7142857149
2014-10-07 00:00:00,150763.85714285774
2014-10-09 00:00:00,174196.85714285777
2014-10-11 00:00:00,167604.85714285777
2014-10-13 00:00:00,146924.00000000064
2014-10-15 00:00:00,140393.28571428632
2014-10-17 00:00:00,128148.42857142919
2014-10-19 00:00:00,118308.85714285776
2014-10-21 00:00:00,99220.28571428634
2014-10-23 00:00:00,107573.00000000061
2014-10-25 00:00:00,120515.85714285777
2014-10-27 00:00:00,117968.14285714348
2014-10-29 00:00:00,107663.28571428635
2014-10-31 00:00:00,106632.28571428635
2014-11-02 00:00:00,106114.28571428635
2014-11-04 00:00:00,108131.71428571492
2014-11-06 00:00:00,122027.00000000064
2014-11-08 00:00:00,132822.85714285777
2014-11-10 00:00:00,132190.1428571435
2014-11-12 00:00:00,130602.00000000064
2014-11-14 00:00:00,176831.5714285721
2014-11-16 00:00:00,179720.4285714292
2014-11-18 00:00:00,185812.14285714348
2014-11-20 00:00:00,143973.57142857206
2014-11-22 00:00:00,142448.71428571496
2014-11-24 00:00:00,114980.85714285783
2014-11-26 00:00:00,123664.42857142925
2014-11-28 00:00:00,160742.42857142925
2014-11-30 00:00:00,173086.28571428638
2014-12-02 00:00:00,196197.42857142925
2014-12-04 00:00:00,176701.28571428638
2014-12-06 00:00:00,199981.71428571496
2014-12-08 00:00:00,165875.42857142922
2014-12-10 00:00:00,179805.42857142922
2014-12-12 00:00:00,158834.4285714292
2014-12-14 00:00:00,148044.7142857149
2014-12-16 00:00:00,123822.57142857206
2014-12-18 00:00:00,148800.14285714348
2014-12-20 00:00:00,165558.8571428578
2014-12-22 00:00:00,161246.4285714292
2014-12-24 00:00:00,148904.00000000058
2014-12-26 00:00:00,131068.85714285771
2014-12-28 00:00:00,121505.14285714345
2014-12-30 00:00:00,105237.85714285776
2015-01-01 00:00:00,110278.14285714347
2015-01-03 00:00:00,115836.00000000063
2015-01-05 00:00:00,149679.14285714348
2015-01-07 00:00:00,179969.0000000006
2015-01-09 00:00:00,208264.28571428632
2015-01-11 00:00:00,189015.4285714292
2015-01-13 00:00:00,198741.14285714348
2015-01-15 00:00:00,248168.57142857203
2015-01-17 00:00:00,257935.57142857203
2015-01-19 00:00:00,226067.42857142916
2015-01-21 00:00:00,195419.85714285774
2015-01-23 00:00:00,193098.14285714345
2015-01-25 00:00:00,197552.2857142863
2015-01-27 00:00:00,197549.2857142863
2015-01-29 00:00:00,191268.571428572
2015-01-31 00:00:00,193630.85714285774
2015-02-02 00:00:00,152733.00000000058
2015-02-04 00:00:00,154256.00000000058
2015-02-06 00:00:00,161013.14285714342
2015-02-08 00:00:00,161124.00000000058
2015-02-10 00:00:00,156258.14285714342
2015-02-12 00:00:00,148497.42857142916
2015-02-14 00:00:00,163950.14285714342
2015-02-16 00:00:00,158741.0000000006
2015-02-18 00:00:00,155966.2857142863
2015-02-20 00:00:00,143533.85714285774
2015-02-22 00:00:00,132251.85714285774
2015-02-24 00:00:00,127880.71428571487
2015-02-26 00:00:00,127582.28571428629
2015-02-28 00:00:00,139273.85714285768
2015-03-02 00:00:00,140385.1428571434
2015-03-04 00:00:00,160543.4285714291
2015-03-06 00:00:00,172387.8571428577
2015-03-08 00:00:00,208185.571428572
2015-03-10 00:00:00,206737.71428571487
2015-03-12 00:00:00,209559.2857142863
2015-03-14 00:00:00,179305.8571428577
2015-03-16 00:00:00,143998.42857142913
2015-03-18 00:00:00,136005.28571428626
2015-03-20 00:00:00,146013.28571428626
2015-03-22 00:00:00,148182.42857142913
2015-03-24 00:00:00,148590.28571428626
2015-03-26 00:00:00,148857.00000000052
2015-03-28 00:00:00,167344.57142857194
2015-03-30 00:00:00,153708.00000000052
2015-04-01 00:00:00,144984.7142857148
2015-04-03 00:00:00,146187.85714285765
2015-04-05 00:00:00,131644.14285714336
2015-04-07 00:00:00,125455.28571428623
2015-04-09 00:00:00,132122.28571428626
2015-04-11 00:00:00,155097.00000000055
2015-04-13 00:00:00,149793.00000000058
2015-04-15 00:00:00,154876.71428571487
2015-04-17 00:00:00,155340.42857142916
2015-04-19 00:00:00,156198.571428572
2015-04-21 00:00:00,142655.71428571484
2015-04-23 00:00:00,145132.7142857148
2015-04-25 00:00:00,152048.1428571434
2015-04-27 00:00:00,156630.7142857148
2015-04-29 00:00:00,160338.28571428626
2015-05-01 00:00:00,168122.1428571434
2015-05-03 00:00:00,152909.00000000052
2015-05-05 00:00:00,142389.14285714336
2015-05-07 00:00:00,142850.0000000005
2015-05-09 00:00:00,153354.1428571434
2015-05-11 00:00:00,148441.28571428626
2015-05-13 00:00:00,150033.42857142913
2015-05-15 00:00:00,151640.71428571484
2015-05-17 00:00:00,140743.42857142913
2015-05-19 00:00:00,135775.00000000058
2015-05-21 00:00:00,136273.14285714342
2015-05-23 00:00:00,163321.571428572
2015-05-25 00:00:00,148754.28571428626
2015-05-27 00:00:00,149853.57142857197
2015-05-29 00:00:00,149402.85714285768
2015-05-31 00:00:00,160177.4285714291
2015-06-02 00:00:00,177985.1428571434
2015-06-04 00:00:00,181800.57142857194
2015-06-06 00:00:00,189947.4285714291
2015-06-08 00:00:00,168792.28571428626
2015-06-10 00:00:00,172119.71428571487
2015-06-12 00:00:00,182791.00000000058
2015-06-14 00:00:00,182592.71428571484
2015-06-16 00:00:00,194586.57142857197
2015-06-18 00:00:00,220889.00000000055
2015-06-20 00:00:00,262378.71428571484
2015-06-22 00:00:00,228743.2857142863
2015-06-24 00:00:00,197705.2857142863
2015-06-26 00:00:00,168162.2857142863
2015-06-28 00:00:00,170336.85714285774
2015-06-30 00:00:00,187487.00000000058
2015-07-02 00:00:00,195634.71428571487
2015-07-04 00:00:00,208874.14285714342
2015-07-06 00:00:00,210836.14285714345
2015-07-08 00:00:00,222114.71428571487
2015-07-10 00:00:00,250076.0000000006
2015-07-12 00:00:00,239694.8571428577
2015-07-14 00:00:00,223052.85714285768
2015-07-16 00:00:00,203985.71428571484
2015-07-18 00:00:00,189472.8571428577
2015-07-20 00:00:00,166860.1428571434
2015-07-22 00:00:00,155299.28571428623
2015-07-24 00:00:00,161385.42857142907
2015-07-26 00:00:00,164089.57142857194
2015-07-28 00:00:00,175605.28571428623
2015-07-30 00:00:00,170358.0000000005
2015-08-01 00:00:00,181619.14285714336
2015-08-03 00:00:00,165875.00000000052
2015-08-05 00:00:00,173527.00000000055
2015-08-07 00:00:00,177264.14285714342
2015-08-09 00:00:00,204348.00000000055
2015-08-11 00:00:00,227325.71428571484
2015-08-13 00:00:00,240790.00000000052
2015-08-15 00:00:00,236325.28571428626
2015-08-17 00:00:00,227523.42857142916
2015-08-19 00:00:00,261324.7142857149
2015-08-21 00:00:00,283908.57142857206
2015-08-23 00:00:00,268261.2857142863
2015-08-25 00:00:00,281482.85714285774
2015-08-27 00:00:00,273628.0000000006
2015-08-29 00:00:00,287976.57142857206
2015-08-31 00:00:00,224608.14285714348
2015-09-02 00:00:00,220196.00000000058
2015-09-04 00:00:00,213919.42857142916
2015-09-06 00:00:00,219341.42857142916
2015-09-08 00:00:00,203915.14285714342
2015-09-10 00:00:00,219941.71428571484
2015-09-12 00:00:00,215211.71428571484
2015-09-14 00:00:00,204373.00000000058
2015-09-16 00:00:00,189696.00000000055
2015-09-18 00:00:00,210536.28571428626
2015-09-20 00:00:00,219676.28571428626
2015-09-22 00:00:00,240957.00000000058
2015-09-24 00:00:00,233409.00000000058
2015-09-26 00:00:00,236702.42857142913
2015-09-28 00:00:00,205698.571428572
2015-09-30 00:00:00,223919.28571428626
2015-10-02 00:00:00,246510.85714285768
2015-10-04 00:00:00,233703.7142857149
2015-10-06 00:00:00,225510.42857142916
2015-10-08 00:00:00,237173.42857142916
2015-10-10 00:00:00,262676.85714285774
2015-10-12 00:00:00,237972.28571428638
2015-10-14 00:00:00,221324.8571428578
2015-10-16 00:00:00,241245.57142857203
2015-10-18 00:00:00,264775.1428571434
2015-10-20 00:00:00,264021.85714285774
2015-10-22 00:00:00,261180.42857142922
2015-10-24 00:00:00,261178.1428571435
2015-10-26 00:00:00,262217.7142857149
2015-10-28 00:00:00,277032.0000000006
2015-10-30 00:00:00,342788.85714285774
2015-11-01 00:00:00,364381.42857142916
2015-11-03 00:00:00,412795.00000000064
2015-11-05 00:00:00,482559.2857142864
2015-11-07 00:00:00,510252.0000000007
2015-11-09 00:00:00,474111.5714285722
2015-11-11 00:00:00,417336.28571428644
2015-11-13 00:00:00,413758.00000000076
2015-11-15 00:00:00,402895.2857142865
2015-11-17 00:00:00,359455.14285714366
2015-11-19 00:00:00,341228.4285714294
2015-11-21 00:00:00,329455.14285714366
2015-11-23 00:00:00,286312.00000000076
2015-11-25 00:00:00,257166.1428571436
2015-11-27 00:00:00,288064.42857142934
2015-11-29 00:00:00,291770.1428571436
2015-12-01 00:00:00,326921.5714285721
2015-12-03 00:00:00,326885.4285714293
2015-12-05 00:00:00,373862.4285714293
2015-12-07 00:00:00,387826.2857142865
2015-12-09 00:00:00,393204.0000000008
2015-12-11 00:00:00,397042.57142857224
2015-12-13 00:00:00,375520.4285714294
2015-12-15 00:00:00,365546.42857142934
2015-12-17 00:00:00,356532.14285714366
2015-12-19 00:00:00,350853.00000000076
2015-12-21 00:00:00,335143.57142857224
2015-12-23 00:00:00,338928.7142857151
2015-12-25 00:00:00,329878.8571428579
2015-12-27 00:00:00,293268.28571428644
2015-12-29 00:00:00,240981.714285715
2015-12-31 00:00:00,199112.71428571496
2016-01-02 00:00:00,161720.71428571496
2016-01-04 00:00:00,136268.5714285721
2016-01-06 00:00:00,138342.8571428578
2016-01-08 00:00:00,183542.42857142925
2016-01-10 00:00:00,189177.1428571435
2016-01-12 00:00:00,194388.4285714292
2016-01-14 00:00:00,180484.57142857203
2016-01-16 00:00:00,220763.28571428635
2016-01-18 00:00:00,208106.28571428635
2016-01-20 00:00:00,220566.14285714348
2016-01-22 00:00:00,215815.00000000064
2016-01-24 00:00:00,231068.28571428638
2016-01-26 00:00:00,265122.2857142864
2016-01-28 00:00:00,285011.57142857206
2016-01-30 00:00:00,327960.00000000064
2016-02-01 00:00:00,303271.7142857149
2016-02-03 00:00:00,295274.8571428578
2016-02-05 00:00:00,286398.1428571435
2016-02-07 00:00:00,276346.7142857149
2016-02-09 00:00:00,256300.85714285774
2016-02-11 00:00:00,254017.85714285774
2016-02-13 00:00:00,265666.2857142864
2016-02-15 00:00:00,277193.5714285721
2016-02-17 00:00:00,288271.4285714293
2016-02-19 00:00:00,297120.0000000007
2016-02-21 00:00:00,302839.71428571496
2016-02-23 00:00:00,291753.5714285721
2016-02-25 00:00:00,292863.4285714292
2016-02-27 00:00:00,295923.71428571496
2016-02-29 00:00:00,318173.8571428578
2016-03-02 00:00:00,372266.85714285786
2016-03-04 00:00:00,405078.14285714354
2016-03-06 00:00:00,401343.0000000007
2016-03-08 00:00:00,334838.0000000007
2016-03-10 00:00:00,291946.5714285721
2016-03-12 00:00:00,253016.71428571496
2016-03-14 00:00:00,230296.0000000007
2016-03-16 00:00:00,220025.71428571496
2016-03-18 00:00:00,222074.57142857212
2016-03-20 00:00:00,216189.14285714357
2016-03-22 00:00:00,214982.14285714357
2016-03-24 00:00:00,218934.57142857212
2016-03-26 00:00:00,241612.42857142925
2016-03-28 00:00:00,245208.42857142922
2016-03-30 00:00:00,254150.8571428578
2016-04-01 00:00:00,257498.14285714354
2016-04-03 00:00:00,237060.71428571496
2016-04-05 00:00:00,227773.28571428644
2016-04-07 00:00:00,249899.0000000007
2016-04-09 00:00:00,267211.85714285786
2016-04-11 00:00:00,248060.71428571502
2016-04-13 00:00:00,235650.1428571436
2016-04-15 00:00:00,238749.71428571502
2016-04-17 00:00:00,227787.8571428579
2016-04-19 00:00:00,209207.8571428579
2016-04-21 00:00:00,224043.8132376364
2016-04-23 00:00:00,247529.21692877347
2016-04-25 00:00:00,259161.7529242206
2016-04-27 00:00:00,270387.05243434914
2016-04-29 00:00:00,308757.0444472849
2016-05-01 00:00:00,288490.7556546206
2016-05-03 00:00:00,275094.4156952577
2016-05-05 00:00:00,260917.77085260057
2016-05-07 00:00:00,273213.46748197917
2016-05-09 00:00:00,246561.69155519342
2016-05-11 00:00:00,237399.42849946197
2016-05-13 00:00:00,252509.13202325912
2016-05-15 00:00:00,249933.5042537077
2016-05-17 00:00:00,245124.806632142
2016-05-19 00:00:00,253246.0702554534
2016-05-21 00:00:00,273452.09546392056
2016-05-23 00:00:00,253173.13959379774
2016-05-25 00:00:00,253953.54874084203
2016-05-27 00:00:00,325728.42863362917
2016-05-29 00:00:00,385853.49291472055
2016-05-31 00:00:00,406085.8818073691
2016-06-02 00:00:00,352879.88590652053
2016-06-04 00:00:00,298290.0925719563
2016-06-06 00:00:00,254284.64907402202
2016-06-08 00:00:00,248203.54206449917
2016-06-10 00:00:00,281069.88561086915
2016-06-12 00:00:00,305995.8320299562
2016-06-14 00:00:00,301833.12754046475
2016-06-16 00:00:00,323400.28651916335
2016-06-18 00:00:00,318877.66172405053
2016-06-20 00:00:00,298055.96851233346
2016-06-22 00:00:00,305803.9932727091
2016-06-24 00:00:00,324115.7959406334
2016-06-26 00:00:00,323937.80393530475
2016-06-28 00:00:00,277811.31906803336
2016-06-30 00:00:00,253488.12593704197
2016-07-02 00:00:00,259010.5433050191
2016-07-04 00:00:00,236091.53325033907
2016-07-06 00:00:00,224008.84720366762
2016-07-08 00:00:00,237035.60471384902
2016-07-10 00:00:00,223155.49549428048
2016-07-12 00:00:00,219941.6421728433
2016-07-14 00:00:00,207371.69423980187
2016-07-16 00:00:00,221950.4249345933
2016-07-18 00:00:00,219909.83087451186
2016-07-20 00:00:00,229666.89130078902
2016-07-22 00:00:00,227214.85025752475
2016-07-24 00:00:00,205019.8620596219
2016-07-26 00:00:00,187388.48983450048
2016-07-28 00:00:00,195583.96301158334
2016-07-30 00:00:00,197221.69867010048
2016-08-01 00:00:00,203115.43825528762
2016-08-03 00:00:00,256679.00563218613
2016-08-05 00:00:00,292852.7756681947
2016-08-07 00:00:00,284115.7074580947
2016-08-09 00:00:00,226114.2455072604
2016-08-11 00:00:00,222715.83304338757
2016-08-13 00:00:00,219859.23890118327
2016-08-15 00:00:00,210096.965656489
2016-08-17 00:00:00,208384.1854033161
2016-08-19 00:00:00,220056.12279242757
2016-08-21 00:00:00,207811.38984749184
2016-08-23 00:00:00,198026.4325613947
2016-08-25 00:00:00,197106.6620286847
2016-08-27 00:00:00,204534.45890744758
2016-08-29 00:00:00,184731.9922372647
2016-08-31 00:00:00,189256.58974271902
2016-09-02 00:00:00,207527.58026107185
2016-09-04 00:00:00,202676.68529142614
2016-09-06 00:00:00,194510.73670638757
2016-09-08 00:00:00,189489.18169027613
2016-09-10 00:00:00,194413.8580434847
2016-09-12 00:00:00,178608.04323472612
2016-09-14 00:00:00,175768.32787915895
2016-09-16 00:00:00,174904.01558718752
2016-09-18 00:00:00,166286.58185528038
2016-09-20 00:00:00,167389.2673699604
2016-09-22 00:00:00,176624.20251121183
2016-09-24 00:00:00,189257.3926895904
2016-09-26 00:00:00,195059.09423553324
2016-09-28 00:00:00,200730.33666067894
2016-09-30 00:00:00,214813.8397633818
2016-10-02 00:00:00,189902.1233342761
2016-10-04 00:00:00,194569.76231712615
2016-10-06 00:00:00,191526.61769509473
2016-10-08 00:00:00,207963.78389629186
2016-10-10 00:00:00,194328.49310199043
2016-10-12 00:00:00,233893.99904999044
2016-10-14 00:00:00,241344.97132326188
2016-10-16 00:00:00,234976.08539088903
2016-10-18 00:00:00,211153.70898922472
2016-10-20 00:00:00,216496.73385650903
2016-10-22 00:00:00,224418.4983975433
2016-10-24 00:00:00,207405.32804159756
2016-10-26 00:00:00,210903.19590667041
2016-10-28 00:00:00,247152.389049739
2016-10-30 00:00:00,249142.91028604898
2016-11-01 00:00:00,252284.9630110218
2016-11-03 00:00:00,227911.46768984752
2016-11-05 00:00:00,222901.48481202466
2016-11-07 00:00:00,212273.17487881467
2016-11-09 00:00:00,236498.29403941182
2016-11-11 00:00:00,239617.9974543818
2016-11-13 00:00:00,216698.51686623323
2016-11-15 00:00:00,189840.49161860178
2016-11-17 00:00:00,222563.39562665037
2016-11-19 00:00:00,239671.5724014689
2016-11-21 00:00:00,229895.83137049174
2016-11-23 00:00:00,211585.25899433892
2016-11-25 00:00:00,231490.2571947604
2016-11-27 00:00:00,230377.00065474183
2016-11-29 00:00:00,230681.3685284304
2016-12-01 00:00:00,220584.35520322324
2016-12-03 00:00:00,230627.68951107183
2016-12-05 00:00:00,206158.28008833184
2016-12-07 00:00:00,213242.62956246326
2016-12-09 00:00:00,222042.408408809
2016-12-11 00:00:00,214454.3979944947
2016-12-13 00:00:00,207057.20689573328
2016-12-15 00:00:00,206656.25343985757
2016-12-17 00:00:00,233205.6430112347
2016-12-19 00:00:00,225273.5299752847
2016-12-21 00:00:00,245000.0779166033
2016-12-23 00:00:00,284364.66114153614
2016-12-25 00:00:00,281345.7315867847
2016-12-27 00:00:00,269674.6683808418
2016-12-29 00:00:00,246511.79150866473
2016-12-31 00:00:00,259430.0070644676
2017-01-02 00:00:00,235565.73552297332
2017-01-04 00:00:00,244516.7280831547
2017-01-06 00:00:00,310730.9325288476
2017-01-08 00:00:00,328798.27124342474
2017-01-10 00:00:00,313515.4843886833
2017-01-12 00:00:00,296386.8872034919
2017-01-14 00:00:00,285713.4025756962
2017-01-16 00:00:00,261965.38170894474
2017-01-18 00:00:00,223127.78772937186
2017-01-20 00:00:00,225597.80332819617
2017-01-22 00:00:00,226973.08587403328
2017-01-24 00:00:00,206958.3453079004
2017-01-26 00:00:00,212499.51721941037
2017-01-28 00:00:00,191990.43814535323
2017-01-30 00:00:00,167113.6786323961
2017-02-01 00:00:00,158949.0559547604
2017-02-03 00:00:00,182032.63526908465
2017-02-05 00:00:00,195675.2415447418
2017-02-07 00:00:00,190998.84294783036
2017-02-09 00:00:00,212100.57355437326
2017-02-11 00:00:00,220498.012623199
2017-02-13 00:00:00,198311.0560843433
2017-02-15 00:00:00,170950.877835299
2017-02-17 00:00:00,172370.40634819758
2017-02-19 00:00:00,175098.63574360043
2017-02-21 00:00:00,169759.05444810618
2017-02-23 00:00:00,170917.53707331617
2017-02-25 00:00:00,197805.441351049
2017-02-27 00:00:00,197861.1914862361
2017-03-01 00:00:00,193859.69836197034
2017-03-03 00:00:00,216347.7304016189
2017-03-05 00:00:00,214421.5675480375
2017-03-07 00:00:00,221463.16440434608
2017-03-09 00:00:00,193823.77890113037
2017-03-11 00:00:00,209123.81270741893
2017-03-13 00:00:00,198208.4673817475
2017-03-15 00:00:00,204847.4540739275
2017-03-17 00:00:00,264352.6201574761
2017-03-19 00:00:00,293594.8133334147
2017-03-21 00:00:00,302795.8899335848
2017-03-23 00:00:00,270289.0285835962
2017-03-25 00:00:00,288264.8531163662
2017-03-27 00:00:00,280848.15178266616
2017-03-29 00:00:00,280051.26346823183
2017-03-31 00:00:00,279571.03179486893
2017-04-02 00:00:00,274440.40269874176
2017-04-04 00:00:00,266126.0171938389
2017-04-06 00:00:00,249650.63484431463
2017-04-08 00:00:00,247458.2334713146
2017-04-10 00:00:00,219055.31329238316
2017-04-12 00:00:00,207294.134802156
2017-04-14 00:00:00,215198.03641205744
2017-04-16 00:00:00,218988.08321078742
2017-04-18 00:00:00,221086.38127895741
2017-04-20 00:00:00,219071.62719466313
2017-04-22 00:00:00,218974.12916363456
2017-04-24 00:00:00,192087.90512460883
2017-04-26 00:00:00,200900.1832605117
2017-04-28 00:00:00,226765.91287336024
2017-04-30 00:00:00,239686.22075460307
2017-05-02 00:00:00,244826.53543622454
2017-05-04 00:00:00,258902.80355412164
2017-05-06 00:00:00,288732.6788012902
2017-05-08 00:00:00,301078.8687997416
2017-05-10 00:00:00,321503.97870618023
2017-05-12 00:00:00,325990.66177755734
2017-05-14 00:00:00,294805.86917942594
2017-05-16 00:00:00,277010.6915629073
2017-05-18 00:00:00,300841.50373741443
2017-05-20 00:00:00,339809.743459333
2017-05-22 00:00:00,333763.35967472877
2017-05-24 00:00:00,337211.96508433734
2017-05-26 00:00:00,360754.9983406059
2017-05-28 00:00:00,341625.44208002446
2017-05-30 00:00:00,306290.5061892373
2017-06-01 00:00:00,282456.8671221373
2017-06-03 00:00:00,291516.7516636544
2017-06-05 00:00:00,276180.2355933301
2017-06-07 00:00:00,257777.8773804959
2017-06-09 00:00:00,244806.10432051445
2017-06-11 00:00:00,232403.3670439544
2017-06-13 00:00:00,230424.34054878008
2017-06-15 00:00:00,241415.1443353658
2017-06-17 00:00:00,240935.89970645434
2017-06-19 00:00:00,214750.8143885172
2017-06-21 00:00:00,208990.6002687158
2017-06-23 00:00:00,209612.38585744434
2017-06-25 00:00:00,198400.8002384672
2017-06-27 00:00:00,199412.14653842436
2017-06-29 00:00:00,208074.41079620438
2017-07-01 00:00:00,229177.00607291868
2017-07-03 00:00:00,207358.67999182298
2017-07-05 00:00:00,204267.74547654297
2017-07-07 00:00:00,201808.50955028867
2017-07-09 00:00:00,209386.33450258579
2017-07-11 00:00:00,219023.63621813295
2017-07-13 00:00:00,209452.75886528008
2017-07-15 00:00:00,204527.79958675153
2017-07-17 00:00:00,195328.06395711153
2017-07-19 00:00:00,209427.91296870582
2017-07-21 00:00:00,219979.3192157001
2017-07-23 00:00:00,196003.75299473436
2017-07-25 00:00:00,191924.70639523293
2017-07-27 00:00:00,201930.15272604866
2017-07-29 00:00:00,271305.09010745864
2017-07-31 00:00:00,347009.43949567294
2017-08-02 00:00:00,410714.2776780915
2017-08-04 00:00:00,402887.49355489295
2017-08-06 00:00:00,345744.9268376601
2017-08-08 00:00:00,308214.39513867005
2017-08-10 00:00:00,273617.9213616157
2017-08-12 00:00:00,255361.20976972286
2017-08-14 00:00:00,207018.82075988286
2017-08-16 00:00:00,205540.01918935857
2017-08-18 00:00:00,217104.2053411257
2017-08-20 00:00:00,226607.25400294855
2017-08-22 00:00:00,213360.69826773996
2017-08-24 00:00:00,191655.36567423568
2017-08-26 00:00:00,168817.43190020998
2017-08-28 00:00:00,164752.70942875856
2017-08-30 00:00:00,170537.04922875998
2017-09-01 00:00:00,194237.66411798567
2017-09-03 00:00:00,191606.44235363565
2017-09-05 00:00:00,216141.00117234277
2017-09-07 00:00:00,224726.5358029685
2017-09-09 00:00:00,230978.04145984564
2017-09-11 00:00:00,196954.96070044424
2017-09-13 00:00:00,183652.6794812471
2017-09-15 00:00:00,219489.6429926328
2017-09-17 00:00:00,212464.46789004997
2017-09-19 00:00:00,205944.5370898571
2017-09-21 00:00:00,164103.45796259423
2017-09-23 00:00:00,160965.92033190565
2017-09-25 00:00:00,151223.96195111997
2017-09-27 00:00:00,150698.8113879071
2017-09-29 00:00:00,156882.3960967571
2017-10-01 00:00:00,144502.7580091185
2017-10-03 00:00:00,142301.9384378285
2017-10-05 00:00:00,135671.84773349992
2017-10-07 00:00:00,138987.68384301278
2017-10-09 00:00:00,142804.8679318371
2017-10-11 00:00:00,155886.7897168971
2017-10-13 00:00:00,181239.6037722071
2017-10-15 00:00:00,174248.2284475128
2017-10-17 00:00:00,171418.29528381568
2017-10-19 00:00:00,176604.1480113671
2017-10-21 00:00:00,177938.47557516422
2017-10-23 00:00:00,203167.04861512137
2017-10-25 00:00:00,239482.80346371568
2017-10-27 00:00:00,262038.9094128057
2017-10-29 00:00:00,226014.81659482856
2017-10-31 00:00:00,192499.68502194426
2017-11-02 00:00:00,196739.2640181128
2017-11-04 00:00:00,211007.04089057137
2017-11-06 00:00:00,193548.32027964707
2017-11-08 00:00:00,191138.90295796993
2017-11-10 00:00:00,217175.52537789993
2017-11-12 00:00:00,236021.55889439708
2017-11-14 00:00:00,248455.30183146422
2017-11-16 00:00:00,250334.77147408132
2017-11-18 00:00:00,261530.83678638696
2017-11-20 00:00:00,246088.6723336698
2017-11-22 00:00:00,232667.71768561978
2017-11-24 00:00:00,234849.48943563405
2017-11-26 00:00:00,238399.81726690836
2017-11-28 00:00:00,260196.55011223262
2017-11-30 00:00:00,276898.0272462783
2017-12-02 00:00:00,263976.88018578687
2017-12-04 00:00:00,224672.273104994
2017-12-06 00:00:00,188677.92302874685
2017-12-08 00:00:00,219334.322142874
2017-12-10 00:00:00,232833.50486119682
2017-12-12 00:00:00,246515.4130742997
2017-12-14 00:00:00,225392.0841412139
2017-12-16 00:00:00,214474.59020236394
2017-12-18 00:00:00,204668.87984244968
2017-12-20 00:00:00,210646.9560383254
2017-12-22 00:00:00,224693.41620583972
2017-12-24 00:00:00,199483.28334164686
2017-12-26 00:00:00,177004.09037047686
2017-12-28 00:00:00,181806.56293948827
2017-12-30 00:00:00,211343.92762333827
2018-01-01 00:00:00,217426.91552990256
2018-01-03 00:00:00,199080.96357991826
2018-01-05 00:00:00,201578.92576980108
2018-01-07 00:00:00,216132.73041241962
2018-01-09 00:00:00,230156.10737829536
2018-01-11 00:00:00,224916.62587056396
2018-01-13 00:00:00,209707.890445654
2018-01-15 00:00:00,191524.59657570827
2018-01-17 00:00:00,190377.2371555068
2018-01-19 00:00:00,196577.3816799025
2018-01-21 00:00:00,191866.03000522536
2018-01-23 00:00:00,171138.5081859111
2018-01-25 00:00:00,159331.5361063854
2018-01-27 00:00:00,161453.29878371398
2018-01-29 00:00:00,153818.9886325254
2018-01-31 00:00:00,147693.2930358997
2018-02-02 00:00:00,180633.5647727854
2018-02-04 00:00:00,185414.987998514
2018-02-06 00:00:00,215506.34541411116
2018-02-08 00:00:00,189025.43380589117
2018-02-10 00:00:00,183034.81111375114
2018-02-12 00:00:00,143543.23479743113
2018-02-14 00:00:00,125361.76197346681
2018-02-16 00:00:00,113965.50919367681
2018-02-18 00:00:00,98784.4195858368
2018-02-20 00:00:00,90048.97349204823
2018-02-22 00:00:00,113254.35488513252
2018-02-24 00:00:00,139444.18942593966
2018-02-26 00:00:00,132231.05555474828
2018-02-28 00:00:00,124075.25013243541
2018-03-02 00:00:00,118158.9217775611
2018-03-04 00:00:00,118189.26288767824
2018-03-06 00:00:00,105886.76818141111
2018-03-08 00:00:00,105428.15169330825
2018-03-10 00:00:00,124692.00836649824
2018-03-12 00:00:00,120125.76975138964
2018-03-14 00:00:00,120921.49864708964
2018-03-16 00:00:00,113018.17673305822
2018-03-18 00:00:00,108867.40100520823
2018-03-20 00:00:00,100871.91144371964
2018-03-22 00:00:00,95944.5139372582
2018-03-24 00:00:00,93983.44160969104
2018-03-26 00:00:00,91220.14575873106
2018-03-28 00:00:00,90776.80637458105
2018-03-30 00:00:00,111256.72622199963
2018-04-01 00:00:00,102115.55298667392
2018-04-03 00:00:00,104691.17692482535
2018-04-05 00:00:00,90247.8281054225
2018-04-07 00:00:00,95398.34607957963
2018-04-09 00:00:00,88139.02147777536
2018-04-11 00:00:00,92947.16232241679
2018-04-13 00:00:00,110743.14249782536
2018-04-15 00:00:00,102137.90207197105
2018-04-17 00:00:00,97356.96763995818
2018-04-19 00:00:00,89364.30204460675
