2009-01-03 00:00:00,0.00000004971026962962963
2009-01-05 00:00:00,0.0
2009-01-07 00:00:00,0.0
2009-01-09 00:00:00,0.0000006959437748148148
2009-01-11 00:00:00,0.000005269288580740741
2009-01-13 00:00:00,0.000005716681007407408
2009-01-15 00:00:00,0.000006313204242962964
2009-01-17 00:00:00,0.000005368709120000001
2009-01-19 00:00:00,0.000005915522085925926
2009-01-21 00:00:00,0.0000056172604681481475
2009-01-23 00:00:00,0.0000033305880651851844
2009-01-25 00:00:00,0.000009643792308148147
2009-01-27 00:00:00,0.0000051201577718518525
2009-01-29 00:00:00,0.000006064652894814814
2009-01-31 00:00:00,0.000006412624782222221
2009-02-02 00:00:00,0.000006313204242962964
2009-02-04 00:00:00,0.000006114363164444444
2009-02-06 00:00:00,0.000006412624782222221
2009-02-08 00:00:00,0.000006661176130370369
2009-02-10 00:00:00,0.000006313204242962964
2009-02-12 00:00:00,0.0000058658118162962975
2009-02-14 00:00:00,0.000007009148017777777
2009-02-16 00:00:00,0.000006114363164444444
2009-02-18 00:00:00,0.000006164073434074074
2009-02-20 00:00:00,0.0000063629145125925925
2009-02-22 00:00:00,0.000006014942625185187
2009-02-24 00:00:00,0.000005517839928888888
2009-02-26 00:00:00,0.000004772185884444444
2009-02-28 00:00:00,0.000005070447502222223
2009-03-02 00:00:00,0.0000051698680414814805
2009-03-04 00:00:00,0.000005269288580740741
2009-03-06 00:00:00,0.0000058658118162962975
2009-03-08 00:00:00,0.000005567550198518519
2009-03-10 00:00:00,0.000005219578311111112
2009-03-12 00:00:00,0.0000058658118162962975
2009-03-14 00:00:00,0.000005766391277037038
2009-03-16 00:00:00,0.000006462335051851852
2009-03-18 00:00:00,0.0000054681296592592585
2009-03-20 00:00:00,0.0000058658118162962975
2009-03-22 00:00:00,0.000004722475614814816
2009-03-24 00:00:00,0.000005219578311111112
2009-03-26 00:00:00,0.0000056172604681481475
2009-03-28 00:00:00,0.000005915522085925926
2009-03-30 00:00:00,0.000006213783703703704
2009-04-01 00:00:00,0.000005318998850370371
2009-04-03 00:00:00,0.0000056172604681481475
2009-04-05 00:00:00,0.000006412624782222221
2009-04-07 00:00:00,0.000004921316693333333
2009-04-09 00:00:00,0.000004921316693333333
2009-04-11 00:00:00,0.000006064652894814814
2009-04-13 00:00:00,0.000005716681007407408
2009-04-15 00:00:00,0.000005567550198518519
2009-04-17 00:00:00,0.000005716681007407408
2009-04-19 00:00:00,0.000005915522085925926
2009-04-21 00:00:00,0.000006114363164444444
2009-04-23 00:00:00,0.00000397682157037037
2009-04-25 00:00:00,0.000006064652894814814
2009-04-27 00:00:00,0.000005219578311111112
2009-04-29 00:00:00,0.000006114363164444444
2009-05-01 00:00:00,0.000006114363164444444
2009-05-03 00:00:00,0.000005666970737777776
2009-05-05 00:00:00,0.000006561755591111111
2009-05-07 00:00:00,0.000006014942625185187
2009-05-09 00:00:00,0.000004523634536296296
2009-05-11 00:00:00,0.000005915522085925926
2009-05-13 00:00:00,0.000005716681007407408
2009-05-15 00:00:00,0.000007108568557037038
2009-05-17 00:00:00,0.000006213783703703704
2009-05-19 00:00:00,0.000004971026962962963
2009-05-21 00:00:00,0.000004424213997037036
2009-05-23 00:00:00,0.0000003479718874074074
2009-05-25 00:00:00,0.000005567550198518519
2009-05-27 00:00:00,0.000006213783703703704
2009-05-29 00:00:00,0.000005318998850370371
2009-05-31 00:00:00,0.0000058658118162962975
2009-06-02 00:00:00,0.000004424213997037036
2009-06-04 00:00:00,0.000001938700515555556
2009-06-06 00:00:00,0.000001193046471111111
2009-06-08 00:00:00,0.000003579139413333334
2009-06-10 00:00:00,0.000004125952379259259
2009-06-12 00:00:00,0.000004523634536296296
2009-06-14 00:00:00,0.000003479718874074074
2009-06-16 00:00:00,0.000003628849682962963
2009-06-18 00:00:00,0.00000402653184
2009-06-20 00:00:00,0.000004175662648888889
2009-06-22 00:00:00,0.00000397682157037037
2009-06-24 00:00:00,0.000004225372918518518
2009-06-26 00:00:00,0.000004424213997037036
2009-06-28 00:00:00,0.0000025352237511111114
2009-06-30 00:00:00,0.000004324793457777778
2009-07-02 00:00:00,0.000003579139413333334
2009-07-04 00:00:00,0.000004424213997037036
2009-07-06 00:00:00,0.000004523634536296296
2009-07-08 00:00:00,0.0000039271113007407404
2009-07-10 00:00:00,0.00000407624210962963
2009-07-12 00:00:00,0.0000037779804918518514
2009-07-14 00:00:00,0.000003579139413333334
2009-07-16 00:00:00,0.0000034300086044444446
2009-07-18 00:00:00,0.00000014913080888888887
2009-07-20 00:00:00,0.000003728270222222222
2009-07-22 00:00:00,0.0000034300086044444446
2009-07-24 00:00:00,0.000003728270222222222
2009-07-26 00:00:00,0.0000006462335051851851
2009-07-28 00:00:00,0.0000021872518637037037
2009-07-30 00:00:00,0.0000006959437748148148
2009-08-01 00:00:00,0.0000011433362014814815
2009-08-03 00:00:00,0.0000007456540444444445
2009-08-05 00:00:00,0.000004523634536296296
2009-08-07 00:00:00,0.0000036785599525925925
2009-08-09 00:00:00,0.000004871606423703704
2009-08-11 00:00:00,0.0000033305880651851844
2009-08-13 00:00:00,0.00000402653184
2009-08-15 00:00:00,0.0000016901491674074073
2009-08-17 00:00:00,0.0000008450745837037036
2009-08-19 00:00:00,0.0000007456540444444445
2009-08-21 00:00:00,0.0000007953643140740741
2009-08-23 00:00:00,0.0000005965232355555555
2009-08-25 00:00:00,0.0000027340648296296292
2009-08-27 00:00:00,0.000001491308088888889
2009-08-29 00:00:00,0.000004125952379259259
2009-08-31 00:00:00,0.000004672765345185185
2009-09-02 00:00:00,0.0000033802983348148145
2009-09-04 00:00:00,0.0000031317469866666666
2009-09-06 00:00:00,0.000003579139413333334
2009-09-08 00:00:00,0.0000032808777955555556
2009-09-10 00:00:00,0.000003032326447407407
2009-09-12 00:00:00,0.000003529429143703703
2009-09-14 00:00:00,0.00000402653184
2009-09-16 00:00:00,0.000002883195638518519
2009-09-18 00:00:00,0.00000402653184
2009-09-20 00:00:00,0.0000039271113007407404
2009-09-22 00:00:00,0.0000016901491674074073
2009-09-24 00:00:00,0.00000407624210962963
2009-09-26 00:00:00,0.000004672765345185185
2009-09-28 00:00:00,0.0000043745037274074075
2009-09-30 00:00:00,0.000004324793457777778
2009-10-02 00:00:00,0.000003728270222222222
2009-10-04 00:00:00,0.000003032326447407407
2009-10-06 00:00:00,0.000002038121054814815
2009-10-08 00:00:00,0.000003479718874074074
2009-10-10 00:00:00,0.000003827690761481482
2009-10-12 00:00:00,0.000003082036717037037
2009-10-14 00:00:00,0.0000027837750992592593
2009-10-16 00:00:00,0.000003231167525925926
2009-10-18 00:00:00,0.0000031814572562962963
2009-10-20 00:00:00,0.000005517839928888888
2009-10-22 00:00:00,0.000004275083188148147
2009-10-24 00:00:00,0.000003728270222222222
2009-10-26 00:00:00,0.000003231167525925926
2009-10-28 00:00:00,0.0000031814572562962963
2009-10-30 00:00:00,0.000003032326447407407
2009-11-01 00:00:00,0.000001491308088888889
2009-11-03 00:00:00,0.000002833485368888888
2009-11-05 00:00:00,0.0000031814572562962963
2009-11-07 00:00:00,0.0000037779804918518514
2009-11-09 00:00:00,0.000003231167525925926
2009-11-11 00:00:00,0.0000034300086044444446
2009-11-13 00:00:00,0.000003479718874074074
2009-11-15 00:00:00,0.000004772185884444444
2009-11-17 00:00:00,0.000004523634536296296
2009-11-19 00:00:00,0.000003628849682962963
2009-11-21 00:00:00,0.000003827690761481482
2009-11-23 00:00:00,0.000004772185884444444
2009-11-25 00:00:00,0.000004225372918518518
2009-11-27 00:00:00,0.000003728270222222222
2009-11-29 00:00:00,0.000002883195638518519
2009-12-01 00:00:00,0.0000032808777955555556
2009-12-03 00:00:00,0.000004225372918518518
2009-12-05 00:00:00,0.0000025849340207407402
2009-12-07 00:00:00,0.000004672765345185185
2009-12-09 00:00:00,0.000004672765345185185
2009-12-11 00:00:00,0.000006213783703703704
2009-12-13 00:00:00,0.0000051698680414814805
2009-12-15 00:00:00,0.000005766391277037038
2009-12-17 00:00:00,0.000008003353410370372
2009-12-19 00:00:00,0.000011135100397037037
2009-12-21 00:00:00,0.000009295820420740741
2009-12-23 00:00:00,0.000008401035567407407
2009-12-25 00:00:00,0.000007804512331851851
2009-12-27 00:00:00,0.000008401035567407407
2009-12-29 00:00:00,0.00000815248421925926
2009-12-31 00:00:00,0.000008820338219318197
2010-01-02 00:00:00,0.000007644293123409104
2010-01-04 00:00:00,0.000011172428411136384
2010-01-06 00:00:00,0.000009290756257681831
2010-01-08 00:00:00,0.000008820338219318197
2010-01-10 00:00:00,0.000011231230665931837
2010-01-12 00:00:00,0.000010769248413842422
2010-01-14 00:00:00,0.00001025024849028375
2010-01-16 00:00:00,0.000008693248719607735
2010-01-18 00:00:00,0.000008433748757828404
2010-01-20 00:00:00,0.00000908249866227674
2010-01-22 00:00:00,0.000009731248566725078
2010-01-24 00:00:00,0.000009406873614500911
2010-01-26 00:00:00,0.000013498000719461596
2010-01-28 00:00:00,0.000011560168933004236
2010-01-30 00:00:00,0.0000120279214331836
2010-02-01 00:00:00,0.000011961099647443688
2010-02-03 00:00:00,0.00001623769393479786
2010-02-05 00:00:00,0.000022149349727863342
2010-02-07 00:00:00,0.000018713940382317194
2010-02-09 00:00:00,0.00001889475140050383
2010-02-11 00:00:00,0.000016092180618610913
2010-02-13 00:00:00,0.000020250834036903625
2010-02-15 00:00:00,0.000023246091421507657
2010-02-17 00:00:00,0.000029151855188052842
2010-02-19 00:00:00,0.00002249216413216146
2010-02-21 00:00:00,0.00002689007332001426
2010-02-23 00:00:00,0.000031539291604315785
2010-02-25 00:00:00,0.000027818589140210856
2010-02-27 00:00:00,0.000032517675143624845
2010-03-01 00:00:00,0.000034961199865400115
2010-03-03 00:00:00,0.000027818589140210856
2010-03-05 00:00:00,0.00003289360202389797
2010-03-07 00:00:00,0.000032517675143624845
2010-03-09 00:00:00,0.000033335711735466426
2010-03-11 00:00:00,0.0000328852291444466
2010-03-13 00:00:00,0.0000355881246905655
2010-03-15 00:00:00,0.00002792992064322862
2010-03-17 00:00:00,0.00002770467934771872
2010-03-19 00:00:00,0.000029957092302817795
2010-03-21 00:00:00,0.000040768674487293396
2010-03-23 00:00:00,0.000046521773231088286
2010-03-25 00:00:00,0.00004220999912674353
2010-03-27 00:00:00,0.000039486773376631034
2010-03-29 00:00:00,0.000043571612001799756
2010-03-31 00:00:00,0.000046975644189440374
2010-04-02 00:00:00,0.0000447715832776832
2010-04-04 00:00:00,0.000050216775838482504
2010-04-06 00:00:00,0.00004386405118421664
2010-04-08 00:00:00,0.00005898958607532583
2010-04-10 00:00:00,0.00007260256747732412
2010-04-12 00:00:00,0.0000843531550865232
2010-04-14 00:00:00,0.00007774484339771722
2010-04-16 00:00:00,0.00007852229183169441
2010-04-18 00:00:00,0.00010301191750197534
2010-04-20 00:00:00,0.00007968846448266014
2010-04-22 00:00:00,0.00010087127867660567
2010-04-24 00:00:00,0.00008377445178226569
2010-04-26 00:00:00,0.00009688201906792633
2010-04-28 00:00:00,0.00009973149021698303
2010-04-30 00:00:00,0.00008719381716113371
2010-05-02 00:00:00,0.00009688201906792633
2010-05-04 00:00:00,0.00008303572664384576
2010-05-06 00:00:00,0.00009644919017862084
2010-05-08 00:00:00,0.0000945329811022244
2010-05-10 00:00:00,0.00008750688115543745
2010-05-12 00:00:00,0.00007728709941465645
2010-05-14 00:00:00,0.00007664836305585762
2010-05-16 00:00:00,0.00006131869044468608
2010-05-18 00:00:00,0.00010730770827820068
2010-05-20 00:00:00,0.00010776489276111514
2010-05-22 00:00:00,0.00011306480551985848
2010-05-24 00:00:00,0.00011188704712902664
2010-05-26 00:00:00,0.00012484238942817708
2010-05-28 00:00:00,0.00012896454379608858
2010-05-30 00:00:00,0.00012474697174838254
2010-06-01 00:00:00,0.00010987647180486673
2010-06-03 00:00:00,0.0001297038050628878
2010-06-05 00:00:00,0.000114833305119372
2010-06-07 00:00:00,0.00012887766617713695
2010-06-09 00:00:00,0.00013383449949164219
2010-06-11 00:00:00,0.0001387913328061475
2010-06-13 00:00:00,0.00013911019252776287
2010-06-15 00:00:00,0.00016935153872945044
2010-06-17 00:00:00,0.00012355750019546642
2010-06-19 00:00:00,0.0001365180771390468
2010-06-21 00:00:00,0.00013997423099066826
2010-06-23 00:00:00,0.0001477505771568165
2010-06-25 00:00:00,0.00014662188395397254
2010-06-27 00:00:00,0.000153374207557116
2010-06-29 00:00:00,0.0001553034428722999
2010-07-01 00:00:00,0.0002006404727791203
2010-07-03 00:00:00,0.00019292353151838492
2010-07-05 00:00:00,0.00016977270773617877
2010-07-07 00:00:00,0.00017991109031061282
2010-07-09 00:00:00,0.00022079997447211572
2010-07-11 00:00:00,0.00020678092847388615
2010-07-13 00:00:00,0.0016785692506550492
2010-07-15 00:00:00,0.001407832274742945
2010-07-17 00:00:00,0.001651495553063839
2010-07-19 00:00:00,0.001480028801652839
2010-07-21 00:00:00,0.0018229623044748384
2010-07-23 00:00:00,0.001750765777564944
2010-07-25 00:00:00,0.0019312570948396806
2010-07-27 00:00:00,0.002124483404232503
2010-07-29 00:00:00,0.002124483404232503
2010-07-31 00:00:00,0.002294442076571103
2010-08-02 00:00:00,0.0030835359124288895
2010-08-04 00:00:00,0.002767898378085774
2010-08-06 00:00:00,0.0028184706135946118
2010-08-08 00:00:00,0.003361157501926493
2010-08-10 00:00:00,0.0036237479317645007
2010-08-12 00:00:00,0.0038163142469790387
2010-08-14 00:00:00,0.0045690734791813264
2010-08-16 00:00:00,0.0029510864437556983
2010-08-18 00:00:00,0.003383573250168171
2010-08-20 00:00:00,0.004248546862993116
2010-08-22 00:00:00,0.005062639675063654
2010-08-24 00:00:00,0.00521528207732688
2010-08-26 00:00:00,0.005291603278458492
2010-08-28 00:00:00,0.005546983360703629
2010-08-30 00:00:00,0.004617321344943244
2010-09-01 00:00:00,0.0054540171591275916
2010-09-03 00:00:00,0.004958197417388719
2010-09-05 00:00:00,0.005020174885106078
2010-09-07 00:00:00,0.004679298812660604
2010-09-09 00:00:00,0.00535109252359678
2010-09-11 00:00:00,0.005740907210746213
2010-09-13 00:00:00,0.005811782608409748
2010-09-15 00:00:00,0.00666228738037215
2010-09-17 00:00:00,0.00765454294766162
2010-09-19 00:00:00,0.009581378861136807
2010-09-21 00:00:00,0.008075733611529594
2010-09-23 00:00:00,0.009672630088385727
2010-09-25 00:00:00,0.00921637395214112
2010-09-27 00:00:00,0.010858896042621712
2010-09-29 00:00:00,0.011602605542980458
2010-10-01 00:00:00,0.010226025224321759
2010-10-03 00:00:00,0.007931724693223929
2010-10-05 00:00:00,0.008062827580715233
2010-10-07 00:00:00,0.011340399767997849
2010-10-09 00:00:00,0.010029370893084803
2010-10-11 00:00:00,0.010815988218032629
2010-10-13 00:00:00,0.01157686362736774
2010-10-15 00:00:00,0.01267289805362741
2010-10-17 00:00:00,0.019317606762826643
2010-10-19 00:00:00,0.016646022848818706
2010-10-21 00:00:00,0.024891029749603163
2010-10-23 00:00:00,0.01858815097180665
2010-10-25 00:00:00,0.02243397531080113
2010-10-27 00:00:00,0.02264763221852305
2010-10-29 00:00:00,0.025104686657325077
2010-10-31 00:00:00,0.027971775549216243
2010-11-02 00:00:00,0.02582010050696884
2010-11-04 00:00:00,0.029354995219232433
2010-11-06 00:00:00,0.03104559703814111
2010-11-08 00:00:00,0.040113370430469454
2010-11-10 00:00:00,0.04352214977683963
2010-11-12 00:00:00,0.03856107570901336
2010-11-14 00:00:00,0.05366980127921158
2010-11-16 00:00:00,0.04081610937620711
2010-11-18 00:00:00,0.05930738544719598
2010-11-20 00:00:00,0.03925586908637404
2010-11-22 00:00:00,0.05461686133756389
2010-11-24 00:00:00,0.06315074592155825
2010-11-26 00:00:00,0.06929514282203418
2010-11-28 00:00:00,0.05666499363772254
2010-11-30 00:00:00,0.08432954552237283
2010-12-02 00:00:00,0.07750286802770456
2010-12-04 00:00:00,0.08794366890190311
2010-12-06 00:00:00,0.0963766234541404
2010-12-08 00:00:00,0.09276250007461014
2010-12-10 00:00:00,0.0913575317385561
2010-12-12 00:00:00,0.10597473681672506
2010-12-14 00:00:00,0.09927518448923096
2010-12-16 00:00:00,0.11328333935580956
2010-12-18 00:00:00,0.09622993343127909
2010-12-20 00:00:00,0.09683898364286946
2010-12-22 00:00:00,0.1137618353810639
2010-12-24 00:00:00,0.10800174245037712
2010-12-26 00:00:00,0.10584170760136959
2010-12-28 00:00:00,0.12168196316075823
2010-12-30 00:00:00,0.11520185861373562
2011-01-01 00:00:00,0.12816206770778082
2011-01-03 00:00:00,0.13294599185813477
2011-01-05 00:00:00,0.12159694377268424
2011-01-07 00:00:00,0.11673306602177691
2011-01-09 00:00:00,0.12321823635632005
2011-01-11 00:00:00,0.13132469927449902
2011-01-13 00:00:00,0.14996956398631056
2011-01-15 00:00:00,0.15764492714000816
2011-01-17 00:00:00,0.158561467414078
2011-01-19 00:00:00,0.16222762851035724
2011-01-21 00:00:00,0.16314416878442706
2011-01-23 00:00:00,0.1558118465918685
2011-01-25 00:00:00,0.14298028275489114
2011-01-27 00:00:00,0.17507862584030454
2011-01-29 00:00:00,0.16413621172528547
2011-01-31 00:00:00,0.16413621172528547
2011-02-02 00:00:00,0.1772671086633083
2011-02-04 00:00:00,0.2079058681853616
2011-02-06 00:00:00,0.19149224701283307
2011-02-08 00:00:00,0.22228619882233736
2011-02-10 00:00:00,0.24425634638035917
2011-02-12 00:00:00,0.24554870800141923
2011-02-14 00:00:00,0.24037926151717884
2011-02-16 00:00:00,0.29853553446488335
2011-02-18 00:00:00,0.3914850548976392
2011-02-20 00:00:00,0.34073699222572307
2011-02-22 00:00:00,0.3842353316587939
2011-02-24 00:00:00,0.38786019327821664
2011-02-26 00:00:00,0.4549201332375344
2011-02-28 00:00:00,0.46148277908952673
2011-03-02 00:00:00,0.46700951895886245
2011-03-04 00:00:00,0.5499106169988971
2011-03-06 00:00:00,0.746109882360313
2011-03-08 00:00:00,0.5333303973908903
2011-03-10 00:00:00,0.45071912253476437
2011-03-12 00:00:00,0.518895124262712
2011-03-14 00:00:00,0.4431440112316591
2011-03-16 00:00:00,0.5529831251266857
2011-03-18 00:00:00,0.5226826799142645
2011-03-20 00:00:00,0.47344445644408023
2011-03-22 00:00:00,0.4772320120956328
2011-03-24 00:00:00,0.5757084590360017
2011-03-26 00:00:00,0.48347550241153603
2011-03-28 00:00:00,0.5589113964048252
2011-03-30 00:00:00,0.5349090664978695
2011-04-01 00:00:00,0.6000582476738924
2011-04-03 00:00:00,0.5726270134945142
2011-04-05 00:00:00,0.6926386630292928
2011-04-07 00:00:00,0.6631347158123373
2011-04-09 00:00:00,0.6508544432972939
2011-04-11 00:00:00,0.6303873224388886
2011-04-13 00:00:00,0.8227782585078999
2011-04-15 00:00:00,0.5526122631769478
2011-04-17 00:00:00,0.7286295025592348
2011-04-19 00:00:00,0.6472779340684247
2011-04-21 00:00:00,0.7574529015694329
2011-04-23 00:00:00,0.7804060197988096
2011-04-25 00:00:00,0.863037245424566
2011-04-27 00:00:00,0.872218492716317
2011-04-29 00:00:00,0.927305976466821
2011-05-01 00:00:00,1.0685394516721487
2011-05-03 00:00:00,1.1285085025313002
2011-05-05 00:00:00,1.2429948723533155
2011-05-07 00:00:00,1.1939292852867376
2011-05-09 00:00:00,1.3574812421753317
2011-05-11 00:00:00,1.4633146028177222
2011-05-13 00:00:00,1.572867567734557
2011-05-15 00:00:00,1.7841482857884525
2011-05-17 00:00:00,2.0345550627412177
2011-05-19 00:00:00,2.196416463287169
2011-05-21 00:00:00,2.5847331860782714
2011-05-23 00:00:00,3.361366631660475
2011-05-25 00:00:00,3.543390095468804
2011-05-27 00:00:00,4.2803353274051865
2011-05-29 00:00:00,3.73988894768231
2011-05-31 00:00:00,3.2426782783372627
2011-06-02 00:00:00,4.107392485893866
2011-06-04 00:00:00,4.669456720805659
2011-06-06 00:00:00,7.049780324261829
2011-06-08 00:00:00,5.160439197359659
2011-06-10 00:00:00,6.373001413132693
2011-06-12 00:00:00,6.711390868697261
2011-06-14 00:00:00,6.344802291835646
2011-06-16 00:00:00,8.762322509420116
2011-06-18 00:00:00,8.80591615374559
2011-06-20 00:00:00,10.11372548350979
2011-06-22 00:00:00,11.770283967877772
2011-06-24 00:00:00,16.454404924541667
2011-06-26 00:00:00,10.62680318043316
2011-06-28 00:00:00,10.489683139395312
2011-06-30 00:00:00,12.409363713925176
2011-07-02 00:00:00,11.998003590811635
2011-07-04 00:00:00,11.243843365103471
2011-07-06 00:00:00,10.695363200952082
2011-07-08 00:00:00,11.421685839462782
2011-07-10 00:00:00,11.18859021008599
2011-07-12 00:00:00,11.18859021008599
2011-07-14 00:00:00,11.96557564134196
2011-07-16 00:00:00,12.354068356969947
2011-07-18 00:00:00,11.887877098216364
2011-07-20 00:00:00,12.019848738804129
2011-07-22 00:00:00,12.019848738804129
2011-07-24 00:00:00,14.793659986220465
2011-07-26 00:00:00,14.205275782223062
2011-07-28 00:00:00,14.03716600965237
2011-07-30 00:00:00,12.776342715372222
2011-08-01 00:00:00,16.43111686929297
2011-08-03 00:00:00,14.928843326957608
2011-08-05 00:00:00,12.957109302642452
2011-08-07 00:00:00,12.112080435078813
2011-08-09 00:00:00,12.487648820662656
2011-08-11 00:00:00,12.675433013454576
2011-08-13 00:00:00,12.018188338682856
2011-08-15 00:00:00,13.426569784622256
2011-08-17 00:00:00,11.579281931454938
2011-08-19 00:00:00,12.11785318408075
2011-08-21 00:00:00,13.015471938457102
2011-08-23 00:00:00,15.25951882439798
2011-08-25 00:00:00,11.489520056017303
2011-08-27 00:00:00,11.758805682330213
2011-08-29 00:00:00,11.2202344297044
2011-08-31 00:00:00,13.344420974986162
2011-09-02 00:00:00,14.31653111223681
2011-09-04 00:00:00,11.135079753961964
2011-09-06 00:00:00,13.256047326145193
2011-09-08 00:00:00,11.046706105120997
2011-09-10 00:00:00,12.637431784258421
2011-09-12 00:00:00,11.488574349325836
2011-09-14 00:00:00,13.263925230209253
2011-09-16 00:00:00,10.995095914515565
2011-09-18 00:00:00,14.572865220032535
2011-09-20 00:00:00,12.12951057236241
2011-09-22 00:00:00,13.089399898232815
2011-09-24 00:00:00,10.820570582539128
2011-09-26 00:00:00,11.954985240385973
2011-09-28 00:00:00,11.605934576433098
2011-09-30 00:00:00,10.329204055897202
2011-10-02 00:00:00,11.001022205874257
2011-10-04 00:00:00,10.917044937127123
2011-10-06 00:00:00,11.168976743368518
2011-10-08 00:00:00,10.83306766837999
2011-10-10 00:00:00,9.909317712161542
2011-10-12 00:00:00,9.993294980908676
2011-10-14 00:00:00,11.168976743368518
2011-10-16 00:00:00,8.977080038404823
2011-10-18 00:00:00,9.269017600629375
2011-10-20 00:00:00,7.51739222728209
2011-10-22 00:00:00,6.860532712276858
2011-10-24 00:00:00,8.977080038404823
2011-10-26 00:00:00,7.955298570618909
2011-10-28 00:00:00,7.444407836725952
2011-10-30 00:00:00,7.079485883945267
2011-11-01 00:00:00,8.734364860003867
2011-11-03 00:00:00,7.597700939866377
2011-11-05 00:00:00,8.973662527401231
2011-11-07 00:00:00,7.8369986072637445
2011-11-09 00:00:00,10.110326447538721
2011-11-11 00:00:00,7.298578855619669
2011-11-13 00:00:00,8.794189276853206
2011-11-15 00:00:00,10.255333551313717
2011-11-17 00:00:00,8.595510780002828
2011-11-19 00:00:00,7.647040624968031
2011-11-21 00:00:00,8.002716933106079
2011-11-23 00:00:00,7.765599394347381
2011-11-25 00:00:00,7.7063200096577065
2011-11-27 00:00:00,6.757849854622912
2011-11-29 00:00:00,8.239834471864778
2011-12-01 00:00:00,10.03065755075347
2011-12-03 00:00:00,8.132965581692002
2011-12-05 00:00:00,8.675163287138135
2011-12-07 00:00:00,7.970306270058161
2011-12-09 00:00:00,8.187185352236616
2011-12-11 00:00:00,7.861866728968936
2011-12-13 00:00:00,7.406827444791928
2011-12-15 00:00:00,7.062323842708583
2011-12-17 00:00:00,8.382920984028075
2011-12-19 00:00:00,8.67000731909753
2011-12-21 00:00:00,8.899676387153091
2011-12-23 00:00:00,8.727424586111422
2011-12-25 00:00:00,9.99060446041702
2011-12-27 00:00:00,9.1680048812832
2011-12-29 00:00:00,8.072457128173884
2011-12-31 00:00:00,9.28332569739997
2012-01-02 00:00:00,8.764382024874507
2012-01-04 00:00:00,8.879702840991275
2012-01-06 00:00:00,9.802269369925433
2012-01-08 00:00:00,9.28332569739997
2012-01-10 00:00:00,9.077623651260641
2012-01-12 00:00:00,10.321133740474428
2012-01-14 00:00:00,9.948080713710292
2012-01-16 00:00:00,9.82372970478891
2012-01-18 00:00:00,8.828921633417881
2012-01-20 00:00:00,8.580219615575126
2012-01-22 00:00:00,8.450978823032424
2012-01-24 00:00:00,8.776016470072133
2012-01-26 00:00:00,8.450978823032424
2012-01-28 00:00:00,10.076167058230967
2012-01-30 00:00:00,10.791249881718326
2012-02-01 00:00:00,8.776016470072133
2012-02-03 00:00:00,10.401204705270677
2012-02-05 00:00:00,9.3272398828152
2012-02-07 00:00:00,9.807318406195394
2012-02-09 00:00:00,9.875901052392566
2012-02-11 00:00:00,9.464405175209542
2012-02-13 00:00:00,10.081648990984075
2012-02-15 00:00:00,9.738735759998223
2012-02-17 00:00:00,9.738735759998223
2012-02-19 00:00:00,10.741368022074928
2012-02-21 00:00:00,8.757293674048347
2012-02-23 00:00:00,11.493947947188458
2012-02-25 00:00:00,11.425531590359952
2012-02-27 00:00:00,10.809784378903426
2012-02-29 00:00:00,12.725442370101506
2012-03-02 00:00:00,9.897222875271188
2012-03-04 00:00:00,9.673977246505673
2012-03-06 00:00:00,11.013451019098767
2012-03-08 00:00:00,11.608772695806811
2012-03-10 00:00:00,12.873831258811395
2012-03-12 00:00:00,12.576170420457375
2012-03-14 00:00:00,10.269298923213716
2012-03-16 00:00:00,10.650728196703264
2012-03-18 00:00:00,11.618976214585379
2012-03-20 00:00:00,11.023131280504076
2012-03-22 00:00:00,11.618976214585379
2012-03-24 00:00:00,12.810666082747979
2012-03-26 00:00:00,11.32105374754473
2012-03-28 00:00:00,11.842418064865864
2012-03-30 00:00:00,12.12846181858117
2012-04-01 00:00:00,12.12846181858117
2012-04-03 00:00:00,10.349620751855936
2012-04-05 00:00:00,9.621913042741063
2012-04-07 00:00:00,10.673046400351431
2012-04-09 00:00:00,12.209318230705046
2012-04-11 00:00:00,11.56246693371405
2012-04-13 00:00:00,9.883251607977565
2012-04-15 00:00:00,9.177305064550602
2012-04-17 00:00:00,11.138267685181068
2012-04-19 00:00:00,12.236406752734132
2012-04-21 00:00:00,11.530460209307163
2012-04-23 00:00:00,11.608898714132383
2012-04-25 00:00:00,10.824513665880197
2012-04-27 00:00:00,9.883251607977565
2012-04-29 00:00:00,12.448738293526235
2012-05-01 00:00:00,13.423639485187929
2012-05-03 00:00:00,12.448738293526235
2012-05-05 00:00:00,11.698814299940318
2012-05-07 00:00:00,12.823700290319195
2012-05-09 00:00:00,14.12994690535053
2012-05-11 00:00:00,10.597460179012902
2012-05-13 00:00:00,11.37288409455043
2012-05-15 00:00:00,11.286725881712925
2012-05-17 00:00:00,10.166669114825385
2012-05-19 00:00:00,12.579099074275474
2012-05-21 00:00:00,11.37288409455043
2012-05-23 00:00:00,10.425143753337894
2012-05-25 00:00:00,9.174760781108336
2012-05-27 00:00:00,12.971213518118685
2012-05-29 00:00:00,10.756616088195981
2012-05-31 00:00:00,11.547543741739807
2012-06-02 00:00:00,12.338471395283626
2012-06-04 00:00:00,11.943007568511717
2012-06-06 00:00:00,13.366677344890595
2012-06-08 00:00:00,11.705729272448567
2012-06-10 00:00:00,13.379033603576715
2012-06-12 00:00:00,11.018027673533764
2012-06-14 00:00:00,11.490228859542354
2012-06-16 00:00:00,12.592031626895736
2012-06-18 00:00:00,12.35593103389144
2012-06-20 00:00:00,11.672620129977329
2012-06-22 00:00:00,12.101760575932378
2012-06-24 00:00:00,12.015932486741367
2012-06-26 00:00:00,12.702557200269448
2012-06-28 00:00:00,11.586792040786321
2012-06-30 00:00:00,12.187588665123387
2012-07-02 00:00:00,13.818322359752578
2012-07-04 00:00:00,13.84337907413583
2012-07-06 00:00:00,13.320987410960893
2012-07-08 00:00:00,13.408052688156717
2012-07-10 00:00:00,13.146856856569247
2012-07-12 00:00:00,13.146856856569247
2012-07-14 00:00:00,12.9727263021776
2012-07-16 00:00:00,12.885661024981781
2012-07-18 00:00:00,14.009601065921975
2012-07-20 00:00:00,12.896255285848707
2012-07-22 00:00:00,12.896255285848707
2012-07-24 00:00:00,14.937389215983037
2012-07-26 00:00:00,16.51462907108683
2012-07-28 00:00:00,15.772398551037984
2012-07-30 00:00:00,18.73004175867601
2012-08-01 00:00:00,14.27532912418009
2012-08-03 00:00:00,17.515120131086213
2012-08-05 00:00:00,14.68030300004336
2012-08-07 00:00:00,15.085276875906622
2012-08-09 00:00:00,16.097711565564783
2012-08-11 00:00:00,15.996468096598965
2012-08-13 00:00:00,16.663006328717557
2012-08-15 00:00:00,18.623360014449037
2012-08-17 00:00:00,15.573920947755628
2012-08-19 00:00:00,17.207549019198527
2012-08-21 00:00:00,19.71244539541097
2012-08-23 00:00:00,17.969908785871873
2012-08-25 00:00:00,15.893575269775466
2012-08-27 00:00:00,18.077425306843857
2012-08-29 00:00:00,20.13995034185288
2012-08-31 00:00:00,17.349475294487725
2012-09-02 00:00:00,18.56272531508127
2012-09-04 00:00:00,15.5296002635974
2012-09-06 00:00:00,24.90946412539746
2012-09-08 00:00:00,18.749059019116366
2012-09-10 00:00:00,19.284746419662547
2012-09-12 00:00:00,18.882980869252908
2012-09-14 00:00:00,21.695339722120366
2012-09-16 00:00:00,20.088277520481814
2012-09-18 00:00:00,22.364948972803088
2012-09-20 00:00:00,20.929447944362895
2012-09-22 00:00:00,24.48887786687358
2012-09-24 00:00:00,22.210842716466743
2012-09-26 00:00:00,20.359939156761182
2012-09-28 00:00:00,23.34986029167016
2012-09-30 00:00:00,21.641333928865027
2012-10-02 00:00:00,19.363298778458184
2012-10-04 00:00:00,20.347411969682526
2012-10-06 00:00:00,21.562182833544167
2012-10-08 00:00:00,25.20649542512911
2012-10-10 00:00:00,22.625107339423117
2012-10-12 00:00:00,22.928800055388525
2012-10-14 00:00:00,20.954797401613355
2012-10-16 00:00:00,23.080646413371234
2012-10-18 00:00:00,23.672520961596984
2012-10-20 00:00:00,21.076179952905708
2012-10-22 00:00:00,25.352506320161936
2012-10-24 00:00:00,23.82524690328471
2012-10-26 00:00:00,24.58887661172332
2012-10-28 00:00:00,25.8106841452251
2012-10-30 00:00:00,24.474806639943118
2012-11-01 00:00:00,22.175160378471954
2012-11-03 00:00:00,23.489243956455482
2012-11-05 00:00:00,25.131848428934877
2012-11-07 00:00:00,25.788890217926646
2012-11-09 00:00:00,23.81776485095136
2012-11-11 00:00:00,21.682379036728133
2012-11-13 00:00:00,22.774875911044717
2012-11-15 00:00:00,22.774875911044717
2012-11-17 00:00:00,23.61218752542136
2012-11-19 00:00:00,20.59786571366544
2012-11-21 00:00:00,25.789197722800637
2012-11-23 00:00:00,24.282036816922673
2012-11-25 00:00:00,23.61218752542136
2012-11-27 00:00:00,25.984261929471522
2012-11-29 00:00:00,28.206600120807902
2012-12-01 00:00:00,27.351854662601607
2012-12-03 00:00:00,25.642363746189
2012-12-05 00:00:00,20.5138909969512
2012-12-07 00:00:00,21.19768736351624
2012-12-09 00:00:00,22.223381913363802
2012-12-11 00:00:00,24.292233661730886
2012-12-13 00:00:00,22.78443984824414
2012-12-15 00:00:00,19.768852221270656
2012-12-17 00:00:00,21.109113388814418
2012-12-19 00:00:00,23.957168369844936
2012-12-21 00:00:00,20.27145015909957
2012-12-23 00:00:00,23.11950514013008
2012-12-25 00:00:00,20.606515450985505
2012-12-27 00:00:00,23.847084879835766
2012-12-29 00:00:00,19.847884309925416
2012-12-31 00:00:00,24.88391465721993
2013-01-02 00:00:00,23.106492181704223
2013-01-04 00:00:00,20.884714087309582
2013-01-06 00:00:00,21.032832626935893
2013-01-08 00:00:00,23.261181986838242
2013-01-10 00:00:00,23.58425395887766
2013-01-12 00:00:00,19.222782336345496
2013-01-14 00:00:00,24.87654184703534
2013-01-16 00:00:00,19.86892628042433
2013-01-18 00:00:00,20.191998252463748
2013-01-20 00:00:00,21.322750154601724
2013-01-22 00:00:00,20.676606210522877
2013-01-24 00:00:00,23.907325930917082
2013-01-26 00:00:00,22.136793334086775
2013-01-28 00:00:00,21.841636089632292
2013-01-30 00:00:00,21.39890022295055
2013-02-01 00:00:00,22.579529200768512
2013-02-03 00:00:00,24.350472667495453
2013-02-05 00:00:00,28.005767174802582
2013-02-07 00:00:00,24.097985708551068
2013-02-09 00:00:00,22.144094975425297
2013-02-11 00:00:00,25.889052213916344
2013-02-13 00:00:00,25.563403758395385
2013-02-15 00:00:00,28.65706408584451
2013-02-17 00:00:00,30.28530636344931
2013-02-19 00:00:00,30.12780024872379
2013-02-21 00:00:00,35.75407619878667
2013-02-23 00:00:00,29.40182915839309
2013-02-25 00:00:00,35.39109065362131
2013-02-27 00:00:00,36.843032834282695
2013-03-01 00:00:00,34.306270406283325
2013-03-03 00:00:00,33.0035006440194
2013-03-05 00:00:00,32.56924405659809
2013-03-07 00:00:00,33.0035006440194
2013-03-09 00:00:00,36.91180993081117
2013-03-11 00:00:00,40.385862630181634
2013-03-13 00:00:00,33.437757231440706
2013-03-15 00:00:00,40.96623398974286
2013-03-17 00:00:00,48.918502940692946
2013-03-19 00:00:00,47.472635858702034
2013-03-21 00:00:00,53.7380598806627
2013-03-23 00:00:00,50.60534786968237
2013-03-25 00:00:00,45.26778086653876
2013-03-27 00:00:00,41.939267567528546
2013-03-29 00:00:00,60.57894204198569
2013-03-31 00:00:00,52.25765879446019
2013-04-02 00:00:00,58.248982732678556
2013-04-04 00:00:00,53.25621278416325
2013-04-06 00:00:00,64.07971834311364
2013-04-08 00:00:00,64.46114523801312
2013-04-10 00:00:00,70.1825486615054
2013-04-12 00:00:00,65.98685281761105
2013-04-14 00:00:00,62.1725838686162
2013-04-16 00:00:00,69.80112176660592
2013-04-18 00:00:00,72.71669196569827
2013-04-20 00:00:00,64.68662782224695
2013-04-22 00:00:00,72.27057729106208
2013-04-24 00:00:00,78.07006806133252
2013-04-26 00:00:00,76.73172403742393
2013-04-28 00:00:00,74.50115066424301
2013-04-30 00:00:00,74.63339017917754
2013-05-02 00:00:00,72.12891399866821
2013-05-04 00:00:00,77.13786635968684
2013-05-06 00:00:00,81.6459234846036
2013-05-08 00:00:00,81.6459234846036
2013-05-10 00:00:00,83.64950442901105
2013-05-12 00:00:00,89.15935202613153
2013-05-14 00:00:00,81.74987296858862
2013-05-16 00:00:00,80.63762979894797
2013-05-18 00:00:00,81.74987296858862
2013-05-20 00:00:00,76.74477870520566
2013-05-22 00:00:00,92.31618308017492
2013-05-24 00:00:00,90.09169674089361
2013-05-26 00:00:00,97.26804905506961
2013-05-28 00:00:00,97.87219842808246
2013-05-30 00:00:00,102.10124403917243
2013-06-01 00:00:00,119.6215758565452
2013-06-03 00:00:00,126.2672189596866
2013-06-05 00:00:00,156.70356208219206
2013-06-07 00:00:00,124.89739354075704
2013-06-09 00:00:00,129.55195479072313
2013-06-11 00:00:00,136.5337966656723
2013-06-13 00:00:00,149.7217202072429
2013-06-15 00:00:00,136.5337966656723
2013-06-17 00:00:00,148.04940044623763
2013-06-19 00:00:00,120.16996789467342
2013-06-21 00:00:00,166.31523556622798
2013-06-23 00:00:00,169.1993147957002
2013-06-25 00:00:00,142.2812419872933
2013-06-27 00:00:00,159.58571736412628
2013-06-29 00:00:00,170.7541790257701
2013-07-01 00:00:00,162.26949932262627
2013-07-03 00:00:00,185.60236850627186
2013-07-05 00:00:00,187.72353843205784
2013-07-07 00:00:00,198.32938806098772
2013-07-09 00:00:00,213.1775775414894
2013-07-11 00:00:00,249.70821205766973
2013-07-13 00:00:00,196.38510427452155
2013-07-15 00:00:00,222.39637636386217
2013-07-17 00:00:00,219.79524915492806
2013-07-19 00:00:00,219.79524915492806
2013-07-21 00:00:00,253.6099028710708
2013-07-23 00:00:00,225.29983210912
2013-07-25 00:00:00,212.86949654447895
2013-07-27 00:00:00,256.37567102072273
2013-07-29 00:00:00,257.92946296630294
2013-07-31 00:00:00,309.20459717044747
2013-08-02 00:00:00,295.2204696602263
2013-08-04 00:00:00,317.85556724995376
2013-08-06 00:00:00,351.3140480131068
2013-08-08 00:00:00,375.47850634205065
2013-08-10 00:00:00,369.90209288152516
2013-08-12 00:00:00,425.6662274867802
2013-08-14 00:00:00,388.97253072565934
2013-08-16 00:00:00,434.4368524987882
2013-08-18 00:00:00,497.58174385035636
2013-08-20 00:00:00,457.16901338535274
2013-08-22 00:00:00,525.3654960450463
2013-08-24 00:00:00,607.9322985806193
2013-08-26 00:00:00,532.7578745625856
2013-08-28 00:00:00,545.8316874352872
2013-08-30 00:00:00,634.0799243260221
2013-09-01 00:00:00,725.5966144349325
2013-09-03 00:00:00,604.6638453624438
2013-09-05 00:00:00,704.3985917591237
2013-09-07 00:00:00,704.3985917591237
2013-09-09 00:00:00,834.0425043528276
2013-09-11 00:00:00,868.6142143778152
2013-09-13 00:00:00,907.5073881559263
2013-09-15 00:00:00,1024.5795805622297
2013-09-17 00:00:00,990.9868074290418
2013-09-19 00:00:00,1091.7651268286052
2013-09-21 00:00:00,1046.9747626510218
2013-09-23 00:00:00,1237.3338104057527
2013-09-25 00:00:00,1583.1383053526524
2013-09-27 00:00:00,1302.0202885143312
2013-09-29 00:00:00,1242.837548127316
2013-10-01 00:00:00,1449.9771394818686
2013-10-03 00:00:00,1538.751250062391
2013-10-05 00:00:00,1560.9447777075216
2013-10-07 00:00:00,1439.6109564517726
2013-10-09 00:00:00,1721.8876145795714
2013-10-11 00:00:00,1665.4322829540115
2013-10-13 00:00:00,2154.711823708863
2013-10-15 00:00:00,2333.4870405231345
2013-10-17 00:00:00,2382.3096754087337
2013-10-19 00:00:00,2914.6693794106855
2013-10-21 00:00:00,2675.1075126098067
2013-10-23 00:00:00,2808.1974386102947
2013-10-25 00:00:00,3194.1582240117104
2013-10-27 00:00:00,3439.6720527868047
2013-10-29 00:00:00,3051.008543997335
2013-10-31 00:00:00,4061.5336668499544
2013-11-02 00:00:00,4216.999070365743
2013-11-04 00:00:00,3886.6350878946937
2013-11-06 00:00:00,4114.549716249787
2013-11-08 00:00:00,3377.994520130998
2013-11-10 00:00:00,4266.9404464812615
2013-11-12 00:00:00,4800.308002291418
2013-11-14 00:00:00,4292.33890151984
2013-11-16 00:00:00,4978.097187561471
2013-11-18 00:00:00,4968.797929701654
2013-11-20 00:00:00,4938.500381349813
2013-11-22 00:00:00,5029.3930264053315
2013-11-24 00:00:00,5211.178316516367
2013-11-26 00:00:00,4968.797929701654
2013-11-28 00:00:00,5514.153800034761
2013-11-30 00:00:00,5626.473038195721
2013-12-02 00:00:00,5731.96940766189
2013-12-04 00:00:00,6224.285798504016
2013-12-06 00:00:00,7419.911319120606
2013-12-08 00:00:00,6294.616711481462
2013-12-10 00:00:00,9076.027624300244
2013-12-12 00:00:00,7495.624804148462
2013-12-14 00:00:00,9030.873258010193
2013-12-16 00:00:00,8714.792693979836
2013-12-18 00:00:00,9482.416920910702
2013-12-20 00:00:00,9121.181990590301
2013-12-22 00:00:00,9744.8657343946
2013-12-24 00:00:00,9744.8657343946
2013-12-26 00:00:00,10508.017870220681
2013-12-28 00:00:00,9627.457713498277
2013-12-30 00:00:00,11388.578026943085
2014-01-01 00:00:00,11740.802089632047
2014-01-03 00:00:00,11493.63409756837
2014-01-05 00:00:00,12692.356672161393
2014-01-07 00:00:00,13185.948320523228
2014-01-09 00:00:00,12762.869764784511
2014-01-11 00:00:00,14596.210172985604
2014-01-13 00:00:00,18058.64887470285
2014-01-15 00:00:00,15211.965308247234
2014-01-17 00:00:00,13610.705802115943
2014-01-19 00:00:00,16368.430507119827
2014-01-21 00:00:00,15300.924169698968
2014-01-23 00:00:00,15834.6773384094
2014-01-25 00:00:00,16903.799218676577
2014-01-27 00:00:00,17558.139833593093
2014-01-29 00:00:00,17230.96952613483
2014-01-31 00:00:00,20066.445524106388
2014-02-02 00:00:00,19412.104909189875
2014-02-04 00:00:00,18430.59398681511
2014-02-06 00:00:00,21761.890602415686
2014-02-08 00:00:00,22804.37637977692
2014-02-10 00:00:00,19937.54049203353
2014-02-12 00:00:00,21761.890602415686
2014-02-14 00:00:00,24889.34793449938
2014-02-16 00:00:00,25149.969378839683
2014-02-18 00:00:00,25980.511697303522
2014-02-20 00:00:00,26602.79940262816
2014-02-22 00:00:00,25513.795918310047
2014-02-24 00:00:00,28314.090592270903
2014-02-26 00:00:00,28158.518665939755
2014-02-28 00:00:00,35659.963867798746
2014-03-02 00:00:00,28262.418171819212
2014-03-04 00:00:00,26365.611583106514
2014-03-06 00:00:00,30728.26673714572
2014-03-08 00:00:00,33194.11530247224
2014-03-10 00:00:00,31297.308713759536
2014-03-12 00:00:00,31866.35069037335
2014-03-14 00:00:00,29367.84755061435
2014-03-16 00:00:00,33382.15764746091
2014-03-18 00:00:00,30635.524423302737
2014-03-20 00:00:00,35283.67295649349
2014-03-22 00:00:00,37185.188265526085
2014-03-24 00:00:00,42044.616277498244
2014-03-26 00:00:00,39324.997602203934
2014-03-28 00:00:00,45547.30734938812
2014-03-30 00:00:00,37084.96609321764
2014-04-01 00:00:00,44551.73778983865
2014-04-03 00:00:00,51769.61709657227
2014-04-05 00:00:00,54454.168877056996
2014-04-07 00:00:00,44415.132156705695
2014-04-09 00:00:00,44110.918922755656
2014-04-11 00:00:00,45327.77185855581
2014-04-13 00:00:00,60538.43355605776
2014-04-15 00:00:00,59321.580620257606
2014-04-17 00:00:00,60364.106067635345
2014-04-19 00:00:00,56547.98441968138
2014-04-21 00:00:00,61404.86651707734
2014-04-23 00:00:00,60711.026217449355
2014-04-25 00:00:00,56894.90456949538
2014-04-27 00:00:00,57935.66501893737
2014-04-29 00:00:00,54813.383670611394
2014-05-01 00:00:00,66817.88587339626
2014-05-03 00:00:00,57272.47360576822
2014-05-05 00:00:00,49715.688893896026
2014-05-07 00:00:00,64829.25831764039
2014-05-09 00:00:00,66022.43485109392
2014-05-11 00:00:00,66022.43485109392
2014-05-13 00:00:00,74817.97101791755
2014-05-15 00:00:00,73057.54817043715
2014-05-17 00:00:00,80539.34527222891
2014-05-19 00:00:00,77898.71100100828
2014-05-21 00:00:00,78338.8167128784
2014-05-23 00:00:00,69536.70247547633
2014-05-25 00:00:00,78483.25675566049
2014-05-27 00:00:00,67048.61007602782
2014-05-29 00:00:00,68088.12341053989
2014-05-31 00:00:00,79003.01342291651
2014-06-02 00:00:00,93036.44343882932
2014-06-04 00:00:00,95115.47010785344
2014-06-06 00:00:00,86494.36212419711
2014-06-08 00:00:00,87663.20485560519
2014-06-10 00:00:00,103442.5817296141
2014-06-12 00:00:00,90585.31168412535
2014-06-14 00:00:00,102858.16036391008
2014-06-16 00:00:00,118637.537237919
2014-06-18 00:00:00,113768.8428586026
2014-06-20 00:00:00,123807.27016965576
2014-06-22 00:00:00,129161.09806888412
2014-06-24 00:00:00,132507.24050590186
2014-06-26 00:00:00,114438.07134600615
2014-06-28 00:00:00,125145.72714446287
2014-06-30 00:00:00,104506.28118949117
2014-07-02 00:00:00,116210.98468271417
2014-07-04 00:00:00,133768.0399225487
2014-07-06 00:00:00,124571.48717787348
2014-07-08 00:00:00,135440.14042158055
2014-07-10 00:00:00,128751.73842545312
2014-07-12 00:00:00,137948.29117012836
2014-07-14 00:00:00,124959.9837510208
2014-07-16 00:00:00,142195.84357874782
2014-07-18 00:00:00,137025.0856304297
2014-07-20 00:00:00,146504.8085356796
2014-07-22 00:00:00,123236.3977682481
2014-07-24 00:00:00,128407.15571656621
2014-07-26 00:00:00,130395.09864687597
2014-07-28 00:00:00,126669.52439982239
2014-07-30 00:00:00,162993.873308595
2014-08-01 00:00:00,142503.2149498002
2014-08-03 00:00:00,141571.8213880368
2014-08-05 00:00:00,122943.9501527688
2014-08-07 00:00:00,146228.7891968538
2014-08-09 00:00:00,169672.52135675654
2014-08-11 00:00:00,178499.4155313855
2014-08-13 00:00:00,153980.26504630505
2014-08-15 00:00:00,159864.86116272435
2014-08-17 00:00:00,161826.3932015308
2014-08-19 00:00:00,202037.7999970627
2014-08-21 00:00:00,199134.5961122218
2014-08-23 00:00:00,186096.02136677873
2014-08-25 00:00:00,158833.54689903406
2014-08-27 00:00:00,190837.3212742126
2014-08-29 00:00:00,196763.9461585049
2014-08-31 00:00:00,231138.37048740027
2014-09-02 00:00:00,194978.3031943648
2014-09-04 00:00:00,227701.9344997126
2014-09-06 00:00:00,229065.41913743553
2014-09-08 00:00:00,208613.149571593
2014-09-10 00:00:00,212703.60348476152
2014-09-12 00:00:00,219521.02667337572
2014-09-14 00:00:00,252083.49301791034
2014-09-16 00:00:00,250600.64894133442
2014-09-18 00:00:00,274326.1541665495
2014-09-20 00:00:00,256532.02524763823
2014-09-22 00:00:00,232806.5200224231
2014-09-24 00:00:00,241703.58448187876
2014-09-26 00:00:00,260177.3530926775
2014-09-28 00:00:00,239501.00715153757
2014-09-30 00:00:00,261900.3819211058
2014-10-02 00:00:00,255008.2666073925
2014-10-04 00:00:00,246393.1224652509
2014-10-06 00:00:00,275684.61254853243
2014-10-08 00:00:00,225716.77652411096
2014-10-10 00:00:00,276657.2682568303
2014-10-12 00:00:00,257517.45724535148
2014-10-14 00:00:00,243597.5946915486
2014-10-16 00:00:00,260997.42288380215
2014-10-18 00:00:00,294057.09644908377
2014-10-20 00:00:00,240117.62905309803
2014-10-22 00:00:00,297537.06208753446
2014-10-24 00:00:00,291583.50850060274
2014-10-26 00:00:00,232551.2644483335
2014-10-28 00:00:00,268328.38205576944
2014-10-30 00:00:00,309472.06730432075
2014-11-01 00:00:00,286216.94085948734
2014-11-03 00:00:00,277272.66145762836
2014-11-05 00:00:00,314993.4284367333
2014-11-07 00:00:00,283494.08559305995
2014-11-09 00:00:00,273650.540954412
2014-11-11 00:00:00,277587.9588098711
2014-11-13 00:00:00,287431.5034485191
2014-11-15 00:00:00,295306.3391594374
2014-11-17 00:00:00,299243.75701489655
2014-11-19 00:00:00,274455.57619439746
2014-11-21 00:00:00,248412.3463365349
2014-11-23 00:00:00,282468.87768912443
2014-11-25 00:00:00,256425.64783126183
2014-11-27 00:00:00,262435.62395230704
2014-11-29 00:00:00,302502.1314259417
2014-12-01 00:00:00,286475.5284364878
2014-12-03 00:00:00,242402.3702154897
2014-12-05 00:00:00,298317.3201576429
2014-12-07 00:00:00,242631.42039488288
2014-12-09 00:00:00,276440.7166794158
2014-12-11 00:00:00,288373.4094857215
2014-12-13 00:00:00,284395.8452169529
2014-12-15 00:00:00,304283.6665607958
2014-12-17 00:00:00,252575.33106680439
2014-12-19 00:00:00,243219.98347476072
2014-12-21 00:00:00,284410.46454709925
2014-12-23 00:00:00,317755.139700897
2014-12-25 00:00:00,331485.3000583433
2014-12-27 00:00:00,313832.2367416268
2014-12-29 00:00:00,331485.3000583433
2014-12-31 00:00:00,313142.28894134826
2015-01-02 00:00:00,323243.6531007466
2015-01-04 00:00:00,335365.2900920246
2015-01-06 00:00:00,317182.8346051076
2015-01-08 00:00:00,272736.832303755
2015-01-10 00:00:00,284858.46929503296
2015-01-12 00:00:00,358478.2810068714
2015-01-14 00:00:00,330062.31970754627
2015-01-16 00:00:00,325690.6333538039
2015-01-18 00:00:00,325690.6333538039
2015-01-20 00:00:00,262301.18122454005
2015-01-22 00:00:00,327876.4765306751
2015-01-24 00:00:00,264487.02440141124
2015-01-26 00:00:00,277602.0834626383
2015-01-28 00:00:00,324166.3389718243
2015-01-30 00:00:00,285184.3108676176
2015-02-01 00:00:00,348786.5672481655
2015-02-03 00:00:00,276977.5681088373
2015-02-05 00:00:00,301597.79638517834
2015-02-07 00:00:00,352889.93862755556
2015-02-09 00:00:00,342533.0606677449
2015-02-11 00:00:00,331483.60709781764
2015-02-13 00:00:00,309384.69995796314
2015-02-15 00:00:00,296125.3556740504
2015-02-17 00:00:00,342533.0606677449
2015-02-19 00:00:00,362422.07709361403
2015-02-21 00:00:00,304964.9185299923
2015-02-23 00:00:00,317934.9319857043
2015-02-25 00:00:00,362028.09773554653
2015-02-27 00:00:00,366669.4836039509
2015-03-01 00:00:00,348103.9401303331
2015-03-03 00:00:00,357386.711867142
2015-03-05 00:00:00,264558.99449905317
2015-03-07 00:00:00,327217.7037225131
2015-03-09 00:00:00,311208.02387014596
2015-03-11 00:00:00,391367.6663821532
2015-03-13 00:00:00,327711.4796814416
2015-03-15 00:00:00,346572.57203720795
2015-03-17 00:00:00,337142.0258593248
2015-03-19 00:00:00,337142.0258593248
2015-03-21 00:00:00,337142.0258593248
2015-03-23 00:00:00,358360.754759562
2015-03-25 00:00:00,385508.77021947806
2015-03-27 00:00:00,399442.8221551218
2015-03-29 00:00:00,350673.64038036857
2015-03-31 00:00:00,346028.95640182064
2015-04-02 00:00:00,341384.2724232727
2015-04-04 00:00:00,357640.66634819045
2015-04-06 00:00:00,317081.15031885915
2015-04-08 00:00:00,292501.21618561435
2015-04-10 00:00:00,349035.0646920775
2015-04-12 00:00:00,334287.1042121306
2015-04-14 00:00:00,388362.9593052693
2015-04-16 00:00:00,339203.09103877953
2015-04-18 00:00:00,326913.12397215713
2015-04-20 00:00:00,408026.9066118653
2015-04-22 00:00:00,338442.96188324515
2015-04-24 00:00:00,284008.07990202383
2015-04-26 00:00:00,352643.3658783464
2015-04-28 00:00:00,371577.23787181464
2015-04-30 00:00:00,314775.62189140986
2015-05-02 00:00:00,347909.8978799792
2015-05-04 00:00:00,312624.3333228538
2015-05-06 00:00:00,338676.36109975824
2015-05-08 00:00:00,350518.1919074422
2015-05-10 00:00:00,305519.2348382434
2015-05-12 00:00:00,374201.8535228098
2015-05-14 00:00:00,331571.26261514786
2015-05-16 00:00:00,303150.8686767067
2015-05-18 00:00:00,332393.9690702614
2015-05-20 00:00:00,344525.13582465047
2015-05-22 00:00:00,344525.13582465047
2015-05-24 00:00:00,342098.9024737727
2015-05-26 00:00:00,327541.50236850575
2015-05-28 00:00:00,320262.80231587234
2015-05-30 00:00:00,300852.93550884974
2015-06-01 00:00:00,332393.9690702614
2015-06-03 00:00:00,335928.17990909604
2015-06-05 00:00:00,335928.17990909604
2015-06-07 00:00:00,395070.4651043595
2015-06-09 00:00:00,383242.0080653068
2015-06-11 00:00:00,366682.168210633
2015-06-13 00:00:00,373779.2424340646
2015-06-15 00:00:00,370533.28863622504
2015-06-17 00:00:00,350771.5132422932
2015-06-19 00:00:00,397705.7298028817
2015-06-21 00:00:00,301367.0747574632
2015-06-23 00:00:00,353241.7351665346
2015-06-25 00:00:00,395235.5078786402
2015-06-27 00:00:00,316188.4063029121
2015-06-29 00:00:00,336442.88509952795
2015-07-01 00:00:00,356089.18495935434
2015-07-03 00:00:00,397837.57216148556
2015-07-05 00:00:00,356089.18495935434
2015-07-07 00:00:00,363456.5474067893
2015-07-09 00:00:00,338898.6725820062
2015-07-11 00:00:00,356089.18495935434
2015-07-13 00:00:00,368157.89139393327
2015-07-15 00:00:00,391009.0708597636
2015-07-17 00:00:00,365618.8714532855
2015-07-19 00:00:00,363079.8515126377
2015-07-21 00:00:00,355462.79169069417
2015-07-23 00:00:00,378313.97115652455
2015-07-25 00:00:00,397611.60033711337
2015-07-27 00:00:00,402809.137596422
2015-07-29 00:00:00,387216.525818496
2015-07-31 00:00:00,361228.8395219526
2015-08-02 00:00:00,408006.6748557308
2015-08-04 00:00:00,374222.68267022434
2015-08-06 00:00:00,363827.6081516069
2015-08-08 00:00:00,411296.569970398
2015-08-10 00:00:00,458451.5907313354
2015-08-12 00:00:00,322225.9751997385
2015-08-14 00:00:00,351042.9323314224
2015-08-16 00:00:00,385099.33621432167
2015-08-18 00:00:00,379859.8894631064
2015-08-20 00:00:00,406057.12321918254
2015-08-22 00:00:00,412658.09358756605
2015-08-24 00:00:00,423446.54047874437
2015-08-26 00:00:00,418052.31703315524
2015-08-28 00:00:00,401869.64669638796
2015-08-30 00:00:00,388384.0880824152
2015-09-01 00:00:00,409960.98186477163
2015-09-03 00:00:00,407263.8701419771
2015-09-05 00:00:00,427538.38938739896
2015-09-07 00:00:00,385067.68845487584
2015-09-09 00:00:00,399224.5887657169
2015-09-11 00:00:00,489828.7507550994
2015-09-13 00:00:00,396393.2087035487
2015-09-15 00:00:00,461514.95013341744
2015-09-17 00:00:00,399224.5887657169
2015-09-19 00:00:00,389344.0727093656
2015-09-21 00:00:00,389344.0727093656
2015-09-23 00:00:00,442436.44626064267
2015-09-25 00:00:00,477831.361961494
2015-09-27 00:00:00,424738.98841021693
2015-09-29 00:00:00,510276.7013539412
2015-10-01 00:00:00,465548.4316633387
2015-10-03 00:00:00,459502.34813524334
2015-10-05 00:00:00,447410.1810790528
2015-10-07 00:00:00,408110.6381464332
2015-10-09 00:00:00,402064.554618338
2015-10-11 00:00:00,453456.26460714807
2015-10-13 00:00:00,405087.5963823855
2015-10-15 00:00:00,493327.875053937
2015-10-17 00:00:00,396478.2308715691
2015-10-19 00:00:00,502407.52919603407
2015-10-21 00:00:00,438849.95020135504
2015-10-23 00:00:00,466088.912627646
2015-10-25 00:00:00,469115.46400834486
2015-10-27 00:00:00,478195.118150442
2015-10-29 00:00:00,458010.0134581845
2015-10-31 00:00:00,470388.66247056786
2015-11-02 00:00:00,448726.0266988969
2015-11-04 00:00:00,479672.6492298553
2015-11-06 00:00:00,423968.72867413034
2015-11-08 00:00:00,433252.7154334177
2015-11-10 00:00:00,442536.7021927054
2015-11-12 00:00:00,477906.8398650562
2015-11-14 00:00:00,497546.8469827983
2015-11-16 00:00:00,576106.8754537664
2015-11-18 00:00:00,458266.8327473142
2015-11-20 00:00:00,520460.18862016394
2015-11-22 00:00:00,569560.2064145191
2015-11-24 00:00:00,549490.4931615294
2015-11-26 00:00:00,585641.1835011038
2015-11-28 00:00:00,527800.0789577848
2015-11-30 00:00:00,542260.3550936145
2015-12-02 00:00:00,531415.1479917422
2015-12-04 00:00:00,527800.0789577848
2015-12-06 00:00:00,621791.873840678
2015-12-08 00:00:00,625219.9085804479
2015-12-10 00:00:00,770711.3338475961
2015-12-12 00:00:00,656677.514043615
2015-12-14 00:00:00,692067.3201896782
2015-12-16 00:00:00,660609.714726511
2015-12-18 00:00:00,629152.1092633437
2015-12-20 00:00:00,785065.6070868622
2015-12-22 00:00:00,654995.5656760212
2015-12-24 00:00:00,692158.4346505471
2015-12-26 00:00:00,864036.7036577299
2015-12-28 00:00:00,747902.7381123363
2015-12-30 00:00:00,803647.0415741252
2016-01-01 00:00:00,697129.1664058078
2016-01-03 00:00:00,769424.0429219657
2016-01-05 00:00:00,841718.9194381235
2016-01-07 00:00:00,743604.444166195
2016-01-09 00:00:00,821063.240433507
2016-01-11 00:00:00,877866.3576962024
2016-01-13 00:00:00,862135.5394417773
2016-01-15 00:00:00,693089.3552375074
2016-01-17 00:00:00,783247.3201464515
2016-01-19 00:00:00,839596.0482145413
2016-01-21 00:00:00,755072.9561124061
2016-01-23 00:00:00,1008642.2324188114
2016-01-25 00:00:00,974832.9955779574
2016-01-27 00:00:00,918901.0181609987
2016-01-29 00:00:00,1014371.2538140892
2016-01-31 00:00:00,1068073.261368953
2016-02-02 00:00:00,978569.9154441803
2016-02-04 00:00:00,1103874.5997388621
2016-02-06 00:00:00,1139675.938108771
2016-02-08 00:00:00,1153414.8643695416
2016-02-10 00:00:00,1210727.4042139908
2016-02-12 00:00:00,1139086.7294084292
2016-02-14 00:00:00,1289532.1465001085
2016-02-16 00:00:00,1067446.0546028677
2016-02-18 00:00:00,1289532.1465001085
2016-02-20 00:00:00,1284099.8511395585
2016-02-22 00:00:00,1056537.8522034343
2016-02-24 00:00:00,999647.3524694032
2016-02-26 00:00:00,1219082.1371578088
2016-02-28 00:00:00,1210954.92291009
2016-03-01 00:00:00,1040283.4237079967
2016-03-03 00:00:00,1080919.4949465904
2016-03-05 00:00:00,1292227.0653872774
2016-03-07 00:00:00,1220696.1474715238
2016-03-09 00:00:00,1299450.737630977
2016-03-11 00:00:00,1283699.8195990862
2016-03-13 00:00:00,1031685.1310888366
2016-03-15 00:00:00,1197069.770423688
2016-03-17 00:00:00,1063186.9671526179
2016-03-19 00:00:00,1110630.4600379474
2016-03-21 00:00:00,1036588.4293687509
2016-03-23 00:00:00,1242260.736783186
2016-03-25 00:00:00,1192899.3830037215
2016-03-27 00:00:00,1258714.5213763407
2016-03-29 00:00:00,1398571.6904181559
2016-03-31 00:00:00,1028361.5370721738
2016-04-02 00:00:00,1244135.0570097875
2016-04-04 00:00:00,1360254.3289973673
2016-04-06 00:00:00,1285606.2255767803
2016-04-08 00:00:00,1169486.9535892003
2016-04-10 00:00:00,1443196.6661313537
2016-04-12 00:00:00,1260723.5244365847
2016-04-14 00:00:00,1465554.2304687165
2016-04-16 00:00:00,1270146.9997395542
2016-04-18 00:00:00,1199089.8249289496
2016-04-20 00:00:00,1465554.2304630696
2016-04-22 00:00:00,1270146.9997346601
2016-04-24 00:00:00,1172443.3843704555
2016-04-26 00:00:00,1341204.174544991
2016-04-28 00:00:00,1207843.183091885
2016-04-30 00:00:00,1296655.1818486413
2016-05-02 00:00:00,1394348.380481073
2016-05-04 00:00:00,1492041.5791135046
2016-05-06 00:00:00,1438754.3798594507
2016-05-08 00:00:00,1447635.5797351266
2016-05-10 00:00:00,1403229.5803567483
2016-05-12 00:00:00,1342247.8695441214
2016-05-14 00:00:00,1390530.1670097376
2016-05-16 00:00:00,1361560.7885303677
2016-05-18 00:00:00,1487094.7619409692
2016-05-20 00:00:00,1438812.4644753532
2016-05-22 00:00:00,1776788.5467346641
2016-05-24 00:00:00,1456454.922758529
2016-05-26 00:00:00,1357376.3565844796
2016-05-28 00:00:00,1317744.9301148595
2016-05-30 00:00:00,1436639.2095237193
2016-06-01 00:00:00,1426731.3529063142
2016-06-03 00:00:00,1406915.6396715043
2016-06-05 00:00:00,1694243.4815762478
2016-06-07 00:00:00,1406915.6396715043
2016-06-09 00:00:00,1608133.9309161738
2016-06-11 00:00:00,1520417.5346843828
2016-06-13 00:00:00,1569148.8659242669
2016-06-15 00:00:00,1500925.0021884288
2016-06-17 00:00:00,1452193.6709485447
2016-06-19 00:00:00,1725089.1258918957
2016-06-21 00:00:00,1551383.975291719
2016-06-23 00:00:00,1457676.2183949037
2016-06-25 00:00:00,1728387.5160968143
2016-06-27 00:00:00,1530560.0293146486
2016-06-29 00:00:00,1520148.0563261136
2016-07-01 00:00:00,1634679.7591999993
2016-07-03 00:00:00,1603443.8402343942
2016-07-05 00:00:00,1538177.1269471957
2016-07-07 00:00:00,1463920.3001290553
2016-07-09 00:00:00,1580609.5994147046
2016-07-11 00:00:00,1516960.8907134412
2016-07-13 00:00:00,1379055.3551940375
2016-07-15 00:00:00,1432095.9457784235
2016-07-17 00:00:00,1580609.5994147046
2016-07-19 00:00:00,1358434.5336234204
2016-07-21 00:00:00,1411498.3825930853
2016-07-23 00:00:00,1390272.8430052195
2016-07-25 00:00:00,1400885.6127991525
2016-07-27 00:00:00,1358434.5336234204
2016-07-29 00:00:00,1560077.159708147
2016-07-31 00:00:00,1634366.5482656776
2016-08-02 00:00:00,1555605.7219236158
2016-08-04 00:00:00,1535533.3900278276
2016-08-06 00:00:00,1676039.7132983475
2016-08-08 00:00:00,1495388.72623625
2016-08-10 00:00:00,1525497.2240799335
2016-08-12 00:00:00,1495388.72623625
2016-08-14 00:00:00,1645931.2154546645
2016-08-16 00:00:00,1469587.964786107
2016-08-18 00:00:00,1664092.2542430921
2016-08-20 00:00:00,1685703.8419605347
2016-08-22 00:00:00,1718121.223536699
2016-08-24 00:00:00,1653286.4603843705
2016-08-26 00:00:00,1426364.7893512216
2016-08-28 00:00:00,1642480.6665256491
2016-08-30 00:00:00,1810682.894693987
2016-09-01 00:00:00,1547310.8372839522
2016-09-03 00:00:00,1382703.3014026803
2016-09-05 00:00:00,1536337.0015585339
2016-09-07 00:00:00,1668023.0302635515
2016-09-09 00:00:00,1569258.5087347887
2016-09-11 00:00:00,1799709.0589685685
2016-09-13 00:00:00,1863551.3525637945
2016-09-15 00:00:00,1728836.7969567731
2016-09-17 00:00:00,1829872.713662039
2016-09-19 00:00:00,1493086.3246444862
2016-09-21 00:00:00,1863551.3525637945
2016-09-23 00:00:00,1526764.9635462412
2016-09-25 00:00:00,2230413.26476147
2016-09-27 00:00:00,2026558.2889499373
2016-09-29 00:00:00,1714780.090649947
2016-10-01 00:00:00,1882660.6589653261
2016-10-03 00:00:00,1822703.313138405
2016-10-05 00:00:00,2002575.3506191685
2016-10-07 00:00:00,1726771.5598153311
2016-10-09 00:00:00,2056197.684568919
2016-10-11 00:00:00,1786321.7384692484
2016-10-13 00:00:00,1644958.147655135
2016-10-15 00:00:00,1824875.4450549153
2016-10-17 00:00:00,1606404.441069468
2016-10-19 00:00:00,1619255.6765980234
2016-10-21 00:00:00,2107602.626683142
2016-10-23 00:00:00,1815470.1249865948
2016-10-25 00:00:00,1752432.9678690047
2016-10-27 00:00:00,2042403.8906099189
2016-10-29 00:00:00,1878507.2821041849
2016-10-31 00:00:00,1853292.4192571486
2016-11-02 00:00:00,1676788.3793278965
2016-11-04 00:00:00,1462462.0451280903
2016-11-06 00:00:00,1949214.67726041
2016-11-08 00:00:00,2139073.24972084
2016-11-10 00:00:00,2126416.0115568116
2016-11-12 00:00:00,2126416.0115568116
2016-11-14 00:00:00,2177044.9642129256
2016-11-16 00:00:00,2177044.9642129256
2016-11-18 00:00:00,2073243.1371800625
2016-11-20 00:00:00,1807083.5452447836
2016-11-22 00:00:00,1877125.5431224885
2016-11-24 00:00:00,2297377.530388717
2016-11-26 00:00:00,2157293.534633308
2016-11-28 00:00:00,2297377.530388717
2016-11-30 00:00:00,1989192.739726816
2016-12-02 00:00:00,2052749.3168404368
2016-12-04 00:00:00,2109770.1311971154
2016-12-06 00:00:00,2138280.538375455
2016-12-08 00:00:00,2238066.9634996424
2016-12-10 00:00:00,1881686.8737704
2016-12-12 00:00:00,2223811.759910473
2016-12-14 00:00:00,1981473.2988945881
2016-12-16 00:00:00,2050571.6285574944
2016-12-18 00:00:00,2173914.282906817
2016-12-20 00:00:00,2127660.7875258215
2016-12-22 00:00:00,2451435.255192794
2016-12-24 00:00:00,2112242.955732156
2016-12-26 00:00:00,2189332.114700482
2016-12-28 00:00:00,2589949.6705277027
2016-12-30 00:00:00,2479403.0382490815
2017-01-01 00:00:00,2463610.662209278
2017-01-03 00:00:00,2589949.6705277027
2017-01-05 00:00:00,2210932.6455724286
2017-01-07 00:00:00,2195140.269532626
2017-01-09 00:00:00,2147763.1414132165
2017-01-11 00:00:00,2562350.1341088633
2017-01-13 00:00:00,2528855.3611139767
2017-01-15 00:00:00,2796813.5450730724
2017-01-17 00:00:00,2646087.0665960805
2017-01-19 00:00:00,2914045.250555178
2017-01-21 00:00:00,3031276.9560372834
2017-01-23 00:00:00,2715269.0518666185
2017-01-25 00:00:00,2930146.458848869
2017-01-27 00:00:00,3320832.65336205
2017-01-29 00:00:00,3262229.7241850733
2017-01-31 00:00:00,2832474.9102205737
2017-02-02 00:00:00,3066886.6269284827
2017-02-04 00:00:00,3043000.842869891
2017-02-06 00:00:00,2623276.58868094
2017-02-08 00:00:00,3063987.0555793378
2017-02-10 00:00:00,3105959.480998233
2017-02-12 00:00:00,2959055.9920321
2017-02-14 00:00:00,3546669.9478966305
2017-02-16 00:00:00,3189904.331836023
2017-02-18 00:00:00,3330515.744073747
2017-02-20 00:00:00,3242870.592913912
2017-02-22 00:00:00,3045669.002804282
2017-02-24 00:00:00,3637273.7731331713
2017-02-26 00:00:00,3900209.226612676
2017-02-28 00:00:00,3352427.0318637057
2017-03-02 00:00:00,3440072.183023541
2017-03-04 00:00:00,3069265.8497151854
2017-03-06 00:00:00,3252505.6019369876
2017-03-08 00:00:00,3252505.6019369876
2017-03-10 00:00:00,3573175.168325142
2017-03-12 00:00:00,3550270.1992974156
2017-03-14 00:00:00,3573175.168325142
2017-03-16 00:00:00,3504460.2612419655
2017-03-18 00:00:00,3712647.1392246885
2017-03-20 00:00:00,3216051.0250608767
2017-03-22 00:00:00,3807236.875255891
2017-03-24 00:00:00,4161948.3853729
2017-03-26 00:00:00,3925474.045294894
2017-03-28 00:00:00,3665352.2712090868
2017-03-30 00:00:00,4073274.033199867
2017-04-01 00:00:00,3278488.855990137
2017-04-03 00:00:00,4371318.474653517
2017-04-05 00:00:00,4023599.9596242583
2017-04-07 00:00:00,4023599.9596242583
2017-04-09 00:00:00,3949088.849260846
2017-04-11 00:00:00,4147785.143563278
2017-04-13 00:00:00,3287972.0066232057
2017-04-15 00:00:00,3909321.047244913
2017-04-17 00:00:00,3572756.9835748216
2017-04-19 00:00:00,3702204.7003710107
2017-04-21 00:00:00,4323553.740992717
2017-04-23 00:00:00,3961100.1339633884
2017-04-25 00:00:00,3831652.4171672
2017-04-27 00:00:00,3814281.6336960737
2017-04-29 00:00:00,4488916.480472251
2017-05-01 00:00:00,3892124.116016402
2017-05-03 00:00:00,3425069.2220944343
2017-05-05 00:00:00,3347226.7397741056
2017-05-07 00:00:00,4333231.515831594
2017-05-09 00:00:00,4021861.5865502814
2017-05-11 00:00:00,3757901.0494913575
2017-05-13 00:00:00,4398136.043108403
2017-05-15 00:00:00,4732171.69195208
2017-05-17 00:00:00,4314627.130897485
2017-05-19 00:00:00,4565153.867530242
2017-05-21 00:00:00,4091936.6983350343
2017-05-23 00:00:00,4976737.781652192
2017-05-25 00:00:00,4828620.585769686
2017-05-27 00:00:00,4976737.781652192
2017-05-29 00:00:00,4473139.315651673
2017-05-31 00:00:00,4858244.024946185
2017-06-02 00:00:00,4325022.119769167
2017-06-04 00:00:00,5432357.041848143
2017-06-06 00:00:00,5094943.560988008
2017-06-08 00:00:00,5567322.434192196
2017-06-10 00:00:00,4757530.080127876
2017-06-12 00:00:00,4959978.168643956
2017-06-14 00:00:00,4723788.732041863
2017-06-16 00:00:00,4993719.5167299695
2017-06-18 00:00:00,5129905.644295609
2017-06-20 00:00:00,4882255.026984786
2017-06-22 00:00:00,4917633.686600618
2017-06-24 00:00:00,5165284.303911441
2017-06-26 00:00:00,5023769.665448112
2017-06-28 00:00:00,5554449.55968559
2017-06-30 00:00:00,5448313.580838094
2017-07-02 00:00:00,6622798.79067395
2017-07-04 00:00:00,5389830.930708054
2017-07-06 00:00:00,5002326.746147344
2017-07-08 00:00:00,5812562.768410648
2017-07-10 00:00:00,6939847.668950894
2017-07-12 00:00:00,6235294.606113241
2017-07-14 00:00:00,5559049.844066968
2017-07-16 00:00:00,6518885.788366299
2017-07-18 00:00:00,6598872.117057911
2017-07-20 00:00:00,6478892.6240204945
2017-07-22 00:00:00,6398906.295328884
2017-07-24 00:00:00,7118783.253553381
2017-07-26 00:00:00,5878995.1588334115
2017-07-28 00:00:00,6414280.0181472935
2017-07-30 00:00:00,6285994.417784347
2017-08-01 00:00:00,6371518.151359645
2017-08-03 00:00:00,5901137.61669551
2017-08-05 00:00:00,7568850.421413807
2017-08-07 00:00:00,6542565.61851024
2017-08-09 00:00:00,6333394.737368574
2017-08-11 00:00:00,6608759.725949816
2017-08-13 00:00:00,6792336.385003977
2017-08-15 00:00:00,6975913.0440581385
2017-08-17 00:00:00,8215055.4926737305
2017-08-19 00:00:00,6930018.8792945985
2017-08-21 00:00:00,5277828.947807143
2017-08-23 00:00:00,7297172.197402921
2017-08-25 00:00:00,4459277.507650397
2017-08-27 00:00:00,6843445.680057538
2017-08-29 00:00:00,6578538.105345633
2017-08-31 00:00:00,7196655.7796734115
2017-09-02 00:00:00,7240807.042125395
2017-09-04 00:00:00,7726470.929097221
2017-09-06 00:00:00,7430760.765994303
2017-09-08 00:00:00,8027056.383018539
2017-09-10 00:00:00,6329907.319180333
2017-09-12 00:00:00,8623352.000042772
2017-09-14 00:00:00,7981187.489401289
2017-09-16 00:00:00,7751843.021315045
2017-09-18 00:00:00,6965995.451677618
2017-09-20 00:00:00,6417491.872805364
2017-09-22 00:00:00,7624199.746324319
2017-09-24 00:00:00,7953301.893647672
2017-09-26 00:00:00,7569349.388437095
2017-09-28 00:00:00,9708513.346038885
2017-09-30 00:00:00,7569349.388437095
2017-10-02 00:00:00,8380132.039612957
2017-10-04 00:00:00,7486251.288720907
2017-10-06 00:00:00,8882939.961989732
2017-10-08 00:00:00,10167893.541397054
2017-10-10 00:00:00,8938807.508920489
2017-10-12 00:00:00,8547734.680405214
2017-10-14 00:00:00,7877324.117236178
2017-10-16 00:00:00,10351762.427502543
2017-10-18 00:00:00,8983426.014671747
2017-10-20 00:00:00,10649226.865074456
2017-10-22 00:00:00,10827705.527617602
2017-10-24 00:00:00,9935312.214901863
2017-10-26 00:00:00,12999790.28699091
2017-10-28 00:00:00,6138789.857745709
2017-10-30 00:00:00,10616495.401042577
2017-11-01 00:00:00,7872095.2293444965
2017-11-03 00:00:00,8594305.800843991
2017-11-05 00:00:00,10183169.058142882
2017-11-07 00:00:00,11266484.915392123
2017-11-09 00:00:00,11049821.743942276
2017-11-11 00:00:00,5426063.163307532
2017-11-13 00:00:00,9495610.535788177
2017-11-15 00:00:00,10309520.01028431
2017-11-17 00:00:00,11326906.853404472
2017-11-19 00:00:00,10852126.326615063
2017-11-21 00:00:00,11733861.590652535
2017-11-23 00:00:00,10648648.95799103
2017-11-25 00:00:00,10445729.471507464
2017-11-27 00:00:00,11383166.73177095
2017-11-29 00:00:00,11584046.144684557
2017-12-01 00:00:00,12253644.187729908
2017-12-03 00:00:00,11784925.557598162
2017-12-05 00:00:00,11918845.16620723
2017-12-07 00:00:00,11941671.196248611
2017-12-09 00:00:00,13760601.246008333
2017-12-11 00:00:00,13523349.500387503
2017-12-13 00:00:00,14709608.228491671
2017-12-15 00:00:00,13365181.669973612
2017-12-17 00:00:00,14630524.313284725
2017-12-19 00:00:00,13035760.950516
2017-12-21 00:00:00,12290860.324772231
2017-12-23 00:00:00,12942648.37229803
2017-12-25 00:00:00,12570198.059426146
2017-12-27 00:00:00,14525562.20200355
2017-12-29 00:00:00,15363575.405965287
2017-12-31 00:00:00,15177350.249529347
2018-01-02 00:00:00,16415540.667350637
2018-01-04 00:00:00,16127548.72581817
2018-01-06 00:00:00,16127548.72581817
2018-01-08 00:00:00,15935554.098129855
2018-01-10 00:00:00,15935554.098129855
2018-01-12 00:00:00,17087521.864259724
2018-01-14 00:00:00,17165770.55457625
2018-01-16 00:00:00,17608758.181791127
2018-01-18 00:00:00,19159214.877043176
2018-01-20 00:00:00,19712949.41106176
2018-01-22 00:00:00,18494733.436220866
2018-01-24 00:00:00,19491455.59745433
2018-01-26 00:00:00,20056949.54139379
2018-01-28 00:00:00,20445148.56477561
2018-01-30 00:00:00,21609745.634921055
2018-02-01 00:00:00,20703947.913696818
2018-02-03 00:00:00,20445148.56477561
2018-02-05 00:00:00,23938939.775211953
2018-02-07 00:00:00,20149017.211906746
2018-02-09 00:00:00,19291612.224166036
2018-02-11 00:00:00,21578025.52480794
2018-02-13 00:00:00,23435736.33157948
2018-02-15 00:00:00,18720008.899005562
2018-02-17 00:00:00,21292223.862227697
2018-02-19 00:00:00,23149934.668999236
2018-02-21 00:00:00,25265138.82671723
2018-02-23 00:00:00,22125683.70623758
2018-02-25 00:00:00,25564134.552477203
2018-02-27 00:00:00,23919658.060797386
2018-03-01 00:00:00,24667147.375197303
2018-03-03 00:00:00,26909615.318397056
2018-03-05 00:00:00,24372959.73093687
2018-03-07 00:00:00,25681575.018503956
2018-03-09 00:00:00,23882228.99809922
2018-03-11 00:00:00,25027267.37472041
2018-03-13 00:00:00,25845151.929449838
2018-03-15 00:00:00,23555075.176207453
2018-03-17 00:00:00,24372959.73093687
2018-03-19 00:00:00,26679206.9598697
2018-03-21 00:00:00,26162835.212259322
2018-03-23 00:00:00,22892480.810726907
2018-03-25 00:00:00,23236728.642467164
2018-03-27 00:00:00,26162835.212259322
2018-03-29 00:00:00,26162835.212259322
2018-03-31 00:00:00,22031861.23137627
2018-04-02 00:00:00,27227579.616208263
2018-04-04 00:00:00,25656757.715273168
2018-04-06 00:00:00,24085935.814338073
2018-04-08 00:00:00,28100258.450061098
2018-04-10 00:00:00,28623865.750372782
2018-04-12 00:00:00,26878508.082667135
2018-04-14 00:00:00,26146926.51947254
2018-04-16 00:00:00,26910340.43244984
2018-04-18 00:00:00,30536556.51909202
