,2016-04-24 10:00:00,693.0
0,2016-04-24 21:59:00,5856.0
1,2016-04-25 09:58:00,2753.0
2,2016-04-25 21:57:00,4738.0
3,2016-04-26 09:56:00,5452.0
4,2016-04-26 21:55:00,2646.0
5,2016-04-27 09:54:00,7051.0
6,2016-04-27 21:53:00,4117.0
7,2016-04-28 09:52:00,1461.0
8,2016-04-28 21:51:00,3821.0
9,2016-04-29 09:50:00,1180.0
10,2016-04-29 21:49:00,907.0
11,2016-04-30 09:48:00,5336.0
12,2016-04-30 21:47:00,870.0
13,2016-05-01 09:46:00,946.0
14,2016-05-01 21:45:00,345.0
15,2016-05-02 09:44:00,2159.0
16,2016-05-02 21:43:00,680.0
17,2016-05-03 09:42:00,2710.0
18,2016-05-03 21:41:00,2044.0
19,2016-05-04 09:40:00,309.0
20,2016-05-04 21:39:00,612.0
21,2016-05-05 09:38:00,521.0
22,2016-05-05 21:37:00,1908.0
23,2016-05-06 09:36:00,3528.0
24,2016-05-06 21:35:00,982.0
25,2016-05-07 09:34:00,1025.0
26,2016-05-07 21:33:00,27.0
27,2016-05-08 09:32:00,1699.0
28,2016-05-08 21:31:00,82.0
29,2016-05-09 09:30:00,4637.0
30,2016-05-09 21:29:00,697.0
31,2016-05-10 09:29:00,6228.0
32,2016-05-10 21:28:00,351.0
33,2016-05-11 09:27:00,5724.0
34,2016-05-11 21:32:00,4183.0
35,2016-05-12 09:31:00,2226.0
36,2016-05-12 21:30:00,2236.0
37,2016-05-13 09:29:00,5292.0
38,2016-05-13 21:28:00,999.0
39,2016-05-14 09:27:00,7755.0
40,2016-05-14 21:26:00,941.0
41,2016-05-15 09:25:00,1421.0
42,2016-05-15 21:24:00,815.0
43,2016-05-16 09:23:00,2953.0
44,2016-05-16 21:22:00,9134.0
45,2016-05-17 09:21:00,2305.0
46,2016-05-17 21:20:00,2466.0
47,2016-05-18 09:19:00,2945.0
48,2016-05-18 21:18:00,2077.0
49,2016-05-19 09:17:00,7201.0
50,2016-05-19 21:16:00,4891.0
51,2016-05-20 09:15:00,2660.0
52,2016-05-20 21:14:00,2924.0
53,2016-05-21 09:13:00,3859.0
54,2016-05-21 21:12:00,4908.0
55,2016-05-22 09:11:00,3312.0
56,2016-05-22 21:10:00,3796.0
57,2016-05-23 09:09:00,456.0
58,2016-05-23 21:08:00,10656.0
59,2016-05-24 09:07:00,3222.0
60,2016-05-24 21:06:00,1637.0
61,2016-05-25 09:05:00,8035.0
62,2016-05-25 21:04:00,2358.0
63,2016-05-26 09:03:00,7206.0
64,2016-05-26 21:02:00,935.0
65,2016-05-27 09:01:00,8961.0
66,2016-05-27 21:00:00,5798.0
67,2016-05-28 08:59:00,4117.0
68,2016-05-28 20:58:00,3795.0
69,2016-05-29 08:57:00,605.0
70,2016-05-29 20:56:00,3198.0
71,2016-05-30 08:55:00,3144.0
72,2016-05-30 20:54:00,4773.0
73,2016-05-31 08:53:00,7269.0
74,2016-05-31 20:52:00,2835.0
75,2016-06-01 08:51:00,5391.0
76,2016-06-01 20:50:00,3432.0
77,2016-06-02 08:49:00,2188.0
78,2016-06-02 20:48:00,2128.0
79,2016-06-03 08:47:00,1588.0
80,2016-06-03 20:46:00,679.0
81,2016-06-04 08:45:00,4416.0
82,2016-06-04 20:44:00,1864.0
83,2016-06-05 08:43:00,1938.0
84,2016-06-05 20:42:00,738.0
85,2016-06-06 08:41:00,3172.0
86,2016-06-06 20:40:00,2909.0
87,2016-06-07 08:39:00,3143.0
88,2016-06-07 20:38:00,2161.0
89,2016-06-08 08:37:00,716.0
90,2016-06-08 20:36:00,4653.0
91,2016-06-09 08:35:00,5072.0
92,2016-06-09 20:34:00,670.0
93,2016-06-10 08:33:00,3814.0
94,2016-06-10 20:32:00,802.0
95,2016-06-11 08:31:00,985.0
96,2016-06-11 20:30:00,1995.0
97,2016-06-12 08:29:00,1957.0
98,2016-06-12 20:28:00,2026.0
99,2016-06-13 08:27:00,3737.0
100,2016-06-13 20:26:00,4797.0
101,2016-06-14 08:25:00,14603.0
102,2016-06-14 20:25:00,15912.0
103,2016-06-15 08:24:00,14707.0
104,2016-06-15 20:23:00,34084.0
105,2016-06-16 08:22:00,13114.0
106,2016-06-16 20:21:00,9642.0
107,2016-06-17 08:20:00,10697.0
108,2016-06-17 20:19:00,10477.0
109,2016-06-18 08:18:00,9628.0
110,2016-06-18 20:17:00,5326.0
111,2016-06-19 08:16:00,2111.0
112,2016-06-19 20:15:00,1500.0
113,2016-06-20 08:14:00,2136.0
114,2016-06-20 20:13:00,6830.0
115,2016-06-21 08:12:00,4263.0
116,2016-06-21 20:11:00,6567.0
117,2016-06-22 08:10:00,10061.0
118,2016-06-22 20:09:00,15407.0
119,2016-06-23 08:08:00,6177.0
120,2016-06-23 20:07:00,6049.0
121,2016-06-24 08:06:00,5360.0
122,2016-06-24 20:05:00,10483.0
123,2016-06-25 08:04:00,5545.0
124,2016-06-25 20:03:00,1854.0
125,2016-06-26 08:02:00,1521.0
126,2016-06-26 20:01:00,560.0
127,2016-06-27 08:00:00,2237.0
128,2016-06-27 19:59:00,3393.0
129,2016-06-28 07:58:00,980.0
130,2016-06-28 19:57:00,6478.0
131,2016-06-29 07:56:00,4694.0
132,2016-06-29 19:55:00,4415.0
133,2016-06-30 07:54:00,2753.0
134,2016-06-30 19:53:00,3353.0
135,2016-07-01 07:52:00,4548.0
136,2016-07-01 19:51:00,2408.0
137,2016-07-02 07:50:00,3588.0
138,2016-07-02 19:49:00,1919.0
139,2016-07-03 07:48:00,2678.0
140,2016-07-03 19:47:00,3432.0
141,2016-07-04 07:46:00,2179.0
142,2016-07-04 19:45:00,3106.0
143,2016-07-05 07:44:00,3437.0
144,2016-07-05 19:43:00,4251.0
145,2016-07-06 07:42:00,2239.0
146,2016-07-06 19:41:00,3939.0
147,2016-07-07 07:40:00,3500.0
148,2016-07-07 19:39:00,3596.0
149,2016-07-08 07:38:00,3708.0
150,2016-07-08 19:37:00,2437.0
151,2016-07-09 07:36:00,2915.0
152,2016-07-09 19:35:00,3469.0
153,2016-07-10 07:34:00,5492.0
154,2016-07-10 19:33:00,2222.0
155,2016-07-11 07:32:00,6378.0
156,2016-07-11 19:31:00,3526.0
157,2016-07-12 07:30:00,1841.0
158,2016-07-12 19:29:00,4152.0
159,2016-07-13 07:28:00,5027.0
160,2016-07-13 19:27:00,8215.0
161,2016-07-14 07:26:00,2514.0
162,2016-07-14 19:25:00,4977.0
163,2016-07-15 07:24:00,2744.0
164,2016-07-15 19:23:00,3608.0
165,2016-07-16 07:22:00,2103.0
166,2016-07-16 19:21:00,2776.0
167,2016-07-17 07:20:00,1869.0
168,2016-07-17 19:19:00,2938.0
169,2016-07-18 07:18:00,2114.0
170,2016-07-18 19:17:00,3414.0
171,2016-07-19 07:16:00,6460.0
172,2016-07-19 19:15:00,3603.0
173,2016-07-20 07:14:00,2458.0
174,2016-07-20 19:13:00,9829.0
175,2016-07-21 07:12:00,10346.0
176,2016-07-21 19:11:00,3728.0
177,2016-07-22 07:10:00,1893.0
178,2016-07-22 19:09:00,6908.0
179,2016-07-23 07:08:00,2436.0
180,2016-07-23 19:07:00,2623.0
181,2016-07-24 07:06:00,1846.0
182,2016-07-24 19:05:00,4388.0
183,2016-07-25 07:04:00,4150.0
184,2016-07-25 19:03:00,8528.0
185,2016-07-26 07:02:00,5059.0
186,2016-07-26 19:01:00,7493.0
187,2016-07-27 07:00:00,6047.0
188,2016-07-27 18:59:00,8082.0
189,2016-07-28 06:58:00,8176.0
190,2016-07-28 18:57:00,2922.0
191,2016-07-29 06:56:00,6308.0
192,2016-07-29 18:55:00,4957.0
193,2016-07-30 06:54:00,6328.0
194,2016-07-30 18:53:00,7090.0
195,2016-07-31 06:52:00,5241.0
196,2016-07-31 18:51:00,2846.0
197,2016-08-01 06:50:00,3917.0
198,2016-08-01 18:49:00,2324.0
199,2016-08-02 06:48:00,6987.0
200,2016-08-02 18:47:00,4232.0
201,2016-08-03 06:46:00,2614.0
202,2016-08-03 18:45:00,2118.0
203,2016-08-04 06:44:00,2513.0
204,2016-08-04 18:43:00,8173.0
205,2016-08-05 06:42:00,2038.0
206,2016-08-05 18:41:00,4067.0
207,2016-08-06 06:40:00,4496.0
208,2016-08-06 18:39:00,2290.0
209,2016-08-07 06:38:00,3992.0
210,2016-08-07 18:37:00,5756.0
211,2016-08-08 06:36:00,5782.0
212,2016-08-08 18:35:00,7554.0
213,2016-08-09 06:34:00,4685.0
214,2016-08-09 18:33:00,17247.0
215,2016-08-10 06:32:00,2722.0
216,2016-08-10 18:31:00,3451.0
217,2016-08-11 06:30:00,3815.0
218,2016-08-11 18:29:00,3691.0
219,2016-08-12 06:28:00,2189.0
220,2016-08-12 18:27:00,5322.0
221,2016-08-13 06:26:00,2509.0
222,2016-08-13 18:25:00,6458.0
223,2016-08-14 06:24:00,2390.0
224,2016-08-14 18:23:00,1908.0
225,2016-08-15 06:22:00,2711.0
226,2016-08-15 18:21:00,6650.0
227,2016-08-16 06:20:00,5799.0
228,2016-08-16 18:19:00,2824.0
229,2016-08-17 06:18:00,3382.0
230,2016-08-17 18:17:00,5481.0
231,2016-08-18 06:16:00,1500.0
232,2016-08-18 18:15:00,2082.0
233,2016-08-19 06:14:00,2863.0
234,2016-08-19 18:13:00,7485.0
235,2016-08-20 06:12:00,3704.0
236,2016-08-20 18:11:00,3875.0
237,2016-08-21 06:10:00,1489.0
238,2016-08-21 18:09:00,4883.0
239,2016-08-22 06:08:00,4293.0
240,2016-08-22 18:07:00,3409.0
241,2016-08-23 06:06:00,1703.0
242,2016-08-23 18:05:00,6463.0
243,2016-08-24 06:04:00,2283.0
244,2016-08-24 18:03:00,4191.0
245,2016-08-25 06:02:00,1946.0
246,2016-08-25 18:01:00,14084.0
247,2016-08-26 06:00:00,5995.0
248,2016-08-26 17:59:00,9365.0
249,2016-08-27 05:58:00,2790.0
250,2016-08-27 17:57:00,6175.0
251,2016-08-28 05:56:00,2184.0
252,2016-08-28 17:55:00,2578.0
253,2016-08-29 05:54:00,2845.0
254,2016-08-29 17:53:00,4963.0
255,2016-08-30 05:52:00,2991.0
256,2016-08-30 17:51:00,6949.0
257,2016-08-31 05:50:00,3928.0
258,2016-08-31 17:49:00,4506.0
259,2016-09-01 05:48:00,4556.0
260,2016-09-01 17:47:00,5179.0
261,2016-09-02 05:46:00,3532.0
262,2016-09-02 17:45:00,2197.0
263,2016-09-03 05:44:00,2417.0
264,2016-09-03 17:43:00,6428.0
265,2016-09-04 05:42:00,3046.0
266,2016-09-04 17:41:00,3463.0
267,2016-09-05 05:40:00,5326.0
268,2016-09-05 17:39:00,5277.0
269,2016-09-06 05:38:00,3222.0
270,2016-09-06 17:37:00,2614.0
271,2016-09-07 05:36:00,5183.0
272,2016-09-07 17:35:00,3056.0
273,2016-09-08 05:34:00,2636.0
274,2016-09-08 17:33:00,6890.0
275,2016-09-09 05:32:00,7747.0
276,2016-09-09 17:31:00,3147.0
277,2016-09-10 05:30:00,3828.0
278,2016-09-10 17:29:00,2624.0
279,2016-09-11 05:28:00,5433.0
280,2016-09-11 17:27:00,2033.0
281,2016-09-12 05:26:00,4572.0
282,2016-09-12 17:25:00,2787.0
283,2016-09-13 05:24:00,4631.0
284,2016-09-13 17:23:00,7998.0
285,2016-09-14 05:22:00,4360.0
286,2016-09-14 17:21:00,5210.0
287,2016-09-15 05:20:00,3232.0
288,2016-09-15 17:19:00,3579.0
289,2016-09-16 05:18:00,3168.0
290,2016-09-16 17:17:00,15253.0
291,2016-09-17 05:16:00,4591.0
292,2016-09-17 17:15:00,9218.0
293,2016-09-18 05:14:00,3684.0
294,2016-09-18 17:13:00,4828.0
295,2016-09-19 05:12:00,6847.0
296,2016-09-19 17:11:00,6824.0
297,2016-09-20 05:10:00,2367.0
298,2016-09-20 17:09:00,4440.0
299,2016-09-21 05:08:00,4734.0
300,2016-09-21 17:07:00,3085.0
301,2016-09-22 05:06:00,2150.0
302,2016-09-22 17:05:00,2576.0
303,2016-09-23 05:04:00,2621.0
304,2016-09-23 17:03:00,2776.0
305,2016-09-24 05:02:00,8992.0
306,2016-09-24 17:01:00,1913.0
307,2016-09-25 05:00:00,1656.0
308,2016-09-25 16:59:00,1510.0
309,2016-09-26 04:58:00,2092.0
310,2016-09-26 16:57:00,5479.0
311,2016-09-27 04:56:00,2011.0
312,2016-09-27 16:55:00,10535.0
313,2016-09-28 04:54:00,2705.0
314,2016-09-28 16:53:00,12356.0
315,2016-09-29 04:52:00,2202.0
316,2016-09-29 16:51:00,2394.0
317,2016-09-30 04:50:00,5549.0
318,2016-09-30 16:49:00,12059.0
319,2016-10-01 04:48:00,2333.0
320,2016-10-01 16:47:00,2245.0
321,2016-10-02 04:46:00,2401.0
322,2016-10-02 16:45:00,6006.0
323,2016-10-03 04:44:00,4373.0
324,2016-10-03 16:43:00,7731.0
325,2016-10-04 04:42:00,3646.0
326,2016-10-04 16:41:00,12169.0
327,2016-10-05 04:40:00,2653.0
328,2016-10-05 16:39:00,5413.0
329,2016-10-06 04:38:00,6082.0
330,2016-10-06 16:37:00,3704.0
331,2016-10-07 04:36:00,3041.0
332,2016-10-07 16:35:00,9560.0
333,2016-10-08 04:34:00,2816.0
334,2016-10-08 16:33:00,2818.0
335,2016-10-09 04:32:00,3675.0
336,2016-10-09 16:31:00,3943.0
337,2016-10-10 04:30:00,2372.0
338,2016-10-10 16:29:00,22158.0
339,2016-10-11 04:28:00,6682.0
340,2016-10-11 16:27:00,13196.0
341,2016-10-12 04:26:00,6210.0
342,2016-10-12 16:25:00,3038.0
343,2016-10-13 04:24:00,4485.0
344,2016-10-13 16:23:00,10835.0
345,2016-10-14 04:22:00,3065.0
346,2016-10-14 16:21:00,12397.0
347,2016-10-15 04:20:00,2034.0
348,2016-10-15 16:19:00,2942.0
349,2016-10-16 04:18:00,3137.0
350,2016-10-16 16:17:00,2023.0
351,2016-10-17 04:16:00,2815.0
352,2016-10-17 16:15:00,21021.0
353,2016-10-18 04:14:00,6308.0
354,2016-10-18 16:13:00,9653.0
355,2016-10-19 04:12:00,5809.0
356,2016-10-19 16:11:00,5809.0
357,2016-10-20 04:10:00,27731.0
358,2016-10-20 16:09:00,10568.0
359,2016-10-21 04:08:00,2100.0
360,2016-10-21 16:07:00,3438.0
361,2016-10-22 04:06:00,2872.0
362,2016-10-22 16:05:00,1845.0
363,2016-10-23 04:04:00,2730.0
364,2016-10-23 16:03:00,7385.0
365,2016-10-24 04:02:00,2747.0
366,2016-10-24 16:01:00,8193.0
367,2016-10-25 04:00:00,25504.0
368,2016-10-25 15:59:00,11492.0
369,2016-10-26 03:58:00,37401.0
370,2016-10-26 15:57:00,44363.0
371,2016-10-27 03:56:00,46308.0
372,2016-10-27 15:55:00,25885.66666666667
373,2016-10-28 03:54:00,2481.75
374,2016-10-28 15:53:00,6033.25
375,2016-10-29 03:52:00,2941.5
376,2016-10-29 15:51:00,3854.25
377,2016-10-30 03:50:00,3422.75
378,2016-10-30 15:49:00,1934.0
379,2016-10-31 03:48:00,3312.25
380,2016-10-31 15:47:00,6180.25
381,2016-11-01 03:46:00,3737.75
382,2016-11-01 15:45:00,4170.0
383,2016-11-02 03:44:00,5394.5
384,2016-11-02 15:43:00,4904.25
385,2016-11-03 03:42:00,1985.75
386,2016-11-03 15:41:00,3814.5
387,2016-11-04 03:40:00,3610.0
388,2016-11-04 15:39:00,13810.5
389,2016-11-05 03:38:00,2836.25
390,2016-11-05 15:37:00,16417.666666666668
391,2016-11-06 03:36:00,2734.25
392,2016-11-06 15:35:00,3659.0
393,2016-11-07 03:34:00,3166.5
394,2016-11-07 15:33:00,7034.75
395,2016-11-08 03:32:00,5989.75
396,2016-11-08 15:31:00,3382.0
397,2016-11-09 03:30:00,6780.25
398,2016-11-09 15:29:00,7105.75
399,2016-11-10 03:28:00,3555.75
400,2016-11-10 15:27:00,1637.25
401,2016-11-11 03:26:00,2096.5
402,2016-11-11 15:25:00,2964.25
403,2016-11-12 03:24:00,1947.25
404,2016-11-12 15:23:00,2545.5
405,2016-11-13 03:22:00,3417.25
406,2016-11-13 15:21:00,7595.25
407,2016-11-14 03:20:00,4666.75
408,2016-11-14 15:19:00,4010.75
409,2016-11-15 03:18:00,2791.25
410,2016-11-15 15:17:00,4989.0
411,2016-11-16 03:16:00,4653.0
412,2016-11-16 15:15:00,2720.0
413,2016-11-17 03:14:00,4630.75
414,2016-11-17 15:13:00,3186.5
415,2016-11-18 03:12:00,6789.75
416,2016-11-18 15:11:00,9072.5
417,2016-11-19 03:10:00,2017.75
418,2016-11-19 15:09:00,2257.0
419,2016-11-20 03:08:00,5765.0
420,2016-11-20 15:07:00,8567.0
421,2016-11-21 03:06:00,11919.5
422,2016-11-21 15:05:00,14665.5
423,2016-11-22 03:04:00,23260.0
424,2016-11-22 15:03:00,46909.0
425,2016-11-23 03:02:00,39265.5
426,2016-11-23 15:01:00,46278.5
427,2016-11-24 03:00:00,64482.5
428,2016-11-24 14:59:00,48169.0
429,2016-11-25 02:58:00,16477.0
430,2016-11-25 14:57:00,26040.5
431,2016-11-26 02:56:00,17103.5
432,2016-11-26 14:55:00,8533.0
433,2016-11-27 02:54:00,4642.5
434,2016-11-27 14:53:00,2725.5
435,2016-11-28 02:52:00,7118.5
436,2016-11-28 14:51:00,7489.5
437,2016-11-29 02:50:00,5069.5
438,2016-11-29 14:49:00,6267.5
439,2016-11-30 02:48:00,9321.0
440,2016-11-30 14:47:00,12929.5
441,2016-12-01 02:46:00,4798.5
442,2016-12-01 14:45:00,4378.5
443,2016-12-02 02:44:00,55553.5
444,2016-12-02 14:43:00,29233.0
445,2016-12-03 02:42:00,18014.0
446,2016-12-03 14:41:00,4895.5
447,2016-12-04 02:40:00,2982.0
448,2016-12-04 14:39:00,11755.5
449,2016-12-05 02:38:00,2876.5
450,2016-12-05 14:37:00,5953.5
451,2016-12-06 02:36:00,36035.5
452,2016-12-06 14:35:00,13446.0
453,2016-12-07 02:34:00,4687.5
454,2016-12-07 14:33:00,10329.5
455,2016-12-08 02:32:00,3720.0
456,2016-12-08 14:31:00,4414.5
457,2016-12-09 02:30:00,2505.5
458,2016-12-09 14:29:00,7079.5
459,2016-12-10 02:28:00,5777.5
460,2016-12-10 14:27:00,11985.5
461,2016-12-11 02:26:00,2218.0
462,2016-12-11 14:25:00,3934.0
463,2016-12-12 02:24:00,3659.0
464,2016-12-12 14:23:00,14690.0
465,2016-12-13 02:22:00,5990.0
466,2016-12-13 14:21:00,5888.5
467,2016-12-14 02:20:00,5660.5
468,2016-12-14 14:19:00,3723.0
469,2016-12-15 02:18:00,10211.0
470,2016-12-15 14:17:00,14391.0
471,2016-12-16 02:16:00,17229.5
472,2016-12-16 14:15:00,6305.0
473,2016-12-17 02:14:00,9399.0
474,2016-12-17 14:13:00,5677.0
475,2016-12-18 02:12:00,4733.5
476,2016-12-18 14:11:00,3632.0
477,2016-12-19 02:10:00,5641.0
478,2016-12-19 14:09:00,12625.0
479,2016-12-20 02:08:00,12134.0
480,2016-12-20 14:07:00,5524.0
481,2016-12-21 02:06:00,7247.5
482,2016-12-21 14:05:00,13378.5
483,2016-12-22 02:04:00,6995.5
484,2016-12-22 14:03:00,6092.5
485,2016-12-23 02:02:00,5438.5
486,2016-12-23 14:01:00,6759.0
487,2016-12-24 02:00:00,10323.0
488,2016-12-24 13:59:00,12432.5
489,2016-12-25 01:58:00,2855.0
490,2016-12-25 13:57:00,4866.5
491,2016-12-26 01:56:00,3092.0
492,2016-12-26 13:55:00,3959.0
493,2016-12-27 01:54:00,6260.5
494,2016-12-27 13:53:00,9152.5
495,2016-12-28 01:52:00,6911.0
496,2016-12-28 13:51:00,4814.0
497,2016-12-29 01:50:00,2651.5
498,2016-12-29 13:49:00,11459.5
499,2016-12-30 01:48:00,5516.5
500,2016-12-30 13:47:00,9476.0
501,2016-12-31 01:46:00,2564.5
502,2016-12-31 13:45:00,8505.0
503,2017-01-01 01:44:00,2824.0
504,2017-01-01 13:43:00,2657.0
505,2017-01-02 01:42:00,19801.5
506,2017-01-02 13:41:00,8250.666666666666
507,2017-01-03 01:40:00,7888.5
508,2017-01-03 13:39:00,4441.0
509,2017-01-04 01:38:00,2809.0
510,2017-01-04 13:37:00,17235.5
511,2017-01-05 01:36:00,4926.0
512,2017-01-05 13:35:00,22517.0
513,2017-01-06 01:34:00,42588.5
514,2017-01-06 13:33:00,19665.0
515,2017-01-07 01:32:00,7821.0
516,2017-01-07 13:31:00,12479.5
517,2017-01-08 01:30:00,5332.0
518,2017-01-08 13:29:00,4027.0
519,2017-01-09 01:28:00,3132.5
520,2017-01-09 13:27:00,5053.5
521,2017-01-10 01:26:00,23668.5
522,2017-01-10 13:25:00,11085.5
523,2017-01-11 01:24:00,7571.0
524,2017-01-11 13:23:00,9972.5
525,2017-01-12 01:22:00,5505.5
526,2017-01-12 13:21:00,3016.0
527,2017-01-13 01:20:00,2910.5
528,2017-01-13 13:19:00,2250.0
529,2017-01-14 01:18:00,2677.5
530,2017-01-14 13:17:00,2293.5
531,2017-01-15 01:16:00,3116.5
532,2017-01-15 13:15:00,5172.0
533,2017-01-16 01:14:00,989.5
534,2017-01-16 13:13:00,2308.0
535,2017-01-17 01:12:00,5188.0
536,2017-01-17 13:11:00,12725.5
537,2017-01-18 01:10:00,1457.5
538,2017-01-18 13:09:00,5390.0
539,2017-01-19 01:08:00,3102.75
540,2017-01-19 13:07:00,4370.0
541,2017-01-20 01:06:00,8829.0
542,2017-01-20 13:05:00,1872.0
543,2017-01-21 01:04:00,1235.0
544,2017-01-21 13:03:00,4392.0
545,2017-01-22 01:02:00,911.0
546,2017-01-22 13:01:00,4762.0
547,2017-01-23 01:00:00,2402.0
548,2017-01-23 12:59:00,5485.0
549,2017-01-24 00:58:00,49613.0
550,2017-01-24 12:57:00,50382.5
551,2017-01-25 00:56:00,47533.5
552,2017-01-25 12:55:00,50572.0
553,2017-01-26 00:54:00,23434.5
554,2017-01-26 12:53:00,6256.0
555,2017-01-27 00:52:00,4526.0
556,2017-01-27 12:51:00,1434.0
557,2017-01-28 00:50:00,13282.0
558,2017-01-28 12:49:00,5020.0
559,2017-01-29 00:48:00,11105.0
560,2017-01-29 12:47:00,1809.0
561,2017-01-30 00:46:00,1522.0
562,2017-01-30 12:45:00,6773.5
563,2017-01-31 00:44:00,35385.0
564,2017-01-31 12:43:00,15741.5
565,2017-02-01 00:42:00,20913.5
566,2017-02-01 12:41:00,10976.0
567,2017-02-02 00:40:00,5654.0
568,2017-02-02 12:39:00,17110.0
569,2017-02-03 00:38:00,63401.0
570,2017-02-03 12:37:00,65813.5
571,2017-02-04 00:36:00,36571.0
572,2017-02-04 12:35:00,12138.0
573,2017-02-05 00:34:00,23350.0
574,2017-02-05 12:33:00,5525.5
575,2017-02-06 00:32:00,7180.5
576,2017-02-06 12:31:00,17216.0
577,2017-02-07 00:30:00,69528.0
578,2017-02-07 12:29:00,65785.5
579,2017-02-08 00:28:00,41483.0
580,2017-02-08 12:27:00,31922.5
581,2017-02-09 00:26:00,39618.0
582,2017-02-09 12:25:00,25075.0
583,2017-02-10 00:24:00,15242.0
584,2017-02-10 12:23:00,13564.25
585,2017-02-11 00:22:00,13678.0
586,2017-02-11 12:21:00,12488.0
587,2017-02-12 00:20:00,4423.0
588,2017-02-12 12:19:00,3618.5
589,2017-02-13 00:18:00,2088.25
590,2017-02-13 12:17:00,4627.0
591,2017-02-14 00:16:00,11857.5
592,2017-02-14 12:15:00,5730.5
593,2017-02-15 00:14:00,8542.5
594,2017-02-15 12:13:00,8525.0
595,2017-02-16 00:12:00,17267.5
596,2017-02-16 12:11:00,3869.0
597,2017-02-17 00:10:00,28315.0
598,2017-02-17 12:09:00,14876.5
599,2017-02-18 00:08:00,27763.5
600,2017-02-18 12:07:00,12228.0
601,2017-02-19 00:06:00,15845.0
602,2017-02-19 12:05:00,9209.0
603,2017-02-20 00:04:00,10457.666666666666
604,2017-02-20 12:03:00,7848.0
605,2017-02-21 00:02:00,37446.5
606,2017-02-21 12:01:00,47967.0
607,2017-02-22 00:00:00,76525.5
608,2017-02-22 11:59:00,80564.0
609,2017-02-22 23:58:00,97737.0
610,2017-02-23 11:57:00,87521.0
611,2017-02-23 23:56:00,77173.5
612,2017-02-24 11:55:00,61834.0
613,2017-02-24 23:54:00,51561.0
614,2017-02-25 11:53:00,30931.0
615,2017-02-25 23:52:00,10348.5
616,2017-02-26 11:51:00,8870.0
617,2017-02-26 23:50:00,5809.5
618,2017-02-27 11:49:00,14154.5
619,2017-02-27 23:48:00,37407.5
620,2017-02-28 11:47:00,36727.5
621,2017-02-28 23:46:00,45357.0
622,2017-03-01 11:45:00,46208.5
623,2017-03-01 23:44:00,68873.0
624,2017-03-02 11:43:00,51710.0
625,2017-03-02 23:42:00,74347.5
626,2017-03-03 11:41:00,79606.5
627,2017-03-03 23:40:00,65406.0
628,2017-03-04 11:39:00,54262.5
629,2017-03-04 23:38:00,77888.0
630,2017-03-05 11:37:00,33645.5
631,2017-03-05 23:36:00,35836.0
632,2017-03-06 11:35:00,44896.5
633,2017-03-06 23:34:00,67040.0
634,2017-03-07 11:33:00,46454.0
635,2017-03-07 23:32:00,64305.0
636,2017-03-08 11:31:00,51549.5
637,2017-03-08 23:30:00,56830.0
638,2017-03-09 11:29:00,29466.0
639,2017-03-09 23:28:00,38263.5
640,2017-03-10 11:27:00,26094.33333333333
641,2017-03-10 23:26:00,38680.5
642,2017-03-11 11:25:00,15651.0
643,2017-03-11 23:24:00,13351.0
644,2017-03-12 11:23:00,10015.5
645,2017-03-12 23:22:00,18990.0
646,2017-03-13 11:21:00,18525.0
647,2017-03-13 23:20:00,43873.5
648,2017-03-14 11:19:00,20386.5
649,2017-03-14 23:18:00,29763.66666666667
650,2017-03-15 11:17:00,18991.5
651,2017-03-15 23:16:00,27134.0
652,2017-03-16 11:15:00,16152.0
653,2017-03-16 23:14:00,24898.0
654,2017-03-17 11:13:00,11928.0
655,2017-03-17 23:12:00,30932.0
656,2017-03-18 11:11:00,5263.5
657,2017-03-18 23:10:00,27201.5
658,2017-03-19 11:09:00,4992.0
659,2017-03-19 23:08:00,2154.0
660,2017-03-20 11:07:00,13370.0
661,2017-03-20 23:06:00,18260.5
662,2017-03-21 11:05:00,2096.0
663,2017-03-21 23:04:00,15893.5
664,2017-03-22 11:03:00,11050.5
665,2017-03-22 23:02:00,5876.0
666,2017-03-23 11:01:00,3679.0
667,2017-03-23 23:00:00,6080.0
668,2017-03-24 10:59:00,1833.0
669,2017-03-24 22:58:00,743.0
670,2017-03-25 10:57:00,8182.5
671,2017-03-25 22:56:00,665.5
672,2017-03-26 10:55:00,234.0
673,2017-03-26 22:54:00,1140.5
674,2017-03-27 10:53:00,1167.5
675,2017-03-27 22:52:00,36780.5
676,2017-03-28 10:51:00,8312.5
677,2017-03-28 22:50:00,24314.5
678,2017-03-29 10:49:00,12938.5
679,2017-03-29 22:48:00,20310.0
680,2017-03-30 10:47:00,3935.5
681,2017-03-30 22:46:00,3930.0
682,2017-03-31 10:45:00,15054.5
683,2017-03-31 22:44:00,22704.0
684,2017-04-01 10:43:00,19836.0
685,2017-04-01 22:42:00,6973.5
686,2017-04-02 10:41:00,1096.0
687,2017-04-02 22:40:00,4026.5
688,2017-04-03 10:39:00,3757.5
689,2017-04-03 22:38:00,20055.5
690,2017-04-04 10:37:00,11133.5
691,2017-04-04 22:36:00,28463.0
692,2017-04-05 10:35:00,10652.0
693,2017-04-05 22:34:00,14146.5
694,2017-04-06 10:33:00,15295.0
695,2017-04-06 22:32:00,17829.0
696,2017-04-07 10:31:00,12185.0
697,2017-04-07 22:30:00,5583.0
698,2017-04-08 10:29:00,4880.5
699,2017-04-08 22:28:00,8698.5
700,2017-04-09 10:27:00,1557.5
701,2017-04-09 22:26:00,1777.0
702,2017-04-10 10:25:00,5106.5
703,2017-04-10 22:24:00,21493.5
704,2017-04-11 10:23:00,8823.0
705,2017-04-11 22:22:00,17214.0
706,2017-04-12 10:21:00,14634.5
707,2017-04-12 22:20:00,28523.0
708,2017-04-13 10:19:00,24333.5
709,2017-04-13 22:18:00,68284.0
710,2017-04-14 10:17:00,54200.5
711,2017-04-14 22:16:00,37049.5
712,2017-04-15 10:15:00,13013.5
713,2017-04-15 22:14:00,5940.0
714,2017-04-16 10:13:00,6749.5
715,2017-04-16 22:12:00,1562.5
716,2017-04-17 10:11:00,3398.5
717,2017-04-17 22:10:00,20201.0
718,2017-04-18 10:09:00,10140.0
719,2017-04-18 22:08:00,38892.0
720,2017-04-19 10:07:00,14281.5
721,2017-04-19 22:06:00,16469.0
722,2017-04-20 10:05:00,18880.0
723,2017-04-20 22:04:00,32807.5
724,2017-04-21 10:03:00,9725.0
725,2017-04-21 22:02:00,13893.0
726,2017-04-22 10:01:00,10581.5
727,2017-04-22 22:00:00,7272.0
728,2017-04-23 09:59:00,7718.0
729,2017-04-23 21:58:00,8654.0
730,2017-04-24 09:57:00,3283.5
731,2017-04-24 21:56:00,58809.5
732,2017-04-25 09:55:00,37455.0
733,2017-04-25 21:54:00,63592.5
734,2017-04-26 09:53:00,29935.0
735,2017-04-26 21:52:00,43879.5
736,2017-04-27 09:51:00,29631.0
737,2017-04-27 21:50:00,59974.5
738,2017-04-28 09:49:00,36870.0
739,2017-04-28 21:48:00,74014.5
740,2017-04-29 09:47:00,29110.5
741,2017-04-29 21:46:00,13008.5
742,2017-04-30 09:45:00,6789.5
743,2017-04-30 21:44:00,11359.0
744,2017-05-01 09:43:00,3620.0
745,2017-05-01 21:42:00,37207.0
746,2017-05-02 09:41:00,15096.0
747,2017-05-02 21:40:00,30324.5
748,2017-05-03 09:39:00,32453.0
749,2017-05-03 21:38:00,60108.5
750,2017-05-04 09:37:00,57157.0
751,2017-05-04 21:36:00,75792.0
752,2017-05-05 09:35:00,84640.0
753,2017-05-05 21:34:00,133651.5
754,2017-05-06 09:33:00,82043.0
755,2017-05-06 21:32:00,62904.66666666666
756,2017-05-07 09:31:00,37023.0
757,2017-05-07 21:30:00,52922.5
758,2017-05-08 09:29:00,32491.5
759,2017-05-08 21:28:00,48266.0
760,2017-05-09 09:27:00,46000.0
761,2017-05-09 21:26:00,78624.0
762,2017-05-10 09:25:00,88862.5
763,2017-05-10 21:24:00,120769.0
764,2017-05-11 09:23:00,108004.0
765,2017-05-11 21:22:00,149585.4
766,2017-05-12 09:21:00,149141.6
767,2017-05-12 21:20:00,157608.0
768,2017-05-13 09:19:00,147517.5
769,2017-05-13 21:18:00,140027.5
770,2017-05-14 09:17:00,122174.0
771,2017-05-14 21:16:00,75544.0
772,2017-05-15 09:15:00,58918.5
773,2017-05-15 21:14:00,96307.5
774,2017-05-16 09:13:00,111420.0
775,2017-05-16 21:12:00,164772.0
776,2017-05-17 09:11:00,170320.0
777,2017-05-17 21:10:00,166712.5
778,2017-05-18 09:09:00,191717.0
779,2017-05-18 21:08:00,176308.0
780,2017-05-19 09:07:00,171630.0
781,2017-05-19 21:06:00,196656.0
782,2017-05-20 09:05:00,166171.5
783,2017-05-20 21:04:00,166508.0
784,2017-05-21 09:03:00,142265.5
785,2017-05-21 21:02:00,135440.5
786,2017-05-22 09:01:00,133727.5
787,2017-05-22 21:00:00,144637.0
788,2017-05-23 08:59:00,144708.0
789,2017-05-23 20:58:00,141663.0
790,2017-05-24 08:57:00,152004.0
791,2017-05-24 20:56:00,144772.5
792,2017-05-25 08:55:00,157933.0
793,2017-05-25 20:54:00,162068.0
794,2017-05-26 08:53:00,163829.5
795,2017-05-26 20:52:00,156537.0
796,2017-05-27 08:51:00,155234.5
797,2017-05-27 20:50:00,118064.5
798,2017-05-28 08:49:00,99115.66666666669
799,2017-05-28 20:48:00,84343.5
800,2017-05-29 08:47:00,73416.5
801,2017-05-29 20:46:00,85631.0
802,2017-05-30 08:45:00,71493.5
803,2017-05-30 20:44:00,85286.0
804,2017-05-31 08:43:00,80359.0
805,2017-05-31 20:42:00,81951.5
806,2017-06-01 08:41:00,81176.0
807,2017-06-01 20:40:00,83060.5
808,2017-06-02 08:39:00,81864.5
809,2017-06-02 20:38:00,87574.0
810,2017-06-03 08:37:00,58695.5
811,2017-06-03 20:36:00,63679.0
812,2017-06-04 08:35:00,53739.0
813,2017-06-04 20:34:00,47545.0
814,2017-06-05 08:33:00,44406.0
815,2017-06-05 20:32:00,56847.5
816,2017-06-06 08:31:00,43846.5
817,2017-06-06 20:30:00,77372.5
818,2017-06-07 08:29:00,58308.0
819,2017-06-07 20:28:00,61161.0
820,2017-06-08 08:27:00,36394.5
821,2017-06-08 20:26:00,42499.0
822,2017-06-09 08:25:00,29231.0
823,2017-06-09 20:24:00,44473.5
824,2017-06-10 08:23:00,37484.0
825,2017-06-10 20:22:00,29651.0
826,2017-06-11 08:21:00,24854.5
827,2017-06-11 20:20:00,29280.0
828,2017-06-12 08:19:00,21020.0
829,2017-06-12 20:18:00,47278.0
830,2017-06-13 08:17:00,48954.0
831,2017-06-13 20:16:00,52105.0
832,2017-06-14 08:15:00,49868.0
833,2017-06-14 20:14:00,60498.0
834,2017-06-15 08:13:00,42173.0
835,2017-06-15 20:12:00,37349.0
836,2017-06-16 08:11:00,30568.5
837,2017-06-16 20:10:00,26254.0
838,2017-06-17 08:09:00,19237.0
839,2017-06-17 20:08:00,21274.0
840,2017-06-18 08:07:00,22340.0
841,2017-06-18 20:06:00,12283.0
842,2017-06-19 08:05:00,14740.5
843,2017-06-19 20:04:00,7055.0
844,2017-06-20 08:03:00,11019.5
845,2017-06-20 20:02:00,25255.5
846,2017-06-21 08:01:00,17963.5
847,2017-06-21 20:00:00,29725.0
848,2017-06-22 07:59:00,26010.5
849,2017-06-22 19:58:00,25245.0
850,2017-06-23 07:57:00,5843.0
851,2017-06-23 19:56:00,8283.5
852,2017-06-24 07:55:00,8751.5
853,2017-06-24 19:54:00,7368.0
854,2017-06-25 07:53:00,5388.0
855,2017-06-25 19:52:00,14598.0
856,2017-06-26 07:51:00,12971.0
857,2017-06-26 19:50:00,13917.0
858,2017-06-27 07:49:00,10244.5
859,2017-06-27 19:48:00,20541.5
860,2017-06-28 07:47:00,4422.5
861,2017-06-28 19:46:00,13705.0
862,2017-06-29 07:45:00,14593.5
863,2017-06-29 19:44:00,31779.0
864,2017-06-30 07:43:00,12977.0
865,2017-06-30 19:42:00,16338.5
866,2017-07-01 07:41:00,4572.5
867,2017-07-01 19:40:00,3578.5
868,2017-07-02 07:39:00,2086.0
869,2017-07-02 19:38:00,1770.5
870,2017-07-03 07:37:00,1475.5
871,2017-07-03 19:36:00,2737.5
872,2017-07-04 07:35:00,3353.0
873,2017-07-04 19:34:00,9895.5
874,2017-07-05 07:33:00,7114.5
875,2017-07-05 19:32:00,11509.5
876,2017-07-06 07:31:00,5262.5
877,2017-07-06 19:30:00,7866.0
878,2017-07-07 07:29:00,5973.5
879,2017-07-07 19:28:00,7067.5
880,2017-07-08 07:27:00,2764.0
881,2017-07-08 19:26:00,3962.5
882,2017-07-09 07:25:00,1587.0
883,2017-07-09 19:24:00,7965.5
884,2017-07-10 07:23:00,3046.5
885,2017-07-10 19:22:00,8980.0
886,2017-07-11 07:21:00,4533.0
887,2017-07-11 19:20:00,3427.5
888,2017-07-12 07:19:00,2676.0
889,2017-07-12 19:18:00,18066.0
890,2017-07-13 07:17:00,5038.5
891,2017-07-13 19:16:00,10108.5
892,2017-07-14 07:15:00,5761.0
893,2017-07-14 19:14:00,21442.0
894,2017-07-15 07:13:00,9470.0
895,2017-07-15 19:12:00,7135.5
896,2017-07-16 07:11:00,6066.5
897,2017-07-16 19:10:00,6588.5
898,2017-07-17 07:09:00,4198.5
899,2017-07-17 19:08:00,17331.0
900,2017-07-18 07:07:00,6209.0
901,2017-07-18 19:06:00,25828.0
902,2017-07-19 07:05:00,6213.0
903,2017-07-19 19:04:00,16446.0
904,2017-07-20 07:03:00,7018.5
905,2017-07-20 19:02:00,24890.0
906,2017-07-21 07:01:00,16040.0
907,2017-07-21 19:00:00,20133.0
908,2017-07-22 06:59:00,6144.0
909,2017-07-22 18:58:00,5024.0
910,2017-07-23 06:57:00,753.0
911,2017-07-23 18:56:00,4697.5
912,2017-07-24 06:55:00,5453.5
913,2017-07-24 18:54:00,1785.0
914,2017-07-25 06:53:00,3894.5
915,2017-07-25 18:52:00,19079.0
916,2017-07-26 06:51:00,3827.0
917,2017-07-26 18:50:00,12725.0
918,2017-07-27 06:49:00,2147.5
919,2017-07-27 18:48:00,7560.5
920,2017-07-28 06:47:00,1104.0
921,2017-07-28 18:46:00,9469.5
922,2017-07-29 06:45:00,2363.5
923,2017-07-29 18:44:00,3890.0
924,2017-07-30 06:43:00,1027.0
925,2017-07-30 18:42:00,4281.0
926,2017-07-31 06:41:00,139.5
927,2017-07-31 18:40:00,7932.0
928,2017-08-01 06:39:00,1482.5
929,2017-08-01 18:38:00,1248.5
930,2017-08-02 06:37:00,1497.0
931,2017-08-02 18:36:00,4428.0
932,2017-08-03 06:35:00,1456.0
933,2017-08-03 18:34:00,7751.0
934,2017-08-04 06:33:00,6669.0
935,2017-08-04 18:32:00,4495.0
936,2017-08-05 06:31:00,5299.0
937,2017-08-05 18:30:00,812.0
938,2017-08-06 06:29:00,3475.5
939,2017-08-06 18:28:00,6110.5
940,2017-08-07 06:27:00,2565.0
941,2017-08-07 18:26:00,8327.5
942,2017-08-08 06:25:00,7749.5
943,2017-08-08 18:24:00,19040.5
944,2017-08-09 06:23:00,9891.0
945,2017-08-09 18:22:00,23798.5
946,2017-08-10 06:21:00,13764.0
947,2017-08-10 18:20:00,32828.0
948,2017-08-11 06:19:00,20819.0
949,2017-08-11 18:18:00,23972.0
950,2017-08-12 06:17:00,25927.5
951,2017-08-12 18:16:00,29351.5
952,2017-08-13 06:15:00,10174.0
953,2017-08-13 18:14:00,20956.0
954,2017-08-14 06:13:00,5464.0
955,2017-08-14 18:12:00,48048.0
956,2017-08-15 06:11:00,29411.5
957,2017-08-15 18:10:00,38756.0
958,2017-08-16 06:09:00,41382.0
959,2017-08-16 18:08:00,64983.5
960,2017-08-17 06:07:00,23472.5
961,2017-08-17 18:06:00,31587.5
962,2017-08-18 06:05:00,12806.5
963,2017-08-18 18:04:00,42880.0
964,2017-08-19 06:03:00,14460.5
965,2017-08-19 18:02:00,11680.0
966,2017-08-20 06:01:00,12514.5
967,2017-08-20 18:00:00,18730.0
968,2017-08-21 05:59:00,15492.0
969,2017-08-21 17:58:00,55584.0
970,2017-08-22 05:57:00,47401.5
971,2017-08-22 17:56:00,89164.5
972,2017-08-23 05:55:00,63954.0
973,2017-08-23 17:54:00,41852.0
974,2017-08-24 05:53:00,37218.0
975,2017-08-24 17:52:00,54764.0
976,2017-08-25 05:51:00,70592.5
977,2017-08-25 17:50:00,91089.5
978,2017-08-26 05:49:00,86669.5
979,2017-08-26 17:48:00,68997.5
980,2017-08-27 05:47:00,40612.0
981,2017-08-27 17:46:00,20836.5
982,2017-08-28 05:45:00,16326.5
983,2017-08-28 17:44:00,28828.5
984,2017-08-29 05:43:00,24847.5
985,2017-08-29 17:42:00,14393.0
986,2017-08-30 05:41:00,8699.5
987,2017-08-30 17:40:00,22450.5
988,2017-08-31 05:39:00,17729.5
989,2017-08-31 17:38:00,8371.0
990,2017-09-01 05:37:00,11476.0
991,2017-09-01 17:36:00,9306.5
992,2017-09-02 05:35:00,3771.0
993,2017-09-02 17:34:00,10064.0
994,2017-09-03 05:33:00,5057.5
995,2017-09-03 17:32:00,8418.5
996,2017-09-04 05:31:00,4830.0
997,2017-09-04 17:30:00,12465.0
998,2017-09-05 05:29:00,1461.5
999,2017-09-05 17:28:00,1521.0
1000,2017-09-06 05:27:00,1556.5
1001,2017-09-06 17:26:00,9046.5
1002,2017-09-07 05:25:00,1245.0
1003,2017-09-07 17:24:00,3829.5
1004,2017-09-08 05:23:00,2740.0
1005,2017-09-08 17:22:00,4577.0
1006,2017-09-09 05:21:00,4527.5
1007,2017-09-09 17:20:00,5267.0
1008,2017-09-10 05:19:00,2580.0
1009,2017-09-10 17:18:00,11922.0
1010,2017-09-11 05:17:00,1846.5
1011,2017-09-11 17:16:00,4756.5
1012,2017-09-12 05:15:00,6081.0
1013,2017-09-12 17:14:00,4679.0
1014,2017-09-13 05:13:00,5106.5
1015,2017-09-13 17:12:00,5564.0
1016,2017-09-14 05:11:00,1513.0
1017,2017-09-14 17:10:00,32204.0
1018,2017-09-15 05:09:00,2523.0
1019,2017-09-15 17:08:00,13678.0
1020,2017-09-16 05:07:00,1273.5
1021,2017-09-16 17:06:00,2962.5
1022,2017-09-17 05:05:00,1485.5
1023,2017-09-17 17:04:00,6350.0
1024,2017-09-18 05:03:00,1236.5
1025,2017-09-18 17:02:00,30486.5
1026,2017-09-19 05:01:00,11903.0
1027,2017-09-19 17:00:00,10716.0
1028,2017-09-20 04:59:00,9954.5
1029,2017-09-20 16:58:00,23728.0
1030,2017-09-21 04:57:00,2998.5
1031,2017-09-21 16:56:00,2905.5
1032,2017-09-22 04:55:00,2227.5
1033,2017-09-22 16:54:00,12371.5
1034,2017-09-23 04:53:00,2209.0
1035,2017-09-23 16:52:00,3185.0
1036,2017-09-24 04:51:00,5783.0
1037,2017-09-24 16:50:00,4500.0
1038,2017-09-25 04:49:00,3608.5
1039,2017-09-25 16:48:00,20887.0
1040,2017-09-26 04:47:00,11260.5
1041,2017-09-26 16:46:00,23153.0
1042,2017-09-27 04:45:00,7728.5
1043,2017-09-27 16:44:00,10193.5
1044,2017-09-28 04:43:00,3394.5
1045,2017-09-28 16:42:00,5029.5
1046,2017-09-29 04:41:00,2734.5
1047,2017-09-29 16:40:00,3586.5
1048,2017-09-30 04:39:00,1636.5
1049,2017-09-30 16:38:00,19266.0
1050,2017-10-01 04:37:00,13217.0
1051,2017-10-01 16:36:00,12340.5
1052,2017-10-02 04:35:00,13462.0
1053,2017-10-02 16:34:00,17217.0
1054,2017-10-03 04:33:00,11843.0
1055,2017-10-03 16:32:00,7989.5
1056,2017-10-04 04:31:00,2289.0
1057,2017-10-04 16:30:00,20067.0
1058,2017-10-05 04:29:00,12955.5
1059,2017-10-05 16:28:00,18069.0
1060,2017-10-06 04:27:00,3082.5
1061,2017-10-06 16:26:00,2205.5
1062,2017-10-07 04:25:00,5069.0
1063,2017-10-07 16:24:00,6602.5
1064,2017-10-08 04:23:00,2098.5
1065,2017-10-08 16:22:00,5023.5
1066,2017-10-09 04:21:00,2018.0
1067,2017-10-09 16:20:00,11933.0
1068,2017-10-10 04:19:00,3852.0
1069,2017-10-10 16:18:00,14527.0
1070,2017-10-11 04:17:00,10934.5
1071,2017-10-11 16:16:00,25107.0
1072,2017-10-12 04:15:00,6543.0
1073,2017-10-12 16:14:00,21275.0
1074,2017-10-13 04:13:00,47629.5
1075,2017-10-13 16:12:00,80294.0
1076,2017-10-14 04:11:00,35893.0
1077,2017-10-14 16:10:00,32785.5
1078,2017-10-15 04:09:00,5006.5
1079,2017-10-15 16:08:00,2884.5
1080,2017-10-16 04:07:00,4607.0
1081,2017-10-16 16:06:00,15034.0
1082,2017-10-17 04:05:00,2937.0
1083,2017-10-17 16:04:00,17413.5
1084,2017-10-18 04:03:00,3692.0
1085,2017-10-18 16:02:00,30540.0
1086,2017-10-19 04:01:00,10444.0
1087,2017-10-19 16:00:00,40908.5
1088,2017-10-20 03:59:00,4936.0
1089,2017-10-20 15:58:00,18878.0
1090,2017-10-21 03:57:00,30563.5
1091,2017-10-21 15:56:00,14609.0
1092,2017-10-22 03:55:00,11106.5
1093,2017-10-22 15:54:00,20387.5
1094,2017-10-23 03:53:00,17834.0
1095,2017-10-23 15:52:00,37093.0
1096,2017-10-24 03:51:00,18091.0
1097,2017-10-24 15:50:00,25540.0
1098,2017-10-25 03:49:00,10457.0
1099,2017-10-25 15:48:00,1.0
1100,2017-10-26 03:47:00,3.0
1101,2017-10-26 15:46:00,743.5
1102,2017-10-27 03:45:00,43009.0
1103,2017-10-27 15:44:00,57229.5
1104,2017-10-28 03:43:00,51908.5
1105,2017-10-28 15:42:00,75203.0
1106,2017-10-29 03:41:00,49460.0
1107,2017-10-29 15:40:00,22367.5
1108,2017-10-30 03:39:00,20477.0
1109,2017-10-30 15:38:00,25639.0
1110,2017-10-31 03:37:00,13189.0
1111,2017-10-31 15:36:00,32221.0
1112,2017-11-01 03:35:00,54777.5
1113,2017-11-01 15:34:00,31714.0
1114,2017-11-02 03:33:00,15962.0
1115,2017-11-02 15:32:00,31697.5
1116,2017-11-03 03:31:00,30535.5
1117,2017-11-03 15:30:00,53580.0
1118,2017-11-04 03:29:00,63646.0
1119,2017-11-04 15:28:00,44704.0
1120,2017-11-05 03:27:00,16258.0
1121,2017-11-05 15:26:00,21200.0
1122,2017-11-06 03:25:00,27262.0
1123,2017-11-06 15:24:00,30575.0
1124,2017-11-07 03:23:00,34962.5
1125,2017-11-07 15:22:00,21043.5
1126,2017-11-08 03:21:00,22850.0
1127,2017-11-08 15:20:00,24817.0
1128,2017-11-09 03:19:00,48157.0
1129,2017-11-09 15:18:00,28924.0
1130,2017-11-10 03:17:00,46775.5
1131,2017-11-10 15:16:00,60833.5
1132,2017-11-11 03:15:00,98870.5
1133,2017-11-11 15:14:00,110307.0
1134,2017-11-12 03:13:00,138067.0
1135,2017-11-12 15:12:00,158928.5
1136,2017-11-13 03:11:00,127177.0
1137,2017-11-13 15:10:00,99676.0
1138,2017-11-14 03:09:00,98841.0
1139,2017-11-14 15:08:00,93664.5
1140,2017-11-15 03:07:00,89142.5
1141,2017-11-15 15:06:00,91744.5
1142,2017-11-16 03:05:00,79413.5
1143,2017-11-16 15:04:00,56329.5
1144,2017-11-17 03:03:00,46164.5
1145,2017-11-17 15:02:00,43909.0
1146,2017-11-18 03:01:00,40399.0
1147,2017-11-18 15:00:00,41724.0
1148,2017-11-19 02:59:00,28948.5
1149,2017-11-19 14:58:00,26237.5
1150,2017-11-20 02:57:00,24416.5
1151,2017-11-20 14:56:00,20026.5
1152,2017-11-21 02:55:00,21318.0
1153,2017-11-21 14:54:00,25180.5
1154,2017-11-22 02:53:00,21653.0
1155,2017-11-22 14:52:00,28805.0
1156,2017-11-23 02:51:00,47055.5
1157,2017-11-23 14:50:00,20814.0
1158,2017-11-24 02:49:00,26157.5
1159,2017-11-24 14:48:00,44034.0
1160,2017-11-25 02:47:00,35406.5
1161,2017-11-25 14:46:00,27619.5
1162,2017-11-26 02:45:00,20435.0
1163,2017-11-26 14:44:00,25710.5
1164,2017-11-27 02:43:00,27175.5
1165,2017-11-27 14:42:00,40268.0
1166,2017-11-28 02:41:00,47669.5
1167,2017-11-28 14:40:00,53895.5
1168,2017-11-29 02:39:00,64122.5
1169,2017-11-29 14:38:00,65165.5
1170,2017-11-30 02:37:00,78048.0
1171,2017-11-30 14:36:00,61799.5
1172,2017-12-01 02:35:00,61322.0
1173,2017-12-01 14:34:00,62699.5
1174,2017-12-02 02:33:00,39004.0
1175,2017-12-02 14:32:00,48977.5
1176,2017-12-03 02:31:00,38937.0
1177,2017-12-03 14:30:00,52743.0
1178,2017-12-04 02:29:00,25303.5
1179,2017-12-04 14:28:00,51333.0
1180,2017-12-05 02:27:00,38896.0
1181,2017-12-05 14:26:00,33517.0
1182,2017-12-06 02:25:00,56797.5
1183,2017-12-06 14:24:00,56161.5
1184,2017-12-07 02:23:00,107053.5
1185,2017-12-07 14:22:00,156139.5
1186,2017-12-08 02:21:00,173609.0
1187,2017-12-08 14:20:00,171108.0
1188,2017-12-09 02:19:00,151303.0
1189,2017-12-09 14:18:00,126864.5
1190,2017-12-10 02:17:00,88575.33333333331
1191,2017-12-10 14:16:00,77633.0
1192,2017-12-11 02:15:00,86361.0
1193,2017-12-11 14:14:00,86633.5
1194,2017-12-12 02:13:00,89598.0
1195,2017-12-12 14:12:00,104354.33333333331
1196,2017-12-13 02:11:00,99779.5
1197,2017-12-13 14:10:00,95020.0
1198,2017-12-14 02:09:00,103717.5
1199,2017-12-14 14:08:00,111607.0
1200,2017-12-15 02:07:00,119006.0
1201,2017-12-15 14:06:00,116414.5
1202,2017-12-16 02:05:00,119813.0
1203,2017-12-16 14:04:00,115879.5
1204,2017-12-17 02:03:00,115200.0
1205,2017-12-17 14:02:00,102023.0
1206,2017-12-18 02:01:00,105251.66666666669
1207,2017-12-18 14:00:00,104811.0
1208,2017-12-19 01:59:00,108825.5
1209,2017-12-19 13:58:00,121497.0
1210,2017-12-20 01:57:00,132174.5
1211,2017-12-20 13:56:00,124534.5
1212,2017-12-21 01:55:00,125453.0
1213,2017-12-21 13:54:00,125185.0
1214,2017-12-22 01:53:00,135502.0
1215,2017-12-22 13:52:00,141183.0
1216,2017-12-23 01:51:00,111824.5
1217,2017-12-23 13:50:00,89828.0
1218,2017-12-24 01:49:00,86291.0
1219,2017-12-24 13:48:00,79675.0
1220,2017-12-25 01:47:00,77413.0
1221,2017-12-25 13:46:00,84588.5
1222,2017-12-26 01:45:00,92062.0
1223,2017-12-26 13:44:00,101597.0
1224,2017-12-27 01:43:00,98418.5
1225,2017-12-27 13:42:00,110759.5
1226,2017-12-28 01:41:00,106658.0
1227,2017-12-28 13:40:00,105833.5
1228,2017-12-29 01:39:00,105838.5
1229,2017-12-29 13:38:00,104185.5
1230,2017-12-30 01:37:00,112614.5
1231,2017-12-30 13:36:00,105424.5
1232,2017-12-31 01:35:00,99533.5
1233,2017-12-31 13:34:00,96981.5
1234,2018-01-01 01:33:00,87316.0
1235,2018-01-01 13:32:00,84033.0
1236,2018-01-02 01:31:00,79779.5
1237,2018-01-02 13:30:00,88723.5
1238,2018-01-03 01:29:00,86197.5
1239,2018-01-03 13:28:00,101536.5
1240,2018-01-04 01:27:00,92116.0
1241,2018-01-04 13:26:00,85262.0
1242,2018-01-05 01:25:00,86208.0
1243,2018-01-05 13:24:00,82623.0
1244,2018-01-06 01:23:00,85150.0
1245,2018-01-06 13:22:00,65853.5
1246,2018-01-07 01:21:00,65143.5
1247,2018-01-07 13:20:00,66501.0
1248,2018-01-08 01:19:00,60261.5
1249,2018-01-08 13:18:00,62004.5
1250,2018-01-09 01:17:00,43778.0
1251,2018-01-09 13:16:00,40434.5
1252,2018-01-10 01:15:00,31645.0
1253,2018-01-10 13:14:00,34805.5
1254,2018-01-11 01:13:00,37223.0
1255,2018-01-11 13:12:00,38970.0
1256,2018-01-12 01:11:00,30378.5
1257,2018-01-12 13:10:00,36584.0
1258,2018-01-13 01:09:00,31950.5
1259,2018-01-13 13:08:00,35820.5
1260,2018-01-14 01:07:00,39198.5
1261,2018-01-14 13:06:00,37989.5
1262,2018-01-15 01:05:00,39282.0
1263,2018-01-15 13:04:00,41333.5
1264,2018-01-16 01:03:00,7482.5
1265,2018-01-16 13:02:00,39054.5
1266,2018-01-17 01:01:00,57883.0
1267,2018-01-17 13:00:00,61266.0
1268,2018-01-18 00:59:00,62373.0
1269,2018-01-18 12:58:00,51812.0
1270,2018-01-19 00:57:00,50483.0
1271,2018-01-19 12:56:00,57623.0
1272,2018-01-20 00:55:00,67992.5
1273,2018-01-20 12:54:00,63577.0
1274,2018-01-21 00:53:00,67225.5
1275,2018-01-21 12:52:00,58182.5
1276,2018-01-22 00:51:00,68414.5
1277,2018-01-22 12:50:00,67660.33333333331
1278,2018-01-23 00:53:00,58088.5
1279,2018-01-23 12:52:00,52295.0
1280,2018-01-24 00:51:00,60573.0
1281,2018-01-24 12:50:00,49242.0
1282,2018-01-25 00:49:00,48553.0
1283,2018-01-25 12:48:00,43555.0
1284,2018-01-26 00:47:00,42673.5
1285,2018-01-26 12:46:00,39981.5
1286,2018-01-27 00:45:00,33754.0
1287,2018-01-27 12:44:00,29977.5
1288,2018-01-28 00:43:00,26409.5
1289,2018-01-28 12:42:00,29363.0
1290,2018-01-29 00:41:00,24002.5
1291,2018-01-29 12:40:00,19790.5
1292,2018-01-30 00:39:00,17162.5
1293,2018-01-30 12:38:00,13510.0
1294,2018-01-31 00:37:00,13267.5
1295,2018-01-31 12:36:00,16678.5
1296,2018-02-01 00:35:00,31009.5
1297,2018-02-01 12:34:00,17624.5
1298,2018-02-02 00:33:00,14293.5
1299,2018-02-02 12:32:00,23921.5
1300,2018-02-03 00:31:00,17254.5
1301,2018-02-03 12:30:00,10702.0
1302,2018-02-04 00:29:00,10600.5
1303,2018-02-04 12:28:00,10277.5
1304,2018-02-05 00:27:00,8293.5
1305,2018-02-05 12:26:00,9681.0
1306,2018-02-06 00:25:00,5374.5
1307,2018-02-06 12:24:00,5564.5
1308,2018-02-07 00:23:00,7967.5
1309,2018-02-07 12:22:00,9751.5
1310,2018-02-08 00:21:00,3993.0
1311,2018-02-08 12:20:00,5018.5
1312,2018-02-09 00:19:00,4757.0
1313,2018-02-09 12:18:00,7414.0
1314,2018-02-10 00:17:00,12198.0
1315,2018-02-10 12:16:00,7768.0
1316,2018-02-11 00:15:00,4950.5
1317,2018-02-11 12:14:00,6637.0
1318,2018-02-12 00:13:00,4428.0
1319,2018-02-12 12:12:00,4523.0
1320,2018-02-13 00:11:00,4255.0
1321,2018-02-13 12:10:00,4332.0
1322,2018-02-14 00:09:00,9860.0
1323,2018-02-14 12:08:00,13214.0
1324,2018-02-15 00:07:00,9284.0
1325,2018-02-15 12:06:00,5560.5
1326,2018-02-16 00:05:00,1501.5
1327,2018-02-16 12:04:00,3003.5
1328,2018-02-17 00:03:00,4124.5
1329,2018-02-17 12:02:00,5019.5
1330,2018-02-18 00:01:00,5188.0
1331,2018-02-18 12:00:00,5751.0
1332,2018-02-18 23:59:00,5451.5
1333,2018-02-19 11:58:00,4142.0
1334,2018-02-19 23:57:00,2976.0
1335,2018-02-20 11:56:00,3827.0
1336,2018-02-20 23:55:00,2450.5
1337,2018-02-21 11:54:00,4922.5
1338,2018-02-21 23:53:00,7292.5
1339,2018-02-22 11:52:00,957.5
1340,2018-02-22 23:51:00,8298.0
1341,2018-02-23 11:50:00,241.0
1342,2018-02-23 23:49:00,4218.0
1343,2018-02-24 11:48:00,11412.5
1344,2018-02-24 23:47:00,5411.0
1345,2018-02-25 11:46:00,1260.0
1346,2018-02-25 23:45:00,149.0
1347,2018-02-26 11:44:00,3275.0
1348,2018-02-26 23:43:00,13021.5
1349,2018-02-27 11:42:00,8212.0
1350,2018-02-27 23:41:00,4431.0
1351,2018-02-28 11:40:00,4618.5
1352,2018-02-28 23:39:00,24005.0
1353,2018-03-01 11:38:00,4532.5
1354,2018-03-01 23:37:00,2170.5
1355,2018-03-02 11:36:00,700.5
1356,2018-03-02 23:35:00,3860.0
1357,2018-03-03 11:34:00,4543.0
1358,2018-03-03 23:33:00,4332.5
1359,2018-03-04 11:32:00,5364.5
1360,2018-03-04 23:31:00,5863.5
1361,2018-03-05 11:30:00,4485.0
1362,2018-03-05 23:29:00,5302.0
1363,2018-03-06 11:28:00,1311.5
1364,2018-03-06 23:27:00,5089.0
1365,2018-03-07 11:26:00,3252.0
1366,2018-03-07 23:25:00,4616.5
1367,2018-03-08 11:24:00,2863.0
1368,2018-03-08 23:23:00,3261.5
1369,2018-03-09 11:22:00,3604.0
1370,2018-03-09 23:21:00,2458.5
1371,2018-03-10 11:20:00,3543.5
1372,2018-03-10 23:19:00,2915.5
1373,2018-03-11 11:18:00,1901.0
1374,2018-03-11 23:17:00,1343.5
1375,2018-03-12 11:16:00,1833.5
1376,2018-03-12 23:15:00,175.5
1377,2018-03-13 11:14:00,10524.0
1378,2018-03-13 23:13:00,436.5
1379,2018-03-14 11:12:00,755.5
1380,2018-03-14 23:11:00,8487.0
1381,2018-03-15 11:10:00,792.0
1382,2018-03-15 23:09:00,989.0
1383,2018-03-16 11:08:00,1936.0
1384,2018-03-16 23:07:00,299.0
1385,2018-03-17 11:06:00,1085.0
1386,2018-03-17 23:05:00,159.0
1387,2018-03-18 11:04:00,1195.0
1388,2018-03-18 23:03:00,2406.5
1389,2018-03-19 11:02:00,432.5
1390,2018-03-19 23:01:00,769.0
1391,2018-03-20 11:00:00,6094.0
1392,2018-03-20 22:59:00,1007.0
1393,2018-03-21 10:58:00,1642.5
1394,2018-03-21 22:57:00,3993.0
1395,2018-03-22 10:56:00,310.0
1396,2018-03-22 22:55:00,594.0
1397,2018-03-23 10:54:00,6067.0
1398,2018-03-23 22:53:00,847.0
1399,2018-03-24 10:52:00,1886.5
1400,2018-03-24 22:51:00,1108.0
1401,2018-03-25 10:50:00,234.0
1402,2018-03-25 22:49:00,179.5
1403,2018-03-26 10:48:00,3749.0
1404,2018-03-26 22:47:00,147.5
1405,2018-03-27 10:46:00,6127.5
1406,2018-03-27 22:45:00,1369.5
1407,2018-03-28 10:44:00,3300.5
1408,2018-03-28 22:43:00,5058.0
1409,2018-03-29 10:42:00,269.5
1410,2018-03-29 22:41:00,3110.5
1411,2018-03-30 10:40:00,475.5
1412,2018-03-30 22:39:00,1085.5
1413,2018-03-31 10:38:00,3422.5
1414,2018-03-31 22:37:00,1026.0
1415,2018-04-01 10:36:00,804.0
1416,2018-04-01 22:35:00,1418.0
1417,2018-04-02 10:34:00,1123.0
1418,2018-04-02 22:33:00,3489.5
1419,2018-04-03 10:32:00,1844.0
1420,2018-04-03 22:31:00,569.5
1421,2018-04-04 10:30:00,2045.0
1422,2018-04-04 22:29:00,574.5
1423,2018-04-05 10:28:00,1406.0
1424,2018-04-05 22:27:00,119.0
1425,2018-04-06 10:26:00,855.0
1426,2018-04-06 22:25:00,1953.0
1427,2018-04-07 10:24:00,1813.0
1428,2018-04-07 22:23:00,596.5
1429,2018-04-08 10:22:00,117.5
1430,2018-04-08 22:21:00,787.0
1431,2018-04-09 10:20:00,486.0
1432,2018-04-09 22:19:00,593.0
1433,2018-04-10 10:18:00,1022.5
1434,2018-04-10 22:17:00,182.0
1435,2018-04-11 10:16:00,4374.5
1436,2018-04-11 22:15:00,166.0
1437,2018-04-12 10:14:00,2731.0
1438,2018-04-12 22:13:00,3384.0
1439,2018-04-13 10:12:00,2118.5
1440,2018-04-13 22:11:00,172.5
1441,2018-04-14 10:10:00,487.0
1442,2018-04-14 22:09:00,881.0
1443,2018-04-15 10:08:00,1170.0
1444,2018-04-15 22:07:00,254.5
1445,2018-04-16 10:06:00,1824.0
1446,2018-04-16 22:05:00,3165.5
1447,2018-04-17 10:04:00,1984.0
1448,2018-04-17 22:03:00,2035.0
1449,2018-04-18 10:02:00,3249.0
1450,2018-04-18 22:01:00,1484.5
1451,2018-04-19 10:00:00,2291.5
1452,2018-04-19 21:59:00,1399.0
1453,2018-04-20 09:58:00,2859.0
1454,2018-04-20 21:57:00,8960.5
1455,2018-04-21 09:56:00,883.5
1456,2018-04-21 21:55:00,1016.0
1457,2018-04-22 09:54:00,1948.5
1458,2018-04-22 21:53:00,782.5
1459,2018-04-23 09:52:00,2572.0
1460,2018-04-23 21:51:00,3706.5
1461,2018-04-24 09:50:00,4862.5
1462,2018-04-24 21:49:00,4659.0
1463,2018-04-25 09:48:00,9832.0
1464,2018-04-25 21:47:00,8803.0
1465,2018-04-26 09:46:00,75.5
1466,2018-04-26 21:45:00,2245.0
1467,2018-04-27 09:44:00,211.0
1468,2018-04-27 21:43:00,669.5
1469,2018-04-28 09:42:00,523.5
1470,2018-04-28 21:41:00,2022.0
1471,2018-04-29 09:40:00,688.0
1472,2018-04-29 21:39:00,1633.0
1473,2018-04-30 09:38:00,2212.0
1474,2018-04-30 21:37:00,1071.0
1475,2018-05-01 09:36:00,2871.0
1476,2018-05-01 21:35:00,2230.0
1477,2018-05-02 09:34:00,568.5
1478,2018-05-02 21:33:00,651.5
1479,2018-05-03 09:32:00,713.5
1480,2018-05-03 21:31:00,10349.0
1481,2018-05-04 09:30:00,1434.5
1482,2018-05-04 21:29:00,6402.5
1483,2018-05-05 09:28:00,848.0
1484,2018-05-05 21:27:00,1133.5
1485,2018-05-06 09:26:00,5780.5
1486,2018-05-06 21:25:00,832.0
1487,2018-05-07 09:24:00,1815.0
1488,2018-05-07 21:23:00,5559.5
1489,2018-05-08 09:22:00,2781.5
1490,2018-05-08 21:21:00,2153.5
1491,2018-05-09 09:20:00,2327.5
1492,2018-05-09 21:19:00,843.0
1493,2018-05-10 09:18:00,1868.0
1494,2018-05-10 21:17:00,1732.5
1495,2018-05-11 09:16:00,9633.0
1496,2018-05-11 21:15:00,22498.0
1497,2018-05-12 09:14:00,688.0
1498,2018-05-12 21:13:00,1167.5
1499,2018-05-13 09:12:00,1577.0
1500,2018-05-13 21:11:00,8624.5
