2009-01-10 00:00:00,328.57142857142856
2009-01-12 00:00:00,1743.0
2009-01-14 00:00:00,3468.4285714285716
2009-01-16 00:00:00,4977.142857142858
2009-01-18 00:00:00,5069.857142857143
2009-01-20 00:00:00,5155.142857142858
2009-01-22 00:00:00,4810.714285714285
2009-01-24 00:00:00,5339.285714285715
2009-01-26 00:00:00,5750.0
2009-01-28 00:00:00,5900.0
2009-01-30 00:00:00,5685.714285714286
2009-02-01 00:00:00,5371.428571428572
2009-02-03 00:00:00,5705.217142857143
2009-02-05 00:00:00,5648.074285714286
2009-02-07 00:00:00,5733.5028571428575
2009-02-09 00:00:00,6092.571428571429
2009-02-11 00:00:00,6221.148571428572
2009-02-13 00:00:00,5985.72
2009-02-15 00:00:00,5664.291428571429
2009-02-17 00:00:00,5707.142857142857
2009-02-19 00:00:00,5671.428571428571
2009-02-21 00:00:00,5478.5714285714275
2009-02-23 00:00:00,5321.428571428572
2009-02-25 00:00:00,5157.142857142859
2009-02-27 00:00:00,4907.142857142859
2009-03-01 00:00:00,4921.428571428572
2009-03-03 00:00:00,4921.428571428572
2009-03-05 00:00:00,5050.0
2009-03-07 00:00:00,4950.000000000001
2009-03-09 00:00:00,5221.428571428572
2009-03-11 00:00:00,5050.000000000001
2009-03-13 00:00:00,5142.857142857144
2009-03-15 00:00:00,4935.714285714287
2009-03-17 00:00:00,5507.142857142859
2009-03-19 00:00:00,5478.571428571429
2009-03-21 00:00:00,5335.714285714286
2009-03-23 00:00:00,4942.857142857143
2009-03-25 00:00:00,4764.285714285715
2009-03-27 00:00:00,5078.571428571428
2009-03-29 00:00:00,5171.428571428572
2009-03-31 00:00:00,5521.428571428572
2009-04-02 00:00:00,5350.000000000001
2009-04-04 00:00:00,5171.428571428572
2009-04-06 00:00:00,5107.142857142857
2009-04-08 00:00:00,4935.714285714285
2009-04-10 00:00:00,4764.285714285714
2009-04-12 00:00:00,4642.857142857142
2009-04-14 00:00:00,5064.285714285714
2009-04-16 00:00:00,5300.0
2009-04-18 00:00:00,5268.93
2009-04-20 00:00:00,5468.93
2009-04-22 00:00:00,6040.358571428573
2009-04-24 00:00:00,5707.142857142858
2009-04-26 00:00:00,5392.857142857143
2009-04-28 00:00:00,4728.5714285714275
2009-04-30 00:00:00,5314.285714285714
2009-05-02 00:00:00,5321.428571428571
2009-05-04 00:00:00,5537.134285714285
2009-05-06 00:00:00,5779.991428571428
2009-05-08 00:00:00,5751.42
2009-05-10 00:00:00,5042.857142857143
2009-05-12 00:00:00,4607.142857142858
2009-05-14 00:00:00,4678.572857142857
2009-05-16 00:00:00,5507.142857142856
2009-05-18 00:00:00,5514.285714285713
2009-05-20 00:00:00,5164.284285714285
2009-05-22 00:00:00,4471.428571428572
2009-05-24 00:00:00,3428.571428571428
2009-05-26 00:00:00,3578.5714285714275
2009-05-28 00:00:00,3978.5714285714275
2009-05-30 00:00:00,5171.428571428571
2009-06-01 00:00:00,4935.714285714285
2009-06-03 00:00:00,4642.857142857142
2009-06-05 00:00:00,3399.9999999999986
2009-06-07 00:00:00,2228.5714285714275
2009-06-09 00:00:00,2078.5714285714275
2009-06-11 00:00:00,2649.999999999999
2009-06-13 00:00:00,3628.5714285714275
2009-06-15 00:00:00,3528.5714285714275
2009-06-17 00:00:00,3342.8571428571418
2009-06-19 00:00:00,3364.2857142857133
2009-06-21 00:00:00,3414.2857142857133
2009-06-23 00:00:00,3885.7142857142853
2009-06-25 00:00:00,3842.711428571428
2009-06-27 00:00:00,4092.7114285714274
2009-06-29 00:00:00,3464.1399999999985
2009-07-01 00:00:00,3556.4285714285697
2009-07-03 00:00:00,3284.999999999998
2009-07-05 00:00:00,3577.8571428571404
2009-07-07 00:00:00,3428.5714285714266
2009-07-09 00:00:00,3457.142857142855
2009-07-11 00:00:00,3435.7142857142835
2009-07-13 00:00:00,3421.4285714285697
2009-07-15 00:00:00,3121.4285714285697
2009-07-17 00:00:00,2892.857142857141
2009-07-19 00:00:00,2199.999999999998
2009-07-21 00:00:00,3285.6671428571412
2009-07-23 00:00:00,3292.8099999999986
2009-07-25 00:00:00,3814.23857142857
2009-07-27 00:00:00,2435.7142857142844
2009-07-29 00:00:00,2014.2857142857129
2009-07-31 00:00:00,1307.142857142856
2009-08-02 00:00:00,1135.7142857142844
2009-08-04 00:00:00,1114.2857142857129
2009-08-06 00:00:00,2242.8571428571413
2009-08-08 00:00:00,3771.361428571427
2009-08-10 00:00:00,4535.64714285714
2009-08-12 00:00:00,4164.218571428569
2009-08-14 00:00:00,3299.9999999999977
2009-08-16 00:00:00,2435.714285714283
2009-08-18 00:00:00,1657.1428571428546
2009-08-20 00:00:00,892.8571428571402
2009-08-22 00:00:00,642.8571428571402
2009-08-24 00:00:00,599.9999999999972
2009-08-26 00:00:00,1014.2857142857114
2009-08-28 00:00:00,1849.7228571428543
2009-08-30 00:00:00,2949.722857142854
2009-09-01 00:00:00,3535.43714285714
2009-09-03 00:00:00,3542.8571428571395
2009-09-05 00:00:00,3257.1428571428537
2009-09-07 00:00:00,3142.8571428571395
2009-09-09 00:00:00,3014.285714285711
2009-09-11 00:00:00,2978.5714285714253
2009-09-13 00:00:00,2821.4285714285684
2009-09-15 00:00:00,2914.285714285711
2009-09-17 00:00:00,3721.5714285714253
2009-09-19 00:00:00,3800.142857142854
2009-09-21 00:00:00,3914.428571428569
2009-09-23 00:00:00,2964.2857142857115
2009-09-25 00:00:00,3364.2857142857115
2009-09-27 00:00:00,3692.8571428571404
2009-09-29 00:00:00,4442.85714285714
2009-10-01 00:00:00,4185.7142857142835
2009-10-03 00:00:00,3785.7142857142835
2009-10-05 00:00:00,3107.1428571428546
2009-10-07 00:00:00,2664.285714285712
2009-10-09 00:00:00,2699.9999999999977
2009-10-11 00:00:00,2964.285714285712
2009-10-13 00:00:00,3707.142857142854
2009-10-15 00:00:00,3657.142857142854
2009-10-17 00:00:00,4785.714285714283
2009-10-19 00:00:00,4471.428571428568
2009-10-21 00:00:00,5571.411428571426
2009-10-23 00:00:00,6399.948571428568
2009-10-25 00:00:00,7992.805714285712
2009-10-27 00:00:00,8678.53714285714
2009-10-29 00:00:00,6492.8571428571395
2009-10-31 00:00:00,4664.285714285711
2009-11-02 00:00:00,2321.428571428568
2009-11-04 00:00:00,2285.714285714282
2009-11-06 00:00:00,4328.571428571425
2009-11-08 00:00:00,4921.428571428568
2009-11-10 00:00:00,5042.8571428571395
2009-11-12 00:00:00,15871.428571428565
2009-11-14 00:00:00,16007.142857142851
2009-11-16 00:00:00,16435.71428571428
2009-11-18 00:00:00,3799.9999999999936
2009-11-20 00:00:00,10064.285714285708
2009-11-22 00:00:00,9928.571428571422
2009-11-24 00:00:00,10128.571428571424
2009-11-26 00:00:00,3849.9999999999955
2009-11-28 00:00:00,3678.5714285714234
2009-11-30 00:00:00,3207.142857142852
2009-12-02 00:00:00,4649.9999999999945
2009-12-04 00:00:00,4514.285714285709
2009-12-06 00:00:00,4841.428571428566
2009-12-08 00:00:00,3969.999999999995
2009-12-10 00:00:00,4756.428571428566
2009-12-12 00:00:00,5843.571428571423
2009-12-14 00:00:00,10271.528571428567
2009-12-16 00:00:00,11107.814285714281
2009-12-18 00:00:00,11372.028571428567
2009-12-20 00:00:00,8065.499999999995
2009-12-22 00:00:00,7914.214285714282
2009-12-24 00:00:00,7528.571428571426
2009-12-26 00:00:00,6935.714285714284
2009-12-28 00:00:00,6735.714285714284
2009-12-30 00:00:00,6785.714285714285
2010-01-01 00:00:00,6442.857142857143
2010-01-03 00:00:00,6321.428571428572
2010-01-05 00:00:00,9850.62142857143
2010-01-07 00:00:00,10193.478571428575
2010-01-09 00:00:00,10214.907142857146
2010-01-11 00:00:00,6864.285714285717
2010-01-13 00:00:00,8465.411428571431
2010-01-15 00:00:00,8494.697142857147
2010-01-17 00:00:00,7930.6600000000035
2010-01-19 00:00:00,5850.96285714286
2010-01-21 00:00:00,6062.861428571433
2010-01-23 00:00:00,6348.327142857147
2010-01-25 00:00:00,7534.184285714289
2010-01-27 00:00:00,8024.857142857147
2010-01-29 00:00:00,8796.285714285717
2010-01-31 00:00:00,8931.857142857147
2010-02-02 00:00:00,8842.857142857145
2010-02-04 00:00:00,9528.570000000003
2010-02-06 00:00:00,11699.855714285719
2010-02-08 00:00:00,13050.141428571435
2010-02-10 00:00:00,19357.28571428572
2010-02-12 00:00:00,18064.571428571435
2010-02-14 00:00:00,20924.78714285715
2010-02-16 00:00:00,14310.498571428574
2010-02-18 00:00:00,22336.908571428576
2010-02-20 00:00:00,18340.694285714286
2010-02-22 00:00:00,21378.815714285716
2010-02-24 00:00:00,13280.977142857144
2010-02-26 00:00:00,15645.118571428571
2010-02-28 00:00:00,12485.571428571431
2010-03-02 00:00:00,11814.142857142859
2010-03-04 00:00:00,10328.571428571431
2010-03-06 00:00:00,15785.341428571433
2010-03-08 00:00:00,17127.510000000002
2010-03-10 00:00:00,16156.08142857143
2010-03-12 00:00:00,10042.167142857143
2010-03-14 00:00:00,7971.427142857141
2010-03-16 00:00:00,6971.712857142855
2010-03-18 00:00:00,6761.857142857141
2010-03-20 00:00:00,8414.142857142857
2010-03-22 00:00:00,9814.142857142857
2010-03-24 00:00:00,10900.704285714286
2010-03-26 00:00:00,13327.132857142857
2010-03-28 00:00:00,13541.132857142857
2010-03-30 00:00:00,13585.857142857143
2010-04-01 00:00:00,10182.028571428575
2010-04-03 00:00:00,9363.95428571429
2010-04-05 00:00:00,9184.631428571432
2010-04-07 00:00:00,10964.972857142859
2010-04-09 00:00:00,11799.154285714287
2010-04-11 00:00:00,19338.52142857143
2010-04-13 00:00:00,22274.952857142856
2010-04-15 00:00:00,37316.47571428571
2010-04-17 00:00:00,33095.461428571434
2010-04-19 00:00:00,35066.26142857144
2010-04-21 00:00:00,24726.14714285715
2010-04-23 00:00:00,24636.237142857146
2010-04-25 00:00:00,20611.192857142858
2010-04-27 00:00:00,18123.595714285715
2010-04-29 00:00:00,15832.747142857146
2010-05-01 00:00:00,21738.892857142866
2010-05-03 00:00:00,20023.831428571437
2010-05-05 00:00:00,22845.53285714286
2010-05-07 00:00:00,20608.39857142858
2010-05-09 00:00:00,22637.635714285723
2010-05-11 00:00:00,18931.081428571437
2010-05-13 00:00:00,15463.24285714286
2010-05-15 00:00:00,14061.342857142863
2010-05-17 00:00:00,14185.941428571436
2010-05-19 00:00:00,14125.141428571435
2010-05-21 00:00:00,13605.508571428574
2010-05-23 00:00:00,26947.33285714286
2010-05-25 00:00:00,26170.402857142864
2010-05-27 00:00:00,28483.910000000007
2010-05-29 00:00:00,23584.168571428578
2010-05-31 00:00:00,24461.984285714294
2010-06-02 00:00:00,22353.62714285715
2010-06-04 00:00:00,18471.91714285715
2010-06-06 00:00:00,16100.38714285715
2010-06-08 00:00:00,19816.120000000006
2010-06-10 00:00:00,27301.441428571434
2010-06-12 00:00:00,30723.300000000007
2010-06-14 00:00:00,31870.014285714296
2010-06-16 00:00:00,26743.17142857144
2010-06-18 00:00:00,27896.90285714287
2010-06-20 00:00:00,32496.1442857143
2010-06-22 00:00:00,34282.49142857144
2010-06-24 00:00:00,38774.55714285715
2010-06-26 00:00:00,38184.442857142865
2010-06-28 00:00:00,36955.91142857143
2010-06-30 00:00:00,38740.70857142858
2010-07-02 00:00:00,37884.93571428572
2010-07-04 00:00:00,48511.95142857144
2010-07-06 00:00:00,47763.42857142858
2010-07-08 00:00:00,47248.95142857143
2010-07-10 00:00:00,33692.92857142857
2010-07-12 00:00:00,380491.5671428572
2010-07-14 00:00:00,487573.1271428571
2010-07-16 00:00:00,509225.27999999997
2010-07-18 00:00:00,161111.21857142856
2010-07-20 00:00:00,55770.42428571426
2010-07-22 00:00:00,37565.5114285714
2010-07-24 00:00:00,36736.71571428569
2010-07-26 00:00:00,39682.067142857115
2010-07-28 00:00:00,45046.93428571426
2010-07-30 00:00:00,48537.00571428569
2010-08-01 00:00:00,75254.14714285711
2010-08-03 00:00:00,75013.11428571425
2010-08-05 00:00:00,75080.88857142854
2010-08-07 00:00:00,40752.04857142855
2010-08-09 00:00:00,33665.67428571427
2010-08-11 00:00:00,38984.32857142856
2010-08-13 00:00:00,41889.52428571427
2010-08-15 00:00:00,41618.55428571427
2010-08-17 00:00:00,37457.204285714266
2010-08-19 00:00:00,37763.849999999984
2010-08-21 00:00:00,38588.43285714285
2010-08-23 00:00:00,32918.55999999999
2010-08-25 00:00:00,28347.377142857134
2010-08-27 00:00:00,25723.221428571418
2010-08-29 00:00:00,23342.23857021427
2010-08-31 00:00:00,25955.104284128556
2010-09-02 00:00:00,27511.878569471413
2010-09-04 00:00:00,32055.99714212856
2010-09-06 00:00:00,53833.9914279857
2010-09-08 00:00:00,53321.81285644285
2010-09-10 00:00:00,49791.14571302856
2010-09-12 00:00:00,24190.218570442845
2010-09-14 00:00:00,38712.2563431257
2010-09-16 00:00:00,41662.19640030856
2010-09-18 00:00:00,53374.15925740855
2010-09-20 00:00:00,49659.05285714284
2010-09-22 00:00:00,50417.672800517124
2010-09-24 00:00:00,56928.861371945706
2010-09-26 00:00:00,46666.89857144284
2010-09-28 00:00:00,47068.88643331427
2010-09-30 00:00:00,49406.06214759999
2010-10-02 00:00:00,57610.37298863285
2010-10-04 00:00:00,178866.06909377855
2010-10-06 00:00:00,193205.46480824854
2010-10-08 00:00:00,226954.53111007283
2010-10-10 00:00:00,134977.7071430414
2010-10-12 00:00:00,119508.59142872712
2010-10-14 00:00:00,104733.95428586996
2010-10-16 00:00:00,115439.00857158426
2010-10-18 00:00:00,142543.19285729853
2010-10-20 00:00:00,179604.92857158426
2010-10-22 00:00:00,174594.46253817712
2010-10-24 00:00:00,141442.30968087853
2010-10-26 00:00:00,117982.95682373569
2010-10-28 00:00:00,124676.2757142857
2010-10-30 00:00:00,137828.7857142857
2010-11-01 00:00:00,105677.80428571429
2010-11-03 00:00:00,69195.18142857144
2010-11-05 00:00:00,67530.70586969715
2010-11-07 00:00:00,85023.74872684
2010-11-09 00:00:00,148739.81586969717
2010-11-11 00:00:00,134538.18285714288
2010-11-13 00:00:00,113210.06571428575
2010-11-15 00:00:00,60714.36714285717
2010-11-17 00:00:00,124552.18714285718
2010-11-19 00:00:00,128964.23158398288
2010-11-21 00:00:00,143300.8315839829
2010-11-23 00:00:00,74259.9415839829
2010-11-25 00:00:00,71618.25571428575
2010-11-27 00:00:00,46925.08428571433
2010-11-29 00:00:00,44759.03857142862
2010-12-01 00:00:00,48714.89857142861
2010-12-03 00:00:00,46418.07714285718
2010-12-05 00:00:00,52411.12171072861
2010-12-07 00:00:00,58333.080220688615
2010-12-09 00:00:00,57838.06214418147
2010-12-11 00:00:00,59840.41715158863
2010-12-13 00:00:00,62632.64687295862
2010-12-15 00:00:00,86011.86525382292
2010-12-17 00:00:00,92533.49255247005
2010-12-19 00:00:00,92724.45619586005
2010-12-21 00:00:00,76085.99927614434
2010-12-23 00:00:00,80171.5784620829
2010-12-25 00:00:00,77409.22443181576
2010-12-27 00:00:00,77751.98630849004
2010-12-29 00:00:00,79334.77076932434
2010-12-31 00:00:00,72659.0990065915
2011-01-02 00:00:00,66085.6138086315
2011-01-04 00:00:00,55575.802896387206
2011-01-06 00:00:00,50518.25212308006
2011-01-08 00:00:00,51484.71018745864
2011-01-10 00:00:00,49636.260708425776
2011-01-12 00:00:00,62948.98778571863
2011-01-14 00:00:00,72134.54567652865
2011-01-16 00:00:00,75876.33185935578
2011-01-18 00:00:00,72717.2204849115
2011-01-20 00:00:00,69599.28975531293
2011-01-22 00:00:00,68325.27498595722
2011-01-24 00:00:00,66182.69713149294
2011-01-26 00:00:00,61726.69616297436
2011-01-28 00:00:00,200424.03448568005
2011-01-30 00:00:00,229217.92713409718
2011-02-01 00:00:00,267653.3029185814
2011-02-03 00:00:00,142706.9473426957
2011-02-05 00:00:00,111871.20042926853
2011-02-07 00:00:00,88176.57404755568
2011-02-09 00:00:00,77048.03216500282
2011-02-11 00:00:00,129272.30317437138
2011-02-13 00:00:00,134883.93029085136
2011-02-15 00:00:00,147587.06672246134
2011-02-17 00:00:00,100751.41235288132
2011-02-19 00:00:00,103439.83204028704
2011-02-21 00:00:00,131965.54034437417
2011-02-23 00:00:00,212282.99243022563
2011-02-25 00:00:00,230107.76573838707
2011-02-27 00:00:00,222236.11417513705
2011-03-01 00:00:00,276649.3683159299
2011-03-03 00:00:00,605480.1940909885
2011-03-05 00:00:00,614430.3502492842
2011-03-07 00:00:00,516587.7208708698
2011-03-09 00:00:00,185177.05160712978
2011-03-11 00:00:00,211351.61382631547
2011-03-13 00:00:00,200728.57592902833
2011-03-15 00:00:00,191321.62510194976
2011-03-17 00:00:00,147014.9466664326
2011-03-19 00:00:00,140417.6326735369
2011-03-21 00:00:00,132695.45376242118
2011-03-23 00:00:00,147461.07088562974
2011-03-25 00:00:00,173041.95414600687
2011-03-27 00:00:00,214848.12087163402
2011-03-29 00:00:00,193806.36463681405
2011-03-31 00:00:00,162573.56526681263
2011-04-02 00:00:00,105225.3606342655
2011-04-04 00:00:00,98341.53834740979
2011-04-06 00:00:00,94101.25602736694
2011-04-08 00:00:00,104941.50416565551
2011-04-10 00:00:00,106918.99667717979
2011-04-12 00:00:00,103763.41922439694
2011-04-14 00:00:00,112876.40293337981
2011-04-16 00:00:00,138610.87116223553
2011-04-18 00:00:00,322249.4913926227
2011-04-20 00:00:00,1341191.7500766
2011-04-22 00:00:00,1365835.7924036644
2011-04-24 00:00:00,1193229.7059796741
2011-04-26 00:00:00,164617.48718905402
2011-04-28 00:00:00,141410.1777539926
2011-04-30 00:00:00,265883.88182937115
2011-05-02 00:00:00,278075.684894984
2011-05-04 00:00:00,284784.9284943611
2011-05-06 00:00:00,172209.04864023114
2011-05-08 00:00:00,215517.88905711684
2011-05-10 00:00:00,281338.8080457283
2011-05-12 00:00:00,283255.121338684
2011-05-14 00:00:00,500446.6687584082
2011-05-16 00:00:00,457994.96899914683
2011-05-18 00:00:00,470517.3730719725
2011-05-20 00:00:00,231566.13910300538
2011-05-22 00:00:00,366931.28216724686
2011-05-24 00:00:00,411102.768031174
2011-05-26 00:00:00,461921.68355168833
2011-05-28 00:00:00,352590.73943884834
2011-05-30 00:00:00,314200.09324703406
2011-06-01 00:00:00,273196.29009775404
2011-06-03 00:00:00,287395.41687239404
2011-06-05 00:00:00,355297.31178553833
2011-06-07 00:00:00,476657.81064386974
2011-06-09 00:00:00,554121.5315249568
2011-06-11 00:00:00,733413.8028650782
2011-06-13 00:00:00,987602.0709835467
2011-06-15 00:00:00,1290893.076527031
2011-06-17 00:00:00,2707811.50451598
2011-06-19 00:00:00,2635472.2167113684
2011-06-21 00:00:00,3024837.395681513
2011-06-23 00:00:00,1987777.885321506
2011-06-25 00:00:00,3251872.0830627205
2011-06-27 00:00:00,3695324.399176193
2011-06-29 00:00:00,4408600.794292059
2011-07-01 00:00:00,3181932.283245093
2011-07-03 00:00:00,2035709.7704205255
2011-07-05 00:00:00,883536.4962567727
2011-07-07 00:00:00,622610.6294440955
2011-07-09 00:00:00,645183.415705377
2011-07-11 00:00:00,998481.8422078899
2011-07-13 00:00:00,1111517.839328213
2011-07-15 00:00:00,1343941.611051946
2011-07-17 00:00:00,942626.5124804114
2011-07-19 00:00:00,1312014.9223259431
2011-07-21 00:00:00,1393370.2116610701
2011-07-23 00:00:00,1442325.2622797017
2011-07-25 00:00:00,1103509.5421645544
2011-07-27 00:00:00,887083.20911186
2011-07-29 00:00:00,1262687.3911658358
2011-07-31 00:00:00,1097237.55623604
2011-08-02 00:00:00,911211.8150269615
2011-08-04 00:00:00,381369.5201126272
2011-08-06 00:00:00,363918.8662080029
2011-08-08 00:00:00,395154.9986535544
2011-08-10 00:00:00,819561.6602491658
2011-08-12 00:00:00,848079.4786104774
2011-08-14 00:00:00,790948.5625512431
2011-08-16 00:00:00,354583.5715376617
2011-08-18 00:00:00,316343.450462126
2011-08-20 00:00:00,323714.1777345674
2011-08-22 00:00:00,301730.9506046331
2011-08-24 00:00:00,332974.4344082374
2011-08-26 00:00:00,313411.5826966146
2011-08-28 00:00:00,655804.3548733618
2011-08-30 00:00:00,583060.6326447575
2011-09-01 00:00:00,574531.6745710804
2011-09-03 00:00:00,225419.07437797173
2011-09-05 00:00:00,642619.7254131174
2011-09-07 00:00:00,1177256.5579110861
2011-09-09 00:00:00,1222062.5889308632
2011-09-11 00:00:00,925195.5141864717
2011-09-13 00:00:00,442129.79878842307
2011-09-15 00:00:00,411705.60023664444
2011-09-17 00:00:00,374655.593746743
2011-09-19 00:00:00,327179.43359816447
2011-09-21 00:00:00,351161.87104755593
2011-09-23 00:00:00,278939.702924483
2011-09-25 00:00:00,269480.7963953472
2011-09-27 00:00:00,264260.34866870433
2011-09-29 00:00:00,290329.4357304272
2011-10-01 00:00:00,292738.46971021866
2011-10-03 00:00:00,308086.9822371916
2011-10-05 00:00:00,320341.51851809444
2011-10-07 00:00:00,363593.84185540443
2011-10-09 00:00:00,336778.98899094725
2011-10-11 00:00:00,308940.95642302296
2011-10-13 00:00:00,273267.30977616727
2011-10-15 00:00:00,278405.8035651344
2011-10-17 00:00:00,286185.86993913294
2011-10-19 00:00:00,291218.6880246072
2011-10-21 00:00:00,304724.2285220572
2011-10-23 00:00:00,374414.59664915
2011-10-25 00:00:00,387301.8530741443
2011-10-27 00:00:00,416327.94745761144
2011-10-29 00:00:00,381919.5198975457
2011-10-31 00:00:00,335208.67637443
2011-11-02 00:00:00,350143.8503602086
2011-11-04 00:00:00,317660.29020965286
2011-11-06 00:00:00,341373.63108335424
2011-11-08 00:00:00,344805.37399161566
2011-11-10 00:00:00,470349.9397645756
2011-11-12 00:00:00,467862.7404109528
2011-11-14 00:00:00,394838.8586309571
2011-11-16 00:00:00,491989.74457413994
2011-11-18 00:00:00,1549531.75443861
2011-11-20 00:00:00,2331863.858641047
2011-11-22 00:00:00,2766914.7460883996
2011-11-24 00:00:00,2058541.515485154
2011-11-26 00:00:00,1596581.1979266957
2011-11-28 00:00:00,1663464.6428576044
2011-11-30 00:00:00,2498917.306830456
2011-12-02 00:00:00,3225898.03267531
2011-12-04 00:00:00,3457632.0147314947
2011-12-06 00:00:00,3540031.7320266794
2011-12-08 00:00:00,3886079.142543844
2011-12-10 00:00:00,3361392.150077953
2011-12-12 00:00:00,2251028.4893052815
2011-12-14 00:00:00,892275.0468178171
2011-12-16 00:00:00,487947.0010078143
2011-12-18 00:00:00,352065.11823675147
2011-12-20 00:00:00,368351.2337376871
2011-12-22 00:00:00,398499.97572050564
2011-12-24 00:00:00,374690.06667921424
2011-12-26 00:00:00,339855.22251275857
2011-12-28 00:00:00,368669.69946485007
2011-12-30 00:00:00,399647.4087787615
2012-01-01 00:00:00,384206.9924356558
2012-01-03 00:00:00,274369.51764308574
2012-01-05 00:00:00,306282.4419578786
2012-01-07 00:00:00,366670.32315300003
2012-01-09 00:00:00,400033.99713851576
2012-01-11 00:00:00,373557.30701023864
2012-01-13 00:00:00,335813.6733338286
2012-01-15 00:00:00,318073.28475340584
2012-01-17 00:00:00,314904.1847970601
2012-01-19 00:00:00,322938.8560614958
2012-01-21 00:00:00,330182.93450273864
2012-01-23 00:00:00,299783.6916272944
2012-01-25 00:00:00,289042.4608679587
2012-01-27 00:00:00,307925.9046087973
2012-01-29 00:00:00,309311.94861647295
2012-01-31 00:00:00,299023.64573392575
2012-02-02 00:00:00,300142.8858508972
2012-02-04 00:00:00,323434.03431034856
2012-02-06 00:00:00,323454.06331995147
2012-02-08 00:00:00,294638.3797961972
2012-02-10 00:00:00,267722.5499014201
2012-02-12 00:00:00,288965.4358378029
2012-02-14 00:00:00,427702.0541104157
2012-02-16 00:00:00,763859.9459468371
2012-02-18 00:00:00,905019.0144379828
2012-02-20 00:00:00,799486.99547091
2012-02-22 00:00:00,522376.89140895416
2012-02-24 00:00:00,465395.2523930213
2012-02-26 00:00:00,463036.24865281844
2012-02-28 00:00:00,428631.9858554942
2012-03-01 00:00:00,342565.38448746846
2012-03-03 00:00:00,385381.9222374157
2012-03-05 00:00:00,430987.66524242994
2012-03-07 00:00:00,426455.02357118996
2012-03-09 00:00:00,407157.34749209427
2012-03-11 00:00:00,381248.74418623856
2012-03-13 00:00:00,442350.9994567286
2012-03-15 00:00:00,451774.41648457566
2012-03-17 00:00:00,467862.0009158971
2012-03-19 00:00:00,406464.8535682114
2012-03-21 00:00:00,400680.36393950856
2012-03-23 00:00:00,482436.27036853577
2012-03-25 00:00:00,575908.5717168357
2012-03-27 00:00:00,573075.9604503971
2012-03-29 00:00:00,600220.6216839228
2012-03-31 00:00:00,690971.9190514429
2012-04-02 00:00:00,727499.0627940429
2012-04-04 00:00:00,691683.6033476071
2012-04-06 00:00:00,631374.0721336842
2012-04-08 00:00:00,632320.0032755284
2012-04-10 00:00:00,809154.805686137
2012-04-12 00:00:00,967653.9586237855
2012-04-14 00:00:00,1034753.8037590956
2012-04-16 00:00:00,1048726.0669309213
2012-04-18 00:00:00,988911.0590377942
2012-04-20 00:00:00,1188159.849933474
2012-04-22 00:00:00,1158215.0804514128
2012-04-24 00:00:00,1051718.0119937784
2012-04-26 00:00:00,998647.2460929072
2012-04-28 00:00:00,961605.2650433129
2012-04-30 00:00:00,1045520.8050118985
2012-05-02 00:00:00,946946.1933390541
2012-05-04 00:00:00,934010.9925498285
2012-05-06 00:00:00,915326.1582308086
2012-05-08 00:00:00,1416256.9991056756
2012-05-10 00:00:00,1636852.2721752613
2012-05-12 00:00:00,1948552.975606867
2012-05-14 00:00:00,1763139.04345309
2012-05-16 00:00:00,2208249.8671269612
2012-05-18 00:00:00,2400916.228322856
2012-05-20 00:00:00,2126489.0697055603
2012-05-22 00:00:00,2321013.9461652897
2012-05-24 00:00:00,2038318.680925095
2012-05-26 00:00:00,2646762.0457446817
2012-05-28 00:00:00,2104848.2721841345
2012-05-30 00:00:00,2311086.5430484293
2012-06-01 00:00:00,2510987.4569701655
2012-06-03 00:00:00,2436918.8571445993
2012-06-05 00:00:00,2981527.3466719077
2012-06-07 00:00:00,2820761.042689315
2012-06-09 00:00:00,3379751.576014834
2012-06-11 00:00:00,2932888.613858087
2012-06-13 00:00:00,2595386.1802368667
2012-06-15 00:00:00,2734903.929126255
2012-06-17 00:00:00,2706321.421512671
2012-06-19 00:00:00,2741345.719297947
2012-06-21 00:00:00,1889634.8257304141
2012-06-23 00:00:00,1797694.1540295784
2012-06-25 00:00:00,1687900.9051256885
2012-06-27 00:00:00,1714460.8827499144
2012-06-29 00:00:00,1935590.6675877047
2012-07-01 00:00:00,1781744.0332125206
2012-07-03 00:00:00,1679689.3568262449
2012-07-05 00:00:00,1363845.6291857432
2012-07-07 00:00:00,1800119.3340191634
2012-07-09 00:00:00,1817334.0611627023
2012-07-11 00:00:00,1734267.998486244
2012-07-13 00:00:00,1414047.8934586623
2012-07-15 00:00:00,1631911.8981245751
2012-07-17 00:00:00,1737566.1332571236
2012-07-19 00:00:00,1634222.0275676195
2012-07-21 00:00:00,1579265.4842155238
2012-07-23 00:00:00,1513302.8279749723
2012-07-25 00:00:00,1539574.8539601464
2012-07-27 00:00:00,1631663.8313675306
2012-07-29 00:00:00,1501848.7957162822
2012-07-31 00:00:00,1481560.718755038
2012-08-02 00:00:00,1545655.0460215353
2012-08-04 00:00:00,1521654.9863573094
2012-08-06 00:00:00,1639589.8094625894
2012-08-08 00:00:00,1490472.4812691568
2012-08-10 00:00:00,1483679.4595145897
2012-08-12 00:00:00,1432022.4965869682
2012-08-14 00:00:00,1402562.3520211794
2012-08-16 00:00:00,1510030.6519241522
2012-08-18 00:00:00,1769361.221028015
2012-08-20 00:00:00,3122488.817816419
2012-08-22 00:00:00,4420447.952926248
2012-08-24 00:00:00,5945215.235668409
2012-08-26 00:00:00,5918964.247373467
2012-08-28 00:00:00,5815470.852852781
2012-08-30 00:00:00,7286362.6840423215
2012-09-01 00:00:00,7995990.82755234
2012-09-03 00:00:00,7860190.573204655
2012-09-05 00:00:00,6241389.235702226
2012-09-07 00:00:00,8953638.052486142
2012-09-09 00:00:00,9692408.219339432
2012-09-11 00:00:00,12698654.511595061
2012-09-13 00:00:00,12097754.402980767
2012-09-15 00:00:00,13790604.829782473
2012-09-17 00:00:00,12209615.786006493
2012-09-19 00:00:00,13122420.395505458
2012-09-21 00:00:00,13123401.308370968
2012-09-23 00:00:00,15836233.535571162
2012-09-25 00:00:00,11869097.207325647
2012-09-27 00:00:00,8320225.726906516
2012-09-29 00:00:00,2572528.782324193
2012-10-01 00:00:00,1411699.216929563
2012-10-03 00:00:00,1478248.8312311915
2012-10-05 00:00:00,1443565.0925463128
2012-10-07 00:00:00,1556770.4876971783
2012-10-09 00:00:00,1523802.471533574
2012-10-11 00:00:00,1322195.4581010467
2012-10-13 00:00:00,1443623.2531137639
2012-10-15 00:00:00,1407610.540888244
2012-10-17 00:00:00,1865844.5736880198
2012-10-19 00:00:00,2140805.0189808025
2012-10-21 00:00:00,2417636.525449185
2012-10-23 00:00:00,2318763.152072798
2012-10-25 00:00:00,1928670.7104249583
2012-10-27 00:00:00,1574040.8335294568
2012-10-29 00:00:00,1228936.0626960825
2012-10-31 00:00:00,1770418.767754074
2012-11-02 00:00:00,1954196.7264760968
2012-11-04 00:00:00,2138215.6994119883
2012-11-06 00:00:00,1684072.7057251465
2012-11-08 00:00:00,1634723.4060997593
2012-11-10 00:00:00,1351253.4410436766
2012-11-12 00:00:00,843407.4506134822
2012-11-14 00:00:00,592694.5281923406
2012-11-16 00:00:00,1214611.5065766447
2012-11-18 00:00:00,1851285.704443702
2012-11-20 00:00:00,2035860.0565238893
2012-11-22 00:00:00,1529374.1273016892
2012-11-24 00:00:00,1105500.060555382
2012-11-26 00:00:00,952497.6685972235
2012-11-28 00:00:00,1079662.067545825
2012-11-30 00:00:00,1057956.5502554108
2012-12-02 00:00:00,953376.640406935
2012-12-04 00:00:00,1086586.600283225
2012-12-06 00:00:00,1624821.0544257278
2012-12-08 00:00:00,1957185.8114948163
2012-12-10 00:00:00,1710123.9856489322
2012-12-12 00:00:00,1539465.150616628
2012-12-14 00:00:00,2020125.3678303435
2012-12-16 00:00:00,2172995.942341324
2012-12-18 00:00:00,2092634.1506660555
2012-12-20 00:00:00,1416676.2003914241
2012-12-22 00:00:00,1368717.2683871298
2012-12-24 00:00:00,1033860.1035627683
2012-12-26 00:00:00,895163.6123444512
2012-12-28 00:00:00,717092.4123768341
2012-12-30 00:00:00,705701.064375627
2013-01-01 00:00:00,915347.4760876256
2013-01-03 00:00:00,1160213.9004768427
2013-01-05 00:00:00,1559188.110712667
2013-01-07 00:00:00,1510782.5985552557
2013-01-09 00:00:00,1561862.9963377786
2013-01-11 00:00:00,1303226.5698708715
2013-01-13 00:00:00,1245339.1008160813
2013-01-15 00:00:00,1077633.9668323186
2013-01-17 00:00:00,1283646.2712609172
2013-01-19 00:00:00,1480249.4076904187
2013-01-21 00:00:00,1412350.6322748358
2013-01-23 00:00:00,1314767.016564026
2013-01-25 00:00:00,1346321.2775179818
2013-01-27 00:00:00,1393073.2473312519
2013-01-29 00:00:00,1432400.6284600648
2013-01-31 00:00:00,1584570.293036382
2013-02-02 00:00:00,1670433.4972334548
2013-02-04 00:00:00,1581454.8597269263
2013-02-06 00:00:00,1485835.955114712
2013-02-08 00:00:00,1567529.8831147377
2013-02-10 00:00:00,1585935.9152218122
2013-02-12 00:00:00,1400159.1601481566
2013-02-14 00:00:00,1223873.5548511622
2013-02-16 00:00:00,1143575.0564835507
2013-02-18 00:00:00,1105196.2494764635
2013-02-20 00:00:00,1112599.2681495408
2013-02-22 00:00:00,1081049.405344991
2013-02-24 00:00:00,1161904.0099777596
2013-02-26 00:00:00,1285852.143541314
2013-02-28 00:00:00,1341354.3333849483
2013-03-02 00:00:00,1392496.0724265825
2013-03-04 00:00:00,1177860.1198750183
2013-03-06 00:00:00,1332834.9231829194
2013-03-08 00:00:00,1312635.138712858
2013-03-10 00:00:00,1337811.5154012153
2013-03-12 00:00:00,1096755.8047713027
2013-03-14 00:00:00,1056869.372048234
2013-03-16 00:00:00,1828970.4748080354
2013-03-18 00:00:00,1866046.0337715996
2013-03-20 00:00:00,2285254.567995178
2013-03-22 00:00:00,1715609.5410098669
2013-03-24 00:00:00,1708042.4074725795
2013-03-26 00:00:00,1279107.5328605152
2013-03-28 00:00:00,1475160.9103097124
2013-03-30 00:00:00,1580862.938163674
2013-04-01 00:00:00,1593736.2289048384
2013-04-03 00:00:00,1593752.7720557912
2013-04-05 00:00:00,1771592.3274335414
2013-04-07 00:00:00,1711266.701678154
2013-04-09 00:00:00,1475859.1789981113
2013-04-11 00:00:00,1570324.9307870723
2013-04-13 00:00:00,1718754.873927232
2013-04-15 00:00:00,1489300.7503201952
2013-04-17 00:00:00,1194463.4770379723
2013-04-19 00:00:00,1863665.920619337
2013-04-21 00:00:00,1921277.255511937
2013-04-23 00:00:00,1914258.510846168
2013-04-25 00:00:00,1290759.5003989865
2013-04-27 00:00:00,1295128.4925951962
2013-04-29 00:00:00,1067090.6943511318
2013-05-01 00:00:00,950359.3763370474
2013-05-03 00:00:00,939218.762544459
2013-05-05 00:00:00,889376.7354113733
2013-05-07 00:00:00,717694.5367368505
2013-05-09 00:00:00,640618.9503912077
2013-05-11 00:00:00,705595.1970810019
2013-05-13 00:00:00,675899.5927797178
2013-05-15 00:00:00,690612.1027308176
2013-05-17 00:00:00,667684.1979545176
2013-05-19 00:00:00,631376.6645569447
2013-05-21 00:00:00,565078.7906387491
2013-05-23 00:00:00,560823.3563661377
2013-05-25 00:00:00,595491.6463126434
2013-05-27 00:00:00,560676.1812462792
2013-05-29 00:00:00,579524.6706191878
2013-05-31 00:00:00,546731.2685629721
2013-06-02 00:00:00,552637.059910852
2013-06-04 00:00:00,525765.2303388134
2013-06-06 00:00:00,535491.4748444576
2013-06-08 00:00:00,565154.5409022991
2013-06-10 00:00:00,530726.9106020891
2013-06-12 00:00:00,492553.9694326835
2013-06-14 00:00:00,511164.63641533063
2013-06-16 00:00:00,487488.0844193292
2013-06-18 00:00:00,485838.52850111766
2013-06-20 00:00:00,490079.01150680345
2013-06-22 00:00:00,532070.3582085634
2013-06-24 00:00:00,492717.08099944046
2013-06-26 00:00:00,503056.80247027054
2013-06-28 00:00:00,491070.1242826348
2013-06-30 00:00:00,510958.5029842849
2013-07-02 00:00:00,537283.8897740449
2013-07-04 00:00:00,602043.5958375777
2013-07-06 00:00:00,714695.7956696533
2013-07-08 00:00:00,685124.487136182
2013-07-10 00:00:00,781494.7858316991
2013-07-12 00:00:00,821531.1202636592
2013-07-14 00:00:00,853145.5683969348
2013-07-16 00:00:00,739824.8702987747
2013-07-18 00:00:00,736789.5810515904
2013-07-20 00:00:00,717366.6384532861
2013-07-22 00:00:00,697291.5094373503
2013-07-24 00:00:00,669419.7533035517
2013-07-26 00:00:00,699083.9973579089
2013-07-28 00:00:00,647261.5522205889
2013-07-30 00:00:00,619853.4664375433
2013-08-01 00:00:00,689479.0811957276
2013-08-03 00:00:00,780431.5724077304
2013-08-05 00:00:00,725444.3017073204
2013-08-07 00:00:00,642587.7950425546
2013-08-09 00:00:00,611177.302358079
2013-08-11 00:00:00,561481.7530767147
2013-08-13 00:00:00,614732.4602141147
2013-08-15 00:00:00,743732.8501474662
2013-08-17 00:00:00,905618.4699974062
2013-08-19 00:00:00,904298.3081020562
2013-08-21 00:00:00,877637.1786469662
2013-08-23 00:00:00,825637.4568665049
2013-08-25 00:00:00,721228.3693005505
2013-08-27 00:00:00,634899.052802322
2013-08-29 00:00:00,890083.0489425592
2013-08-31 00:00:00,932042.9765784178
2013-09-02 00:00:00,971285.0198974779
2013-09-04 00:00:00,726234.477661168
2013-09-06 00:00:00,757033.8136448279
2013-09-08 00:00:00,651901.3296915981
2013-09-10 00:00:00,627566.5375964366
2013-09-12 00:00:00,595255.8794572437
2013-09-14 00:00:00,632948.003387748
2013-09-16 00:00:00,543980.4792153251
2013-09-18 00:00:00,542695.0927413908
2013-09-20 00:00:00,576661.0389490393
2013-09-22 00:00:00,574467.8465687779
2013-09-24 00:00:00,634164.905027035
2013-09-26 00:00:00,631466.0290821237
2013-09-28 00:00:00,678670.4997683378
2013-09-30 00:00:00,589040.0002224678
2013-10-02 00:00:00,671250.7132428178
2013-10-04 00:00:00,760789.0002915708
2013-10-06 00:00:00,719307.7389908407
2013-10-08 00:00:00,600440.423626865
2013-10-10 00:00:00,564609.6547792736
2013-10-12 00:00:00,653826.5743054207
2013-10-14 00:00:00,696391.2822577994
2013-10-16 00:00:00,719109.4149460108
2013-10-18 00:00:00,748607.6856899479
2013-10-20 00:00:00,771037.0530181221
2013-10-22 00:00:00,823583.6148491978
2013-10-24 00:00:00,876794.189460745
2013-10-26 00:00:00,1137900.4394714476
2013-10-28 00:00:00,981393.9427844804
2013-10-30 00:00:00,1012766.2193488732
2013-11-01 00:00:00,697920.6670756391
2013-11-03 00:00:00,713018.1718929633
2013-11-05 00:00:00,659719.6476471476
2013-11-07 00:00:00,750535.8332064634
2013-11-09 00:00:00,885468.0594777534
2013-11-11 00:00:00,811558.1914975105
2013-11-13 00:00:00,841069.4689125391
2013-11-15 00:00:00,1017367.6798651107
2013-11-17 00:00:00,1226065.4223537692
2013-11-19 00:00:00,1537080.2504352934
2013-11-21 00:00:00,1570031.4945406762
2013-11-23 00:00:00,1749056.2796923176
2013-11-25 00:00:00,1530175.6100525875
2013-11-27 00:00:00,2024557.993542026
2013-11-29 00:00:00,2325002.1670835908
2013-12-01 00:00:00,2396266.229731471
2013-12-03 00:00:00,1758879.2994927866
2013-12-05 00:00:00,1265622.9211582968
2013-12-07 00:00:00,1279525.4231693954
2013-12-09 00:00:00,1282154.0071218498
2013-12-11 00:00:00,1159480.8028251268
2013-12-13 00:00:00,923874.5890628496
2013-12-15 00:00:00,711545.6447605153
2013-12-17 00:00:00,927071.6190797724
2013-12-19 00:00:00,1145160.8056674167
2013-12-21 00:00:00,1285263.8980917525
2013-12-23 00:00:00,1006304.1398952954
2013-12-25 00:00:00,793147.7178173767
2013-12-27 00:00:00,646714.0679058039
2013-12-29 00:00:00,632795.0213428111
2013-12-31 00:00:00,575821.188047261
2014-01-02 00:00:00,575107.2246831467
2014-01-04 00:00:00,591474.6701173952
2014-01-06 00:00:00,631108.5210487711
2014-01-08 00:00:00,751216.8495102454
2014-01-10 00:00:00,699049.2696480812
2014-01-12 00:00:00,569474.9587847411
2014-01-14 00:00:00,454704.86681336537
2014-01-16 00:00:00,470313.66244408826
2014-01-18 00:00:00,470430.8046243883
2014-01-20 00:00:00,493126.1073309855
2014-01-22 00:00:00,463492.45357982686
2014-01-24 00:00:00,523664.9618844398
2014-01-26 00:00:00,462568.70328193554
2014-01-28 00:00:00,524398.462693927
2014-01-30 00:00:00,493493.89482242404
2014-02-01 00:00:00,496255.28142646543
2014-02-03 00:00:00,416474.27803548984
2014-02-05 00:00:00,459889.5375658942
2014-02-07 00:00:00,573967.4092496657
2014-02-09 00:00:00,597989.12265344
2014-02-11 00:00:00,607963.9325252571
2014-02-13 00:00:00,544377.4412417071
2014-02-15 00:00:00,630054.0003804528
2014-02-17 00:00:00,598582.75372087
2014-02-19 00:00:00,556607.3982974428
2014-02-21 00:00:00,464776.1354927714
2014-02-23 00:00:00,407498.45930000715
2014-02-25 00:00:00,529682.1865948143
2014-02-27 00:00:00,558219.7639573357
2014-03-01 00:00:00,644509.87752269
2014-03-03 00:00:00,600773.2836072914
2014-03-05 00:00:00,670350.4749371699
2014-03-07 00:00:00,902323.4743029472
2014-03-09 00:00:00,1026515.9581778656
2014-03-11 00:00:00,1167552.4360913886
2014-03-13 00:00:00,997435.0312216615
2014-03-15 00:00:00,828107.83992928
2014-03-17 00:00:00,570617.0042788815
2014-03-19 00:00:00,836325.0249971414
2014-03-21 00:00:00,864785.9241040029
2014-03-23 00:00:00,835072.8446011572
2014-03-25 00:00:00,484505.1398320359
2014-03-27 00:00:00,464812.1053593888
2014-03-29 00:00:00,542349.2550923717
2014-03-31 00:00:00,550689.1552284117
2014-04-02 00:00:00,573310.4201959331
2014-04-04 00:00:00,600554.167117766
2014-04-06 00:00:00,589457.4662871774
2014-04-08 00:00:00,523762.2634936917
2014-04-10 00:00:00,499597.80149489164
2014-04-12 00:00:00,510911.2676159329
2014-04-14 00:00:00,510562.7029568872
2014-04-16 00:00:00,535183.6505327914
2014-04-18 00:00:00,564310.7775316657
2014-04-20 00:00:00,568850.2678701157
2014-04-22 00:00:00,563558.0836747172
2014-04-24 00:00:00,534292.7550174644
2014-04-26 00:00:00,530347.2381903201
2014-04-28 00:00:00,428757.1596437058
2014-04-30 00:00:00,404827.6518346986
2014-05-02 00:00:00,406642.57078660146
2014-05-04 00:00:00,456948.56244529434
2014-05-06 00:00:00,474364.37394055433
2014-05-08 00:00:00,637101.74042303
2014-05-10 00:00:00,775689.5118401201
2014-05-12 00:00:00,744352.4496656659
2014-05-14 00:00:00,634785.1635646658
2014-05-16 00:00:00,559685.7211682644
2014-05-18 00:00:00,529994.4634462402
2014-05-20 00:00:00,589869.0293177816
2014-05-22 00:00:00,607750.8389696487
2014-05-24 00:00:00,809213.1872944557
2014-05-26 00:00:00,775456.4411963644
2014-05-28 00:00:00,795411.1227418515
2014-05-30 00:00:00,709956.7396617088
2014-06-01 00:00:00,679421.7129325487
2014-06-03 00:00:00,683411.3701625859
2014-06-05 00:00:00,727021.9383077645
2014-06-07 00:00:00,790503.0257664004
2014-06-09 00:00:00,691473.1262087919
2014-06-11 00:00:00,582086.3647157633
2014-06-13 00:00:00,596159.2704666547
2014-06-15 00:00:00,562355.5741354104
2014-06-17 00:00:00,565707.0886287674
2014-06-19 00:00:00,475473.47617215733
2014-06-21 00:00:00,503040.9336687759
2014-06-23 00:00:00,478732.1221604959
2014-06-25 00:00:00,518253.19987926877
2014-06-27 00:00:00,500492.68381705455
2014-06-29 00:00:00,458938.7425638275
2014-07-01 00:00:00,460208.111146356
2014-07-03 00:00:00,547522.8692827102
2014-07-05 00:00:00,562513.3663391203
2014-07-07 00:00:00,464085.639279016
2014-07-09 00:00:00,358769.3422927889
2014-07-11 00:00:00,375994.99826417177
2014-07-13 00:00:00,396096.4349741689
2014-07-15 00:00:00,422222.4505581574
2014-07-17 00:00:00,435437.4001997703
2014-07-19 00:00:00,427030.0661108346
2014-07-21 00:00:00,374761.0757919075
2014-07-23 00:00:00,343342.8642429318
2014-07-25 00:00:00,360680.5292609004
2014-07-27 00:00:00,348608.5324379904
2014-07-29 00:00:00,372135.55580806464
2014-07-31 00:00:00,346639.9806846475
2014-08-02 00:00:00,381346.09311350173
2014-08-04 00:00:00,360982.1012238746
2014-08-06 00:00:00,396051.998894536
2014-08-08 00:00:00,383397.2899043589
2014-08-10 00:00:00,371741.8923361689
2014-08-12 00:00:00,395961.9480857518
2014-08-14 00:00:00,491426.9758162117
2014-08-16 00:00:00,594947.7271608859
2014-08-18 00:00:00,625404.0652691389
2014-08-20 00:00:00,598616.0852704204
2014-08-22 00:00:00,953217.229399079
2014-08-24 00:00:00,907181.0035704161
2014-08-26 00:00:00,1115168.2916435846
2014-08-28 00:00:00,862940.026287779
2014-08-30 00:00:00,865976.4565186247
2014-09-01 00:00:00,658377.3896520332
2014-09-03 00:00:00,498889.09422848886
2014-09-05 00:00:00,458645.01411154884
2014-09-07 00:00:00,384147.2204913874
2014-09-09 00:00:00,372783.89754201454
2014-09-11 00:00:00,384611.1025263859
2014-09-13 00:00:00,399023.7687881145
2014-09-15 00:00:00,368778.0154477559
2014-09-17 00:00:00,358417.92717329593
2014-09-19 00:00:00,441480.9638648488
2014-09-21 00:00:00,555745.1592447073
2014-09-23 00:00:00,605162.0909882116
2014-09-25 00:00:00,640722.7227115673
2014-09-27 00:00:00,574007.4136320016
2014-09-29 00:00:00,554241.7388163003
2014-10-01 00:00:00,514186.24456340604
2014-10-03 00:00:00,534547.6119573903
2014-10-05 00:00:00,595444.3178262645
2014-10-07 00:00:00,700466.0253323446
2014-10-09 00:00:00,785066.7885665618
2014-10-11 00:00:00,797428.8899837232
2014-10-13 00:00:00,672858.2012055804
2014-10-15 00:00:00,704286.3574594475
2014-10-17 00:00:00,757931.4654641132
2014-10-19 00:00:00,738971.601417546
2014-10-21 00:00:00,638090.301760626
2014-10-23 00:00:00,626185.6145073732
2014-10-25 00:00:00,712452.0245877289
2014-10-27 00:00:00,789604.7973044061
2014-10-29 00:00:00,747253.5720061332
2014-10-31 00:00:00,780068.3020275745
2014-11-02 00:00:00,704287.2472595344
2014-11-04 00:00:00,754208.2984464471
2014-11-06 00:00:00,750488.7134495914
2014-11-08 00:00:00,765191.06532986
2014-11-10 00:00:00,687155.133454497
2014-11-12 00:00:00,656206.9064219198
2014-11-14 00:00:00,835668.9504106328
2014-11-16 00:00:00,849322.3804411829
2014-11-18 00:00:00,867919.1288769844
2014-11-20 00:00:00,758871.471272573
2014-11-22 00:00:00,851733.5315153458
2014-11-24 00:00:00,780391.72252048
2014-11-26 00:00:00,793812.51807134
2014-11-28 00:00:00,804897.5221538644
2014-11-30 00:00:00,906203.1390142745
2014-12-02 00:00:00,987617.8520258773
2014-12-04 00:00:00,983375.742777896
2014-12-06 00:00:00,974605.3135100831
2014-12-08 00:00:00,910522.9236806633
2014-12-10 00:00:00,980859.618782559
2014-12-12 00:00:00,925446.2939016003
2014-12-14 00:00:00,831401.4761781017
2014-12-16 00:00:00,705774.5418118159
2014-12-18 00:00:00,810837.037314053
2014-12-20 00:00:00,825092.1207996402
2014-12-22 00:00:00,836822.9530794088
2014-12-24 00:00:00,810337.6002922704
2014-12-26 00:00:00,795803.8303325546
2014-12-28 00:00:00,724624.5021956132
2014-12-30 00:00:00,679832.3562312289
2015-01-01 00:00:00,671465.0772659832
2015-01-03 00:00:00,680076.0882463331
2015-01-05 00:00:00,746678.5070234903
2015-01-07 00:00:00,878243.3594537459
2015-01-09 00:00:00,1024251.7933341617
2015-01-11 00:00:00,1048887.856667106
2015-01-13 00:00:00,1083911.3381311516
2015-01-15 00:00:00,1443316.7295754089
2015-01-17 00:00:00,1560302.7077834117
2015-01-19 00:00:00,1460923.9404109775
2015-01-21 00:00:00,1127247.501644606
2015-01-23 00:00:00,1006664.7495326975
2015-01-25 00:00:00,1037025.4007539374
2015-01-27 00:00:00,1115858.2705959976
2015-01-29 00:00:00,1039328.6425885174
2015-01-31 00:00:00,973426.1273515632
2015-02-02 00:00:00,764235.6168556047
2015-02-04 00:00:00,840658.8414077832
2015-02-06 00:00:00,924715.161337919
2015-02-08 00:00:00,864606.6914659189
2015-02-10 00:00:00,751685.9428541803
2015-02-12 00:00:00,665860.4382003503
2015-02-14 00:00:00,725002.2765843916
2015-02-16 00:00:00,701514.4704404731
2015-02-18 00:00:00,686516.744599776
2015-02-20 00:00:00,639959.9399510018
2015-02-22 00:00:00,608150.2006202361
2015-02-24 00:00:00,603332.406505829
2015-02-26 00:00:00,624775.2984785418
2015-02-28 00:00:00,816250.5976871803
2015-03-02 00:00:00,1019587.625609493
2015-03-04 00:00:00,1099490.7415901802
2015-03-06 00:00:00,1008023.2504447702
2015-03-08 00:00:00,1083388.9225845588
2015-03-10 00:00:00,1075091.6315160447
2015-03-12 00:00:00,1092656.6773661417
2015-03-14 00:00:00,847134.8381684733
2015-03-16 00:00:00,752065.982078199
2015-03-18 00:00:00,769636.0828139305
2015-03-20 00:00:00,824207.3830485435
2015-03-22 00:00:00,789799.1174417378
2015-03-24 00:00:00,729852.4964631137
2015-03-26 00:00:00,709142.7719368594
2015-03-28 00:00:00,796110.163654465
2015-03-30 00:00:00,735890.2975540706
2015-04-01 00:00:00,711132.753398182
2015-04-03 00:00:00,689558.0147126991
2015-04-05 00:00:00,639142.7186922134
2015-04-07 00:00:00,583529.6362605534
2015-04-09 00:00:00,606347.2142869062
2015-04-11 00:00:00,708507.8762924904
2015-04-13 00:00:00,679687.5092181661
2015-04-15 00:00:00,694090.0374244575
2015-04-17 00:00:00,771117.0166430831
2015-04-19 00:00:00,836567.145203106
2015-04-21 00:00:00,920967.9232364874
2015-04-23 00:00:00,961314.6049879319
2015-04-25 00:00:00,1054056.1814128691
2015-04-27 00:00:00,1038724.0764437461
2015-04-29 00:00:00,1045766.0318561173
2015-05-01 00:00:00,1055839.1919985616
2015-05-03 00:00:00,967215.6338727616
2015-05-05 00:00:00,926777.102309073
2015-05-07 00:00:00,941191.554378563
2015-05-09 00:00:00,981879.8753434459
2015-05-11 00:00:00,948884.8396712318
2015-05-13 00:00:00,905969.0956941417
2015-05-15 00:00:00,909351.0944428402
2015-05-17 00:00:00,817996.6506997687
2015-05-19 00:00:00,780526.5774304273
2015-05-21 00:00:00,792938.751924413
2015-05-23 00:00:00,918555.09844947
2015-05-25 00:00:00,863971.0738926928
2015-05-27 00:00:00,865449.5254971858
2015-05-29 00:00:00,846053.1148677645
2015-05-31 00:00:00,863486.0714483546
2015-06-02 00:00:00,982320.0798337575
2015-06-04 00:00:00,1043459.2928052831
2015-06-06 00:00:00,1160545.8572041402
2015-06-08 00:00:00,1028441.8775940542
2015-06-10 00:00:00,1020720.2229385858
2015-06-12 00:00:00,1047454.5028965473
2015-06-14 00:00:00,1099848.713195886
2015-06-16 00:00:00,1194997.3597496375
2015-06-18 00:00:00,1294696.4983623677
2015-06-20 00:00:00,1393284.881251412
2015-06-22 00:00:00,1216952.5374278433
2015-06-24 00:00:00,1070926.1071611175
2015-06-26 00:00:00,975513.5037799018
2015-06-28 00:00:00,1001945.9381614802
2015-06-30 00:00:00,1070696.665391443
2015-07-02 00:00:00,1093919.9292782245
2015-07-04 00:00:00,1123637.462103479
2015-07-06 00:00:00,1065076.1224006047
2015-07-08 00:00:00,1065851.9608491275
2015-07-10 00:00:00,1166660.074400049
2015-07-12 00:00:00,1192764.656426039
2015-07-14 00:00:00,1191999.7926237176
2015-07-16 00:00:00,1143858.4419315904
2015-07-18 00:00:00,1076766.8665145603
2015-07-20 00:00:00,945706.1375306745
2015-07-22 00:00:00,857912.6516679171
2015-07-24 00:00:00,890729.9370459871
2015-07-26 00:00:00,856248.3222297514
2015-07-28 00:00:00,865446.4279172358
2015-07-30 00:00:00,826799.3845701272
2015-08-01 00:00:00,893516.641197453
2015-08-03 00:00:00,812041.9549690716
2015-08-05 00:00:00,850113.0959836316
2015-08-07 00:00:00,908082.8864785015
2015-08-09 00:00:00,1016239.6409027474
2015-08-11 00:00:00,1041152.7626475717
2015-08-13 00:00:00,1099868.1639759373
2015-08-15 00:00:00,1121560.9488124514
2015-08-17 00:00:00,1119075.2916838014
2015-08-19 00:00:00,1228441.3682262173
2015-08-21 00:00:00,1309925.4922244088
2015-08-23 00:00:00,1285157.0981127429
2015-08-25 00:00:00,1347929.54651076
2015-08-27 00:00:00,1369487.0151025485
2015-08-29 00:00:00,1425124.463174183
2015-08-31 00:00:00,1127414.8006396529
2015-09-02 00:00:00,1094671.0090640543
2015-09-04 00:00:00,1030690.3681192658
2015-09-06 00:00:00,1055642.6215998984
2015-09-08 00:00:00,939770.802165847
2015-09-10 00:00:00,1011957.973366264
2015-09-12 00:00:00,1026183.8563639856
2015-09-14 00:00:00,1001429.2654865857
2015-09-16 00:00:00,990017.7456774085
2015-09-18 00:00:00,1049370.7049133498
2015-09-20 00:00:00,1068288.94534532
2015-09-22 00:00:00,1106808.2748994115
2015-09-24 00:00:00,1097223.3128361432
2015-09-26 00:00:00,1149231.408460636
2015-09-28 00:00:00,1021944.8461686703
2015-09-30 00:00:00,1122732.0540718301
2015-10-02 00:00:00,1223894.339731753
2015-10-04 00:00:00,1219184.8189360588
2015-10-06 00:00:00,1191146.8648591302
2015-10-08 00:00:00,1221720.1344569817
2015-10-10 00:00:00,1298453.6599324187
2015-10-12 00:00:00,1205071.0648863418
2015-10-14 00:00:00,1171568.0259038175
2015-10-16 00:00:00,1343100.0693994449
2015-10-18 00:00:00,1409322.6085225632
2015-10-20 00:00:00,1370186.9541887976
2015-10-22 00:00:00,1262511.0094849635
2015-10-24 00:00:00,1273225.0258164534
2015-10-26 00:00:00,1266950.217969619
2015-10-28 00:00:00,1369369.7117773588
2015-10-30 00:00:00,1651933.6706176905
2015-11-01 00:00:00,1765729.251683229
2015-11-03 00:00:00,1971380.6421246922
2015-11-05 00:00:00,3503323.649684148
2015-11-07 00:00:00,3712777.603673435
2015-11-09 00:00:00,3680296.0519768707
2015-11-11 00:00:00,2374395.2249943847
2015-11-13 00:00:00,2469363.9819207676
2015-11-15 00:00:00,2520565.308352355
2015-11-17 00:00:00,2228274.1223598993
2015-11-19 00:00:00,1971512.7032572199
2015-11-21 00:00:00,1756353.2462098957
2015-11-23 00:00:00,1468911.8046495828
2015-11-25 00:00:00,1360072.882732463
2015-11-27 00:00:00,1428496.9935400672
2015-11-29 00:00:00,1564591.5070538272
2015-12-01 00:00:00,1802074.4074764885
2015-12-03 00:00:00,1874840.4179061572
2015-12-05 00:00:00,2467249.90335445
2015-12-07 00:00:00,3010195.3528766357
2015-12-09 00:00:00,3297097.9996496043
2015-12-11 00:00:00,3227422.698574769
2015-12-13 00:00:00,3218236.150916902
2015-12-15 00:00:00,3547456.457603672
2015-12-17 00:00:00,3789426.673392719
2015-12-19 00:00:00,3693603.9884549007
2015-12-21 00:00:00,3683567.4577237517
2015-12-23 00:00:00,3776442.128204683
2015-12-25 00:00:00,3883910.342504182
2015-12-27 00:00:00,3182836.367351235
2015-12-29 00:00:00,2429937.5651701973
2015-12-31 00:00:00,1710624.6128278985
2016-01-02 00:00:00,1396709.4069207497
2016-01-04 00:00:00,1088093.3495290438
2016-01-06 00:00:00,941108.8063447224
2016-01-08 00:00:00,1061179.6633822268
2016-01-10 00:00:00,1082225.2895507312
2016-01-12 00:00:00,1125947.8053130726
2016-01-14 00:00:00,1095637.985270464
2016-01-16 00:00:00,1263882.1890456486
2016-01-18 00:00:00,3107377.9912340995
2016-01-20 00:00:00,4975685.375696276
2016-01-22 00:00:00,6022933.91043007
2016-01-24 00:00:00,13996164.897003813
2016-01-26 00:00:00,19403164.20297309
2016-01-28 00:00:00,21158969.316695284
2016-01-30 00:00:00,12460266.246937087
2016-02-01 00:00:00,5726798.809856486
2016-02-03 00:00:00,3305629.5034872573
2016-02-05 00:00:00,2594176.523569113
2016-02-07 00:00:00,2572779.0829431955
2016-02-09 00:00:00,2434062.8019472654
2016-02-11 00:00:00,2350192.047343891
2016-02-13 00:00:00,2217492.029199641
2016-02-15 00:00:00,2435411.9183536484
2016-02-17 00:00:00,2820516.647930698
2016-02-19 00:00:00,3197565.4282135223
2016-02-21 00:00:00,3577060.5366267967
2016-02-23 00:00:00,3631005.80150777
2016-02-25 00:00:00,3470800.8034688886
2016-02-27 00:00:00,3013041.600474796
2016-02-29 00:00:00,4254675.255250145
2016-03-02 00:00:00,5822047.614034558
2016-03-04 00:00:00,6478029.8475029925
2016-03-06 00:00:00,7221610.714259556
2016-03-08 00:00:00,5417421.818303477
2016-03-10 00:00:00,4558534.834163587
2016-03-12 00:00:00,2003622.718721555
2016-03-14 00:00:00,1802548.4911747065
2016-03-16 00:00:00,3225009.4960716907
2016-03-18 00:00:00,4404966.0177045325
2016-03-20 00:00:00,4839625.1017423915
2016-03-22 00:00:00,3376295.854976277
2016-03-24 00:00:00,2192962.1181231104
2016-03-26 00:00:00,1767001.334366533
2016-03-28 00:00:00,1684743.397038646
2016-03-30 00:00:00,1668755.792009512
2016-04-01 00:00:00,1726584.5959824892
2016-04-03 00:00:00,1704243.4019164862
2016-04-05 00:00:00,1719817.1228007702
2016-04-07 00:00:00,1848756.3231964132
2016-04-09 00:00:00,2080579.3427026318
2016-04-11 00:00:00,2090285.0409041066
2016-04-13 00:00:00,2303921.5329017225
2016-04-15 00:00:00,2537191.2054436766
2016-04-17 00:00:00,2757015.674229244
2016-04-19 00:00:00,2853289.519093729
2016-04-21 00:00:00,3193387.682278198
2016-04-23 00:00:00,3593065.9749215352
2016-04-25 00:00:00,3253001.3751880224
2016-04-27 00:00:00,2702232.6149047483
2016-04-29 00:00:00,2202424.3324304023
2016-05-01 00:00:00,2036141.5560013754
2016-05-03 00:00:00,1960335.8221700198
2016-05-05 00:00:00,1848888.3886990836
2016-05-07 00:00:00,1911126.7903445952
2016-05-09 00:00:00,1759906.2013336597
2016-05-11 00:00:00,1800440.702585687
2016-05-13 00:00:00,1894476.4927456945
2016-05-15 00:00:00,1935525.9456722056
2016-05-17 00:00:00,2031307.7156661344
2016-05-19 00:00:00,2020090.3412872185
2016-05-21 00:00:00,1985762.6229213881
2016-05-23 00:00:00,1736642.4240539807
2016-05-25 00:00:00,1888226.983908275
2016-05-27 00:00:00,2458991.9472196107
2016-05-29 00:00:00,2852944.3874966237
2016-05-31 00:00:00,2703528.0835120236
2016-06-02 00:00:00,2272983.8391620577
2016-06-04 00:00:00,1848155.4122450263
2016-06-06 00:00:00,1703861.389033725
2016-06-08 00:00:00,1651159.9220324063
2016-06-10 00:00:00,1788936.2705375592
2016-06-12 00:00:00,1921267.9328361675
2016-06-14 00:00:00,2034717.6647688446
2016-06-16 00:00:00,2138000.90320664
2016-06-18 00:00:00,2194270.027355493
2016-06-20 00:00:00,2128445.2766328403
2016-06-22 00:00:00,2191560.7579199285
2016-06-24 00:00:00,2311412.62919406
2016-06-26 00:00:00,2216559.27530301
2016-06-28 00:00:00,1998834.1720775329
2016-06-30 00:00:00,1729472.7475963815
2016-07-02 00:00:00,1762046.201050373
2016-07-04 00:00:00,1804748.9988566628
2016-07-06 00:00:00,1807741.7008716941
2016-07-08 00:00:00,1938618.4001070817
2016-07-10 00:00:00,1806840.9462017538
2016-07-12 00:00:00,1870298.859206964
2016-07-14 00:00:00,1765065.9985805254
2016-07-16 00:00:00,2036654.1454682755
2016-07-18 00:00:00,2006881.573767108
2016-07-20 00:00:00,2091660.1461607968
2016-07-22 00:00:00,1993568.2091842466
2016-07-24 00:00:00,1903566.2111735395
2016-07-26 00:00:00,1795743.3325580107
2016-07-28 00:00:00,1849207.7280972712
2016-07-30 00:00:00,1894671.50845798
2016-08-01 00:00:00,1800970.4129066472
2016-08-03 00:00:00,1951207.4567357786
2016-08-05 00:00:00,2133754.7881971584
2016-08-07 00:00:00,2106865.6353341257
2016-08-09 00:00:00,1844323.176322611
2016-08-11 00:00:00,1720518.2182697183
2016-08-13 00:00:00,1808324.3013368957
2016-08-15 00:00:00,1748086.30155762
2016-08-17 00:00:00,1796316.8814624697
2016-08-19 00:00:00,1895320.718167774
2016-08-21 00:00:00,1845998.7279750237
2016-08-23 00:00:00,1748150.5469278826
2016-08-25 00:00:00,1685163.8769928669
2016-08-27 00:00:00,1700515.7644919567
2016-08-29 00:00:00,1548252.6289315897
2016-08-31 00:00:00,1455327.518990745
2016-09-02 00:00:00,1430473.8984232924
2016-09-04 00:00:00,1352276.0993341538
2016-09-06 00:00:00,1309578.4979136453
2016-09-08 00:00:00,1287757.727557944
2016-09-10 00:00:00,1397875.138247371
2016-09-12 00:00:00,1378489.931004811
2016-09-14 00:00:00,1472780.8829289011
2016-09-16 00:00:00,1505053.4413398155
2016-09-18 00:00:00,1494067.4123996412
2016-09-20 00:00:00,1563808.6548613352
2016-09-22 00:00:00,1667863.1085224121
2016-09-24 00:00:00,1836902.0024235935
2016-09-26 00:00:00,1802694.4315181342
2016-09-28 00:00:00,1820808.7894229456
2016-09-30 00:00:00,1823368.1899299684
2016-10-02 00:00:00,1654386.11964772
2016-10-04 00:00:00,1595883.4360153598
2016-10-06 00:00:00,1637512.5748604056
2016-10-08 00:00:00,1894137.6203870885
2016-10-10 00:00:00,2092405.0195106668
2016-10-12 00:00:00,2232928.178219657
2016-10-14 00:00:00,2141024.688275883
2016-10-16 00:00:00,2222438.9021371775
2016-10-18 00:00:00,2053574.502231042
2016-10-20 00:00:00,2098266.6842729785
2016-10-22 00:00:00,1906070.556854467
2016-10-24 00:00:00,2080164.718834844
2016-10-26 00:00:00,2207790.1136638713
2016-10-28 00:00:00,2283950.910217437
2016-10-30 00:00:00,1888727.8988796216
2016-11-01 00:00:00,1651135.0801014202
2016-11-03 00:00:00,2586030.26402804
2016-11-05 00:00:00,3859760.2923302343
2016-11-07 00:00:00,4756840.242273118
2016-11-09 00:00:00,3984149.197652434
2016-11-11 00:00:00,2754310.2978358115
2016-11-13 00:00:00,1632760.3624465
2016-11-15 00:00:00,1220536.1165811026
2016-11-17 00:00:00,1278846.5748632827
2016-11-19 00:00:00,1370839.478442753
2016-11-21 00:00:00,1290345.7430685102
2016-11-23 00:00:00,1271999.0848617116
2016-11-25 00:00:00,1363568.4962854015
2016-11-27 00:00:00,1280867.3654154271
2016-11-29 00:00:00,1210407.5680581015
2016-12-01 00:00:00,1140929.178984013
2016-12-03 00:00:00,1264172.5355958557
2016-12-05 00:00:00,1220675.464587327
2016-12-07 00:00:00,1266854.2783718342
2016-12-09 00:00:00,1256008.62237076
2016-12-11 00:00:00,1198511.8452617626
2016-12-13 00:00:00,1206466.1383925483
2016-12-15 00:00:00,1313861.3778933897
2016-12-17 00:00:00,1452722.542265471
2016-12-19 00:00:00,1453337.8935009283
2016-12-21 00:00:00,1608725.8328655483
2016-12-23 00:00:00,1878135.9785435372
2016-12-25 00:00:00,1787938.6732772856
2016-12-27 00:00:00,1639983.1152051273
2016-12-29 00:00:00,1461775.357473386
2016-12-31 00:00:00,1598224.8341814517
2017-01-02 00:00:00,1445386.6241800962
2017-01-04 00:00:00,1532378.9404435435
2017-01-06 00:00:00,1891224.9216229508
2017-01-08 00:00:00,2056514.7331365696
2017-01-10 00:00:00,2056547.1433518492
2017-01-12 00:00:00,2266655.3634015964
2017-01-14 00:00:00,2273070.590426255
2017-01-16 00:00:00,2181407.9469065354
2017-01-18 00:00:00,1707241.2729666827
2017-01-20 00:00:00,1893697.667824493
2017-01-22 00:00:00,1730286.8197701918
2017-01-24 00:00:00,1621123.7927666833
2017-01-26 00:00:00,1461005.621470616
2017-01-28 00:00:00,1515352.5167447277
2017-01-30 00:00:00,1425094.0283689394
2017-02-01 00:00:00,1396413.351566068
2017-02-03 00:00:00,1573607.6222631691
2017-02-05 00:00:00,1726668.3954846791
2017-02-07 00:00:00,1704895.3300935277
2017-02-09 00:00:00,1828733.4232341452
2017-02-11 00:00:00,1867470.236600074
2017-02-13 00:00:00,1700223.8455764884
2017-02-15 00:00:00,1488605.656770704
2017-02-17 00:00:00,1674554.9701499639
2017-02-19 00:00:00,1692346.1550649665
2017-02-21 00:00:00,1640904.5361396682
2017-02-23 00:00:00,1698701.1936411727
2017-02-25 00:00:00,1772773.9376077943
2017-02-27 00:00:00,1729044.93651617
2017-03-01 00:00:00,1521230.9751063297
2017-03-03 00:00:00,2108337.126085051
2017-03-05 00:00:00,2139906.007444715
2017-03-07 00:00:00,2078003.592608848
2017-03-09 00:00:00,2209704.8222306906
2017-03-11 00:00:00,2377225.192621828
2017-03-13 00:00:00,2273843.96192191
2017-03-15 00:00:00,1810355.76732562
2017-03-17 00:00:00,2101164.186936684
2017-03-19 00:00:00,2910763.389888861
2017-03-21 00:00:00,3556426.207940307
2017-03-23 00:00:00,3742140.779869209
2017-03-25 00:00:00,3495997.0707382686
2017-03-27 00:00:00,2726325.9100970495
2017-03-29 00:00:00,2212860.786324551
2017-03-31 00:00:00,1998978.067052205
2017-04-02 00:00:00,2395565.1934124413
2017-04-04 00:00:00,2752063.8446751744
2017-04-06 00:00:00,2552406.321255192
2017-04-08 00:00:00,3816040.969131875
2017-04-10 00:00:00,3381937.8695973773
2017-04-12 00:00:00,3346513.87598704
2017-04-14 00:00:00,1721948.068639761
2017-04-16 00:00:00,1710075.6166360897
2017-04-18 00:00:00,1826526.7538127284
2017-04-20 00:00:00,1835020.6396892942
2017-04-22 00:00:00,1916055.8993423153
2017-04-24 00:00:00,1717558.1685577095
2017-04-26 00:00:00,1897235.373860605
2017-04-28 00:00:00,2040964.817003321
2017-04-30 00:00:00,2091488.273994321
2017-05-02 00:00:00,2000646.1507983555
2017-05-04 00:00:00,2061590.8540799255
2017-05-06 00:00:00,2305043.3197380486
2017-05-08 00:00:00,2455020.913054361
2017-05-10 00:00:00,2672064.676259315
2017-05-12 00:00:00,2749238.598711196
2017-05-14 00:00:00,2672848.845380909
2017-05-16 00:00:00,2510783.7404855406
2017-05-18 00:00:00,2673628.6306557707
2017-05-20 00:00:00,2701347.819442011
2017-05-22 00:00:00,2663318.0956819947
2017-05-24 00:00:00,2726808.8569923136
2017-05-26 00:00:00,2810476.365030681
2017-05-28 00:00:00,2782947.9055837053
2017-05-30 00:00:00,2590150.5773927164
2017-06-01 00:00:00,2640479.426776902
2017-06-03 00:00:00,2743164.2268809373
2017-06-05 00:00:00,2799484.902931282
2017-06-07 00:00:00,2583579.646572042
2017-06-09 00:00:00,2416364.314339116
2017-06-11 00:00:00,2131342.7423662837
2017-06-13 00:00:00,2281325.7364358664
2017-06-15 00:00:00,2472909.913889648
2017-06-17 00:00:00,2620933.802404193
2017-06-19 00:00:00,2493608.081810048
2017-06-21 00:00:00,2537996.2349801636
2017-06-23 00:00:00,2521152.932451175
2017-06-25 00:00:00,2347941.113604876
2017-06-27 00:00:00,2334456.9692700356
2017-06-29 00:00:00,2383269.0183449504
2017-07-01 00:00:00,2621678.179593605
2017-07-03 00:00:00,2347683.772837492
2017-07-05 00:00:00,2174787.9522759505
2017-07-07 00:00:00,2014519.5661178553
2017-07-09 00:00:00,2076757.9719581767
2017-07-11 00:00:00,2271800.6803360223
2017-07-13 00:00:00,2340108.6807414964
2017-07-15 00:00:00,2267685.538566045
2017-07-17 00:00:00,2057353.3675238895
2017-07-19 00:00:00,2059551.5281627737
2017-07-21 00:00:00,2080567.511679248
2017-07-23 00:00:00,1894868.600509065
2017-07-25 00:00:00,2547238.6172528793
2017-07-27 00:00:00,2758481.3981524664
2017-07-29 00:00:00,3464910.282183368
2017-07-31 00:00:00,3762610.625307942
2017-08-02 00:00:00,3658045.148598048
2017-08-04 00:00:00,3104406.4511297652
2017-08-06 00:00:00,1947953.2998647834
2017-08-08 00:00:00,1891623.7601459534
2017-08-10 00:00:00,2005234.5178575215
2017-08-12 00:00:00,2280387.018684169
2017-08-14 00:00:00,2281207.943197626
2017-08-16 00:00:00,2334904.1048655147
2017-08-18 00:00:00,2308566.790449263
2017-08-20 00:00:00,2175778.572515941
2017-08-22 00:00:00,1991081.5103181126
2017-08-24 00:00:00,1784273.8685833716
2017-08-26 00:00:00,1596588.379733406
2017-08-28 00:00:00,1405787.8616264816
2017-08-30 00:00:00,1346428.8686316602
2017-09-01 00:00:00,1456349.760776353
2017-09-03 00:00:00,1456299.8297572946
2017-09-05 00:00:00,2215858.4465047815
2017-09-07 00:00:00,2381824.5096703954
2017-09-09 00:00:00,2526512.138985257
2017-09-11 00:00:00,1869558.1549100187
2017-09-13 00:00:00,1942214.6835351468
2017-09-15 00:00:00,2330312.551549687
2017-09-17 00:00:00,2282354.8694920754
2017-09-19 00:00:00,2138795.8916230705
2017-09-21 00:00:00,1729875.4464559448
2017-09-23 00:00:00,1617064.2375928375
2017-09-25 00:00:00,1453881.379289222
2017-09-27 00:00:00,1509606.681722389
2017-09-29 00:00:00,1662991.0442926604
2017-10-01 00:00:00,1660860.7990702589
2017-10-03 00:00:00,1573577.27929145
2017-10-05 00:00:00,1412415.6534520087
2017-10-07 00:00:00,1317915.9956827217
2017-10-09 00:00:00,1344519.4074297834
2017-10-11 00:00:00,1429566.7448905534
2017-10-13 00:00:00,1645607.5419746977
2017-10-15 00:00:00,1503525.5913137863
2017-10-17 00:00:00,1649331.8300905519
2017-10-19 00:00:00,1665735.6842644678
2017-10-21 00:00:00,1758132.6644375478
2017-10-23 00:00:00,1721367.7117361878
2017-10-25 00:00:00,1793537.734458855
2017-10-27 00:00:00,1830403.5718275448
2017-10-29 00:00:00,1628065.4125517919
2017-10-31 00:00:00,1513981.9005013234
2017-11-02 00:00:00,1544710.740608702
2017-11-04 00:00:00,2362602.6316615846
2017-11-06 00:00:00,3089431.632203753
2017-11-08 00:00:00,3636303.9567754418
2017-11-10 00:00:00,3031855.5840909407
2017-11-12 00:00:00,2302246.625373314
2017-11-14 00:00:00,2365703.439889147
2017-11-16 00:00:00,2747008.1580623253
2017-11-18 00:00:00,3144368.514312637
2017-11-20 00:00:00,3348809.130271067
2017-11-22 00:00:00,3274273.69609073
2017-11-24 00:00:00,3210055.7462344496
2017-11-26 00:00:00,2536319.448015499
2017-11-28 00:00:00,2334629.6725625503
2017-11-30 00:00:00,2316776.4479204835
2017-12-02 00:00:00,2247015.786626582
2017-12-04 00:00:00,2129373.1263741706
2017-12-06 00:00:00,2213324.3374083606
2017-12-08 00:00:00,2417815.678883601
2017-12-10 00:00:00,2474819.493296862
2017-12-12 00:00:00,2395184.961992839
2017-12-14 00:00:00,2440577.1952691963
2017-12-16 00:00:00,2473421.0835192776
2017-12-18 00:00:00,2388387.1160852537
2017-12-20 00:00:00,2102912.7664920622
2017-12-22 00:00:00,1900060.3632483126
2017-12-24 00:00:00,1587738.0108655686
2017-12-26 00:00:00,1556748.880951836
2017-12-28 00:00:00,1656493.9828077718
2017-12-30 00:00:00,1848845.7277476832
2018-01-01 00:00:00,1752491.6387619816
2018-01-03 00:00:00,1890037.6552586143
2018-01-05 00:00:00,2047757.1113541098
2018-01-07 00:00:00,2392817.702015404
2018-01-09 00:00:00,2308977.046689208
2018-01-11 00:00:00,2075030.4818238632
2018-01-13 00:00:00,1704718.8965501175
2018-01-15 00:00:00,1419010.9460733677
2018-01-17 00:00:00,1610065.5948813506
2018-01-19 00:00:00,1748009.9229243994
2018-01-21 00:00:00,1719712.752015095
2018-01-23 00:00:00,1392031.8480296591
2018-01-25 00:00:00,1213464.7510033906
2018-01-27 00:00:00,1284404.1346913108
2018-01-29 00:00:00,1570819.6337710537
2018-01-31 00:00:00,1754409.0226281923
2018-02-02 00:00:00,1838113.4794695778
2018-02-04 00:00:00,1382732.9130211663
2018-02-06 00:00:00,1328142.2813496464
2018-02-08 00:00:00,1139601.111599508
2018-02-10 00:00:00,1253866.5528002037
2018-02-12 00:00:00,1155309.6310512694
2018-02-14 00:00:00,1232617.9756023623
2018-02-16 00:00:00,1209692.371434218
2018-02-18 00:00:00,1215346.213117841
2018-02-20 00:00:00,1241741.0119980494
2018-02-22 00:00:00,1284456.6260345608
2018-02-24 00:00:00,1090674.2801856052
2018-02-26 00:00:00,861108.1861560622
2018-02-28 00:00:00,790810.3401032207
2018-03-02 00:00:00,868233.0260193764
2018-03-04 00:00:00,862957.4155456806
2018-03-06 00:00:00,793452.1592433448
2018-03-08 00:00:00,743616.8652005433
2018-03-10 00:00:00,803573.1774054691
2018-03-12 00:00:00,798071.4626159563
2018-03-14 00:00:00,896894.4625031948
2018-03-16 00:00:00,1062985.6971584233
2018-03-18 00:00:00,1384054.892428959
2018-03-20 00:00:00,1356525.236635106
2018-03-22 00:00:00,1219311.8157429304
2018-03-24 00:00:00,892821.8433471746
2018-03-26 00:00:00,899199.3189659116
2018-03-28 00:00:00,928291.5793011631
2018-03-30 00:00:00,979877.8440181231
2018-04-01 00:00:00,872154.0816057404
2018-04-03 00:00:00,948125.6989904718
2018-04-05 00:00:00,995998.9424187047
2018-04-07 00:00:00,1033055.196058976
2018-04-09 00:00:00,914531.7561861959
2018-04-11 00:00:00,841508.397923583
2018-04-13 00:00:00,1039408.8074849218
2018-04-15 00:00:00,968392.7767253646
2018-04-17 00:00:00,1054324.3187833033
2018-04-19 00:00:00,918539.5415594378
