,2009-01-03 00:00:00,50.0
0,2009-01-05 00:00:00,50.0
1,2009-01-07 00:00:00,50.0
2,2009-01-09 00:00:00,750.0
3,2009-01-11 00:00:00,7600.0
4,2009-01-13 00:00:00,17800.0
5,2009-01-15 00:00:00,30450.0
6,2009-01-17 00:00:00,41650.0
7,2009-01-19 00:00:00,52650.0
8,2009-01-21 00:00:00,64100.0
9,2009-01-23 00:00:00,71200.0
10,2009-01-25 00:00:00,90850.0
11,2009-01-27 00:00:00,101800.0
12,2009-01-29 00:00:00,113050.0
13,2009-01-31 00:00:00,125550.0
14,2009-02-02 00:00:00,137700.0
15,2009-02-04 00:00:00,150650.0
16,2009-02-06 00:00:00,163150.0
17,2009-02-08 00:00:00,176150.0
18,2009-02-10 00:00:00,188900.0
19,2009-02-12 00:00:00,201350.0
20,2009-02-14 00:00:00,214600.0
21,2009-02-16 00:00:00,226850.0
22,2009-02-18 00:00:00,238950.0
23,2009-02-20 00:00:00,251200.0
24,2009-02-22 00:00:00,262750.0
25,2009-02-24 00:00:00,273650.0
26,2009-02-26 00:00:00,283800.0
27,2009-02-28 00:00:00,295050.0
28,2009-03-02 00:00:00,305550.0
29,2009-03-04 00:00:00,316150.0
30,2009-03-06 00:00:00,327350.0
31,2009-03-08 00:00:00,338500.0
32,2009-03-10 00:00:00,349400.0
33,2009-03-12 00:00:00,360700.0
34,2009-03-14 00:00:00,372200.0
35,2009-03-16 00:00:00,384250.0
36,2009-03-18 00:00:00,395500.0
37,2009-03-20 00:00:00,407500.0
38,2009-03-22 00:00:00,416100.0
39,2009-03-24 00:00:00,427950.0
40,2009-03-26 00:00:00,439400.0
41,2009-03-28 00:00:00,450850.0
42,2009-03-30 00:00:00,462700.0
43,2009-04-01 00:00:00,473700.0
44,2009-04-03 00:00:00,485350.0
45,2009-04-05 00:00:00,497450.0
46,2009-04-07 00:00:00,508150.0
47,2009-04-09 00:00:00,518300.0
48,2009-04-11 00:00:00,529550.0
49,2009-04-13 00:00:00,541050.0
50,2009-04-15 00:00:00,553000.0
51,2009-04-17 00:00:00,564900.0
52,2009-04-19 00:00:00,576950.0
53,2009-04-21 00:00:00,588950.0
54,2009-04-23 00:00:00,599000.0
55,2009-04-25 00:00:00,610750.0
56,2009-04-27 00:00:00,621450.0
57,2009-04-29 00:00:00,633450.0
58,2009-05-01 00:00:00,646200.0
59,2009-05-03 00:00:00,658050.0
60,2009-05-05 00:00:00,670750.0
61,2009-05-07 00:00:00,683650.0
62,2009-05-09 00:00:00,694300.0
63,2009-05-11 00:00:00,703350.0
64,2009-05-13 00:00:00,715450.0
65,2009-05-15 00:00:00,729250.0
66,2009-05-17 00:00:00,741200.0
67,2009-05-19 00:00:00,752400.0
68,2009-05-21 00:00:00,762050.0
69,2009-05-23 00:00:00,766550.0
70,2009-05-25 00:00:00,776950.0
71,2009-05-27 00:00:00,788850.0
72,2009-05-29 00:00:00,799350.0
73,2009-05-31 00:00:00,810400.0
74,2009-06-02 00:00:00,818500.0
75,2009-06-04 00:00:00,825350.0
76,2009-06-06 00:00:00,829400.0
77,2009-06-08 00:00:00,833200.0
78,2009-06-10 00:00:00,842050.0
79,2009-06-12 00:00:00,851250.0
80,2009-06-14 00:00:00,858450.0
81,2009-06-16 00:00:00,866200.0
82,2009-06-18 00:00:00,874100.0
83,2009-06-20 00:00:00,882650.0
84,2009-06-22 00:00:00,890400.0
85,2009-06-24 00:00:00,898450.0
86,2009-06-26 00:00:00,906600.0
87,2009-06-28 00:00:00,913400.0
88,2009-06-30 00:00:00,921550.0
89,2009-07-02 00:00:00,929300.0
90,2009-07-04 00:00:00,937900.0
91,2009-07-06 00:00:00,946450.0
92,2009-07-08 00:00:00,953550.0
93,2009-07-10 00:00:00,961700.0
94,2009-07-12 00:00:00,969700.0
95,2009-07-14 00:00:00,977100.0
96,2009-07-16 00:00:00,982850.0
97,2009-07-18 00:00:00,986250.0
98,2009-07-20 00:00:00,992600.0
99,2009-07-22 00:00:00,999750.0
100,2009-07-24 00:00:00,1006800.0
101,2009-07-26 00:00:00,1010100.0
102,2009-07-28 00:00:00,1015500.0
103,2009-07-30 00:00:00,1017800.0
104,2009-08-01 00:00:00,1019550.0
105,2009-08-03 00:00:00,1021800.0
106,2009-08-05 00:00:00,1029250.0
107,2009-08-07 00:00:00,1037750.0
108,2009-08-09 00:00:00,1046750.0
109,2009-08-11 00:00:00,1054200.0
110,2009-08-13 00:00:00,1061650.0
111,2009-08-15 00:00:00,1066600.0
112,2009-08-17 00:00:00,1068700.0
113,2009-08-19 00:00:00,1069900.0
114,2009-08-21 00:00:00,1071900.0
115,2009-08-23 00:00:00,1072900.0
116,2009-08-25 00:00:00,1076050.0
117,2009-08-27 00:00:00,1079650.0
118,2009-08-29 00:00:00,1087000.0
119,2009-08-31 00:00:00,1096200.0
120,2009-09-02 00:00:00,1103550.0
121,2009-09-04 00:00:00,1109700.0
122,2009-09-06 00:00:00,1116850.0
123,2009-09-08 00:00:00,1124050.0
124,2009-09-10 00:00:00,1130000.0
125,2009-09-12 00:00:00,1136950.0
126,2009-09-14 00:00:00,1144500.0
127,2009-09-16 00:00:00,1150200.0
128,2009-09-18 00:00:00,1158400.0
129,2009-09-20 00:00:00,1165900.0
130,2009-09-22 00:00:00,1171300.0
131,2009-09-24 00:00:00,1176750.0
132,2009-09-26 00:00:00,1186450.0
133,2009-09-28 00:00:00,1195300.0
134,2009-09-30 00:00:00,1203800.0
135,2009-10-02 00:00:00,1211800.0
136,2009-10-04 00:00:00,1217750.0
137,2009-10-06 00:00:00,1222700.0
138,2009-10-08 00:00:00,1228750.0
139,2009-10-10 00:00:00,1236500.0
140,2009-10-12 00:00:00,1243550.0
141,2009-10-14 00:00:00,1248900.0
142,2009-10-16 00:00:00,1256400.0
143,2009-10-18 00:00:00,1262350.0
144,2009-10-20 00:00:00,1272850.0
145,2009-10-22 00:00:00,1281300.0
146,2009-10-24 00:00:00,1289400.0
147,2009-10-26 00:00:00,1296300.0
148,2009-10-28 00:00:00,1302800.0
149,2009-10-30 00:00:00,1308350.0
150,2009-11-01 00:00:00,1312100.0
151,2009-11-03 00:00:00,1316600.0
152,2009-11-05 00:00:00,1322900.0
153,2009-11-07 00:00:00,1329150.0
154,2009-11-09 00:00:00,1335900.0
155,2009-11-11 00:00:00,1342900.0
156,2009-11-13 00:00:00,1349900.0
157,2009-11-15 00:00:00,1358850.0
158,2009-11-17 00:00:00,1368400.0
159,2009-11-19 00:00:00,1376000.0
160,2009-11-21 00:00:00,1383950.0
161,2009-11-23 00:00:00,1393750.0
162,2009-11-25 00:00:00,1403100.0
163,2009-11-27 00:00:00,1410750.0
164,2009-11-29 00:00:00,1417550.0
165,2009-12-01 00:00:00,1424550.0
166,2009-12-03 00:00:00,1433700.0
167,2009-12-05 00:00:00,1438750.0
168,2009-12-07 00:00:00,1448700.0
169,2009-12-09 00:00:00,1459350.0
170,2009-12-11 00:00:00,1470750.0
171,2009-12-13 00:00:00,1481000.0
172,2009-12-15 00:00:00,1492200.0
173,2009-12-17 00:00:00,1506200.0
174,2009-12-19 00:00:00,1527400.0
175,2009-12-21 00:00:00,1545500.0
176,2009-12-23 00:00:00,1561550.0
177,2009-12-25 00:00:00,1576600.0
178,2009-12-27 00:00:00,1593000.0
179,2009-12-29 00:00:00,1608100.0
180,2009-12-31 00:00:00,1623400.0
181,2010-01-02 00:00:00,1635850.0
182,2010-01-04 00:00:00,1653500.0
183,2010-01-06 00:00:00,1671800.0
184,2010-01-08 00:00:00,1687250.0
185,2010-01-10 00:00:00,1704200.0
186,2010-01-12 00:00:00,1720200.0
187,2010-01-14 00:00:00,1736000.0
188,2010-01-16 00:00:00,1749500.0
189,2010-01-18 00:00:00,1762150.0
190,2010-01-20 00:00:00,1775100.0
191,2010-01-22 00:00:00,1791500.0
192,2010-01-24 00:00:00,1806300.0
193,2010-01-26 00:00:00,1826550.0
194,2010-01-28 00:00:00,1844050.0
195,2010-01-30 00:00:00,1862700.0
196,2010-02-01 00:00:00,1881950.0
197,2010-02-03 00:00:00,1901200.0
198,2010-02-05 00:00:00,1925000.0
199,2010-02-07 00:00:00,1944900.0
200,2010-02-09 00:00:00,1965900.0
201,2010-02-11 00:00:00,1982750.0
202,2010-02-13 00:00:00,2003300.0
203,2010-02-15 00:00:00,2022850.0
204,2010-02-17 00:00:00,2043200.0
205,2010-02-19 00:00:00,2063600.0
206,2010-02-21 00:00:00,2085400.0
207,2010-02-23 00:00:00,2110700.0
208,2010-02-25 00:00:00,2127600.0
209,2010-02-27 00:00:00,2144750.0
210,2010-03-01 00:00:00,2162150.0
211,2010-03-03 00:00:00,2179350.0
212,2010-03-05 00:00:00,2197200.0
213,2010-03-07 00:00:00,2215000.0
214,2010-03-09 00:00:00,2229200.0
215,2010-03-11 00:00:00,2243950.0
216,2010-03-13 00:00:00,2257750.0
217,2010-03-15 00:00:00,2270200.0
218,2010-03-17 00:00:00,2283150.0
219,2010-03-19 00:00:00,2297600.0
220,2010-03-21 00:00:00,2316300.0
221,2010-03-23 00:00:00,2335400.0
222,2010-03-25 00:00:00,2353400.0
223,2010-03-27 00:00:00,2371850.0
224,2010-03-29 00:00:00,2391150.0
225,2010-03-31 00:00:00,2412050.0
226,2010-04-02 00:00:00,2428900.0
227,2010-04-04 00:00:00,2445500.0
228,2010-04-06 00:00:00,2461050.0
229,2010-04-08 00:00:00,2480450.0
230,2010-04-10 00:00:00,2501300.0
231,2010-04-12 00:00:00,2524100.0
232,2010-04-14 00:00:00,2542350.0
233,2010-04-16 00:00:00,2562750.0
234,2010-04-18 00:00:00,2586500.0
235,2010-04-20 00:00:00,2607600.0
236,2010-04-22 00:00:00,2627500.0
237,2010-04-24 00:00:00,2642350.0
238,2010-04-26 00:00:00,2659300.0
239,2010-04-28 00:00:00,2676550.0
240,2010-04-30 00:00:00,2692150.0
241,2010-05-02 00:00:00,2708800.0
242,2010-05-04 00:00:00,2723300.0
243,2010-05-06 00:00:00,2738150.0
244,2010-05-08 00:00:00,2752100.0
245,2010-05-10 00:00:00,2766050.0
246,2010-05-12 00:00:00,2777850.0
247,2010-05-14 00:00:00,2790350.0
248,2010-05-16 00:00:00,2800450.0
249,2010-05-18 00:00:00,2816050.0
250,2010-05-20 00:00:00,2833300.0
251,2010-05-22 00:00:00,2852150.0
252,2010-05-24 00:00:00,2872400.0
253,2010-05-26 00:00:00,2893750.0
254,2010-05-28 00:00:00,2914450.0
255,2010-05-30 00:00:00,2931850.0
256,2010-06-01 00:00:00,2946100.0
257,2010-06-03 00:00:00,2960600.0
258,2010-06-05 00:00:00,2974200.0
259,2010-06-07 00:00:00,2989550.0
260,2010-06-09 00:00:00,3005550.0
261,2010-06-11 00:00:00,3022300.0
262,2010-06-13 00:00:00,3037200.0
263,2010-06-15 00:00:00,3054600.0
264,2010-06-17 00:00:00,3069100.0
265,2010-06-19 00:00:00,3084400.0
266,2010-06-21 00:00:00,3101150.0
267,2010-06-23 00:00:00,3117600.0
268,2010-06-25 00:00:00,3134300.0
269,2010-06-27 00:00:00,3150400.0
270,2010-06-29 00:00:00,3166600.0
271,2010-07-01 00:00:00,3186200.0
272,2010-07-03 00:00:00,3204950.0
273,2010-07-05 00:00:00,3223050.0
274,2010-07-07 00:00:00,3239150.0
275,2010-07-09 00:00:00,3256500.0
276,2010-07-11 00:00:00,3275100.0
277,2010-07-13 00:00:00,3337950.0
278,2010-07-15 00:00:00,3397850.0
279,2010-07-17 00:00:00,3436900.0
280,2010-07-19 00:00:00,3454050.0
281,2010-07-21 00:00:00,3473050.0
282,2010-07-23 00:00:00,3492100.0
283,2010-07-25 00:00:00,3512050.0
284,2010-07-27 00:00:00,3533800.0
285,2010-07-29 00:00:00,3550650.0
286,2010-07-31 00:00:00,3569200.0
287,2010-08-02 00:00:00,3592950.0
288,2010-08-04 00:00:00,3615750.0
289,2010-08-06 00:00:00,3636000.0
290,2010-08-08 00:00:00,3652700.0
291,2010-08-10 00:00:00,3672500.0
292,2010-08-12 00:00:00,3694250.0
293,2010-08-14 00:00:00,3718150.0
294,2010-08-16 00:00:00,3737700.0
295,2010-08-18 00:00:00,3750900.0
296,2010-08-20 00:00:00,3766250.0
297,2010-08-22 00:00:00,3785400.0
298,2010-08-24 00:00:00,3806500.0
299,2010-08-26 00:00:00,3828250.0
300,2010-08-28 00:00:00,3846100.0
301,2010-08-30 00:00:00,3861450.0
302,2010-09-01 00:00:00,3879000.0
303,2010-09-03 00:00:00,3894550.0
304,2010-09-05 00:00:00,3911600.0
305,2010-09-07 00:00:00,3927600.0
306,2010-09-09 00:00:00,3942750.0
307,2010-09-11 00:00:00,3959400.0
308,2010-09-13 00:00:00,3976750.0
309,2010-09-15 00:00:00,3995900.0
310,2010-09-17 00:00:00,4016200.0
311,2010-09-19 00:00:00,4038550.0
312,2010-09-21 00:00:00,4057950.0
313,2010-09-23 00:00:00,4077200.0
314,2010-09-25 00:00:00,4099600.0
315,2010-09-27 00:00:00,4121350.0
316,2010-09-29 00:00:00,4141000.0
317,2010-10-01 00:00:00,4155850.0
318,2010-10-03 00:00:00,4167350.0
319,2010-10-05 00:00:00,4181200.0
320,2010-10-07 00:00:00,4197450.0
321,2010-10-09 00:00:00,4212850.0
322,2010-10-11 00:00:00,4229700.0
323,2010-10-13 00:00:00,4246150.0
324,2010-10-15 00:00:00,4265000.0
325,2010-10-17 00:00:00,4291050.0
326,2010-10-19 00:00:00,4316250.0
327,2010-10-21 00:00:00,4339600.0
328,2010-10-23 00:00:00,4355950.0
329,2010-10-25 00:00:00,4375900.0
330,2010-10-27 00:00:00,4398600.0
331,2010-10-29 00:00:00,4421100.0
332,2010-10-31 00:00:00,4442200.0
333,2010-11-02 00:00:00,4460000.0
334,2010-11-04 00:00:00,4479600.0
335,2010-11-06 00:00:00,4500650.0
336,2010-11-08 00:00:00,4526100.0
337,2010-11-10 00:00:00,4547750.0
338,2010-11-12 00:00:00,4567900.0
339,2010-11-14 00:00:00,4590750.0
340,2010-11-16 00:00:00,4610850.0
341,2010-11-18 00:00:00,4636500.0
342,2010-11-20 00:00:00,4650550.0
343,2010-11-22 00:00:00,4665300.0
344,2010-11-24 00:00:00,4681750.0
345,2010-11-26 00:00:00,4699500.0
346,2010-11-28 00:00:00,4716950.0
347,2010-11-30 00:00:00,4738050.0
348,2010-12-02 00:00:00,4756550.0
349,2010-12-04 00:00:00,4777100.0
350,2010-12-06 00:00:00,4801000.0
351,2010-12-08 00:00:00,4824200.0
352,2010-12-10 00:00:00,4844200.0
353,2010-12-12 00:00:00,4861500.0
354,2010-12-14 00:00:00,4877250.0
355,2010-12-16 00:00:00,4895500.0
356,2010-12-18 00:00:00,4912050.0
357,2010-12-20 00:00:00,4929200.0
358,2010-12-22 00:00:00,4946950.0
359,2010-12-24 00:00:00,4961600.0
360,2010-12-26 00:00:00,4977050.0
361,2010-12-28 00:00:00,4993550.0
362,2010-12-30 00:00:00,5010150.0
363,2011-01-01 00:00:00,5027250.0
364,2011-01-03 00:00:00,5044450.0
365,2011-01-05 00:00:00,5059050.0
366,2011-01-07 00:00:00,5073600.0
367,2011-01-09 00:00:00,5090800.0
368,2011-01-11 00:00:00,5107250.0
369,2011-01-13 00:00:00,5124850.0
370,2011-01-15 00:00:00,5142150.0
371,2011-01-17 00:00:00,5159450.0
372,2011-01-19 00:00:00,5176100.0
373,2011-01-21 00:00:00,5193400.0
374,2011-01-23 00:00:00,5210100.0
375,2011-01-25 00:00:00,5226900.0
376,2011-01-27 00:00:00,5244650.0
377,2011-01-29 00:00:00,5260300.0
378,2011-01-31 00:00:00,5276000.0
379,2011-02-02 00:00:00,5293050.0
380,2011-02-04 00:00:00,5310000.0
381,2011-02-06 00:00:00,5327900.0
382,2011-02-08 00:00:00,5346800.0
383,2011-02-10 00:00:00,5365400.0
384,2011-02-12 00:00:00,5384450.0
385,2011-02-14 00:00:00,5403950.0
386,2011-02-16 00:00:00,5426100.0
387,2011-02-18 00:00:00,5448900.0
388,2011-02-20 00:00:00,5467100.0
389,2011-02-22 00:00:00,5487000.0
390,2011-02-24 00:00:00,5509850.0
391,2011-02-26 00:00:00,5533500.0
392,2011-02-28 00:00:00,5555400.0
393,2011-03-02 00:00:00,5570350.0
394,2011-03-04 00:00:00,5589450.0
395,2011-03-06 00:00:00,5616200.0
396,2011-03-08 00:00:00,5637600.0
397,2011-03-10 00:00:00,5651450.0
398,2011-03-12 00:00:00,5665050.0
399,2011-03-14 00:00:00,5676850.0
400,2011-03-16 00:00:00,5689000.0
401,2011-03-18 00:00:00,5702450.0
402,2011-03-20 00:00:00,5714150.0
403,2011-03-22 00:00:00,5728200.0
404,2011-03-24 00:00:00,5743200.0
405,2011-03-26 00:00:00,5758350.0
406,2011-03-28 00:00:00,5774150.0
407,2011-03-30 00:00:00,5789650.0
408,2011-04-01 00:00:00,5808500.0
409,2011-04-03 00:00:00,5826300.0
410,2011-04-05 00:00:00,5845400.0
411,2011-04-07 00:00:00,5860450.0
412,2011-04-09 00:00:00,5876200.0
413,2011-04-11 00:00:00,5892300.0
414,2011-04-13 00:00:00,5910700.0
415,2011-04-15 00:00:00,5925600.0
416,2011-04-17 00:00:00,5942850.0
417,2011-04-19 00:00:00,5957700.0
418,2011-04-21 00:00:00,5973150.0
419,2011-04-23 00:00:00,5990300.0
420,2011-04-25 00:00:00,6007600.0
421,2011-04-27 00:00:00,6026750.0
422,2011-04-29 00:00:00,6044800.0
423,2011-05-01 00:00:00,6063850.0
424,2011-05-03 00:00:00,6083100.0
425,2011-05-05 00:00:00,6103800.0
426,2011-05-07 00:00:00,6124700.0
427,2011-05-09 00:00:00,6147450.0
428,2011-05-11 00:00:00,6166800.0
429,2011-05-13 00:00:00,6185050.0
430,2011-05-15 00:00:00,6208850.0
431,2011-05-17 00:00:00,6233050.0
432,2011-05-19 00:00:00,6256250.0
433,2011-05-21 00:00:00,6278100.0
434,2011-05-23 00:00:00,6304650.0
435,2011-05-25 00:00:00,6334000.0
436,2011-05-27 00:00:00,6359800.0
437,2011-05-29 00:00:00,6376200.0
438,2011-05-31 00:00:00,6391350.0
439,2011-06-02 00:00:00,6409750.0
440,2011-06-04 00:00:00,6430700.0
441,2011-06-06 00:00:00,6453600.0
442,2011-06-08 00:00:00,6471200.0
443,2011-06-10 00:00:00,6493100.0
444,2011-06-12 00:00:00,6516600.0
445,2011-06-14 00:00:00,6540100.0
446,2011-06-16 00:00:00,6564250.0
447,2011-06-18 00:00:00,6583350.0
448,2011-06-20 00:00:00,6605900.0
449,2011-06-22 00:00:00,6630950.0
450,2011-06-24 00:00:00,6654850.0
451,2011-06-26 00:00:00,6670150.0
452,2011-06-28 00:00:00,6685800.0
453,2011-06-30 00:00:00,6703700.0
454,2011-07-02 00:00:00,6721450.0
455,2011-07-04 00:00:00,6737650.0
456,2011-07-06 00:00:00,6753000.0
457,2011-07-08 00:00:00,6767150.0
458,2011-07-10 00:00:00,6782250.0
459,2011-07-12 00:00:00,6796900.0
460,2011-07-14 00:00:00,6813750.0
461,2011-07-16 00:00:00,6829750.0
462,2011-07-18 00:00:00,6845850.0
463,2011-07-20 00:00:00,6861200.0
464,2011-07-22 00:00:00,6876100.0
465,2011-07-24 00:00:00,6892150.0
466,2011-07-26 00:00:00,6908450.0
467,2011-07-28 00:00:00,6925800.0
468,2011-07-30 00:00:00,6941450.0
469,2011-08-01 00:00:00,6958600.0
470,2011-08-03 00:00:00,6973900.0
471,2011-08-05 00:00:00,6987450.0
472,2011-08-07 00:00:00,7000100.0
473,2011-08-09 00:00:00,7013200.0
474,2011-08-11 00:00:00,7028250.0
475,2011-08-13 00:00:00,7041500.0
476,2011-08-15 00:00:00,7054800.0
477,2011-08-17 00:00:00,7068000.0
478,2011-08-19 00:00:00,7082650.0
479,2011-08-21 00:00:00,7097150.0
480,2011-08-23 00:00:00,7114450.0
481,2011-08-25 00:00:00,7127400.0
482,2011-08-27 00:00:00,7141650.0
483,2011-08-29 00:00:00,7153600.0
484,2011-08-31 00:00:00,7168900.0
485,2011-09-02 00:00:00,7183350.0
486,2011-09-04 00:00:00,7196750.0
487,2011-09-06 00:00:00,7211950.0
488,2011-09-08 00:00:00,7225550.0
489,2011-09-10 00:00:00,7239700.0
490,2011-09-12 00:00:00,7253100.0
491,2011-09-14 00:00:00,7267500.0
492,2011-09-16 00:00:00,7281200.0
493,2011-09-18 00:00:00,7295700.0
494,2011-09-20 00:00:00,7308750.0
495,2011-09-22 00:00:00,7323650.0
496,2011-09-24 00:00:00,7336550.0
497,2011-09-26 00:00:00,7350500.0
498,2011-09-28 00:00:00,7363950.0
499,2011-09-30 00:00:00,7376800.0
500,2011-10-02 00:00:00,7390150.0
501,2011-10-04 00:00:00,7403150.0
502,2011-10-06 00:00:00,7416650.0
503,2011-10-08 00:00:00,7429500.0
504,2011-10-10 00:00:00,7441550.0
505,2011-10-12 00:00:00,7452800.0
506,2011-10-14 00:00:00,7464000.0
507,2011-10-16 00:00:00,7477200.0
508,2011-10-18 00:00:00,7489200.0
509,2011-10-20 00:00:00,7500950.0
510,2011-10-22 00:00:00,7512550.0
511,2011-10-24 00:00:00,7523950.0
512,2011-10-26 00:00:00,7535900.0
513,2011-10-28 00:00:00,7546750.0
514,2011-10-30 00:00:00,7557550.0
515,2011-11-01 00:00:00,7571700.0
516,2011-11-03 00:00:00,7585600.0
517,2011-11-05 00:00:00,7600250.0
518,2011-11-07 00:00:00,7614200.0
519,2011-11-09 00:00:00,7629400.0
520,2011-11-11 00:00:00,7642750.0
521,2011-11-13 00:00:00,7656850.0
522,2011-11-15 00:00:00,7672300.0
523,2011-11-17 00:00:00,7686200.0
524,2011-11-19 00:00:00,7699200.0
525,2011-11-21 00:00:00,7712350.0
526,2011-11-23 00:00:00,7725650.0
527,2011-11-25 00:00:00,7737750.0
528,2011-11-27 00:00:00,7749800.0
529,2011-11-29 00:00:00,7762950.0
530,2011-12-01 00:00:00,7779500.0
531,2011-12-03 00:00:00,7794850.0
532,2011-12-05 00:00:00,7809700.0
533,2011-12-07 00:00:00,7825000.0
534,2011-12-09 00:00:00,7840250.0
535,2011-12-11 00:00:00,7855350.0
536,2011-12-13 00:00:00,7868500.0
537,2011-12-15 00:00:00,7881850.0
538,2011-12-17 00:00:00,7895350.0
539,2011-12-19 00:00:00,7910250.0
540,2011-12-21 00:00:00,7924750.0
541,2011-12-23 00:00:00,7939250.0
542,2011-12-25 00:00:00,7954550.0
543,2011-12-27 00:00:00,7971100.0
544,2011-12-29 00:00:00,7985600.0
545,2011-12-31 00:00:00,8000050.0
546,2012-01-02 00:00:00,8015100.0
547,2012-01-04 00:00:00,8030900.0
548,2012-01-06 00:00:00,8046750.0
549,2012-01-08 00:00:00,8063850.0
550,2012-01-10 00:00:00,8079200.0
551,2012-01-12 00:00:00,8095100.0
552,2012-01-14 00:00:00,8109300.0
553,2012-01-16 00:00:00,8124600.0
554,2012-01-18 00:00:00,8139600.0
555,2012-01-20 00:00:00,8153300.0
556,2012-01-22 00:00:00,8168750.0
557,2012-01-24 00:00:00,8184050.0
558,2012-01-26 00:00:00,8198300.0
559,2012-01-28 00:00:00,8213000.0
560,2012-01-30 00:00:00,8229450.0
561,2012-02-01 00:00:00,8244100.0
562,2012-02-03 00:00:00,8260250.0
563,2012-02-05 00:00:00,8275250.0
564,2012-02-07 00:00:00,8289800.0
565,2012-02-09 00:00:00,8303600.0
566,2012-02-11 00:00:00,8317850.0
567,2012-02-13 00:00:00,8333200.0
568,2012-02-15 00:00:00,8347100.0
569,2012-02-17 00:00:00,8360650.0
570,2012-02-19 00:00:00,8377250.0
571,2012-02-21 00:00:00,8390950.0
572,2012-02-23 00:00:00,8407200.0
573,2012-02-25 00:00:00,8422800.0
574,2012-02-27 00:00:00,8438300.0
575,2012-02-29 00:00:00,8455100.0
576,2012-03-02 00:00:00,8469550.0
577,2012-03-04 00:00:00,8482000.0
578,2012-03-06 00:00:00,8496000.0
579,2012-03-08 00:00:00,8511250.0
580,2012-03-10 00:00:00,8528200.0
581,2012-03-12 00:00:00,8543300.0
582,2012-03-14 00:00:00,8557800.0
583,2012-03-16 00:00:00,8571400.0
584,2012-03-18 00:00:00,8587800.0
585,2012-03-20 00:00:00,8603100.0
586,2012-03-22 00:00:00,8619000.0
587,2012-03-24 00:00:00,8634100.0
588,2012-03-26 00:00:00,8650050.0
589,2012-03-28 00:00:00,8665400.0
590,2012-03-30 00:00:00,8679850.0
591,2012-04-01 00:00:00,8695500.0
592,2012-04-03 00:00:00,8708250.0
593,2012-04-05 00:00:00,8721250.0
594,2012-04-07 00:00:00,8734000.0
595,2012-04-09 00:00:00,8748850.0
596,2012-04-11 00:00:00,8763150.0
597,2012-04-13 00:00:00,8776350.0
598,2012-04-15 00:00:00,8788850.0
599,2012-04-17 00:00:00,8802600.0
600,2012-04-19 00:00:00,8816500.0
601,2012-04-21 00:00:00,8831600.0
602,2012-04-23 00:00:00,8846450.0
603,2012-04-25 00:00:00,8859500.0
604,2012-04-27 00:00:00,8873500.0
605,2012-04-29 00:00:00,8889600.0
606,2012-05-01 00:00:00,8907000.0
607,2012-05-03 00:00:00,8923000.0
608,2012-05-05 00:00:00,8938550.0
609,2012-05-07 00:00:00,8955700.0
610,2012-05-09 00:00:00,8973200.0
611,2012-05-11 00:00:00,8986550.0
612,2012-05-13 00:00:00,9000000.0
613,2012-05-15 00:00:00,9013700.0
614,2012-05-17 00:00:00,9025200.0
615,2012-05-19 00:00:00,9039700.0
616,2012-05-21 00:00:00,9053400.0
617,2012-05-23 00:00:00,9065300.0
618,2012-05-25 00:00:00,9077850.0
619,2012-05-27 00:00:00,9092800.0
620,2012-05-29 00:00:00,9106500.0
621,2012-05-31 00:00:00,9119800.0
622,2012-06-02 00:00:00,9135150.0
623,2012-06-04 00:00:00,9150600.0
624,2012-06-06 00:00:00,9165850.0
625,2012-06-08 00:00:00,9179550.0
626,2012-06-10 00:00:00,9196400.0
627,2012-06-12 00:00:00,9211100.0
628,2012-06-14 00:00:00,9226500.0
629,2012-06-16 00:00:00,9242450.0
630,2012-06-18 00:00:00,9258450.0
631,2012-06-20 00:00:00,9274350.0
632,2012-06-22 00:00:00,9287500.0
633,2012-06-24 00:00:00,9302600.0
634,2012-06-26 00:00:00,9317650.0
635,2012-06-28 00:00:00,9332500.0
636,2012-06-30 00:00:00,9346600.0
637,2012-07-02 00:00:00,9361550.0
638,2012-07-04 00:00:00,9376750.0
639,2012-07-06 00:00:00,9391250.0
640,2012-07-08 00:00:00,9407450.0
641,2012-07-10 00:00:00,9423250.0
642,2012-07-12 00:00:00,9437650.0
643,2012-07-14 00:00:00,9453150.0
644,2012-07-16 00:00:00,9468000.0
645,2012-07-18 00:00:00,9484400.0
646,2012-07-20 00:00:00,9498500.0
647,2012-07-22 00:00:00,9512950.0
648,2012-07-24 00:00:00,9528500.0
649,2012-07-26 00:00:00,9545100.0
650,2012-07-28 00:00:00,9562000.0
651,2012-07-30 00:00:00,9578500.0
652,2012-08-01 00:00:00,9592200.0
653,2012-08-03 00:00:00,9608550.0
654,2012-08-05 00:00:00,9623300.0
655,2012-08-07 00:00:00,9637800.0
656,2012-08-09 00:00:00,9654250.0
657,2012-08-11 00:00:00,9670350.0
658,2012-08-13 00:00:00,9686450.0
659,2012-08-15 00:00:00,9703150.0
660,2012-08-17 00:00:00,9718000.0
661,2012-08-19 00:00:00,9733300.0
662,2012-08-21 00:00:00,9751800.0
663,2012-08-23 00:00:00,9767500.0
664,2012-08-25 00:00:00,9781850.0
665,2012-08-27 00:00:00,9798100.0
666,2012-08-29 00:00:00,9813900.0
667,2012-08-31 00:00:00,9828950.0
668,2012-09-02 00:00:00,9844750.0
669,2012-09-04 00:00:00,9860150.0
670,2012-09-06 00:00:00,9878450.0
671,2012-09-08 00:00:00,9894050.0
672,2012-09-10 00:00:00,9908900.0
673,2012-09-12 00:00:00,9923850.0
674,2012-09-14 00:00:00,9939200.0
675,2012-09-16 00:00:00,9953850.0
676,2012-09-18 00:00:00,9971000.0
677,2012-09-20 00:00:00,9985500.0
678,2012-09-22 00:00:00,10002250.0
679,2012-09-24 00:00:00,10017500.0
680,2012-09-26 00:00:00,10032100.0
681,2012-09-28 00:00:00,10047450.0
682,2012-09-30 00:00:00,10063450.0
683,2012-10-02 00:00:00,10077650.0
684,2012-10-04 00:00:00,10091250.0
685,2012-10-06 00:00:00,10105150.0
686,2012-10-08 00:00:00,10120300.0
687,2012-10-10 00:00:00,10135000.0
688,2012-10-12 00:00:00,10149450.0
689,2012-10-14 00:00:00,10163650.0
690,2012-10-16 00:00:00,10179100.0
691,2012-10-18 00:00:00,10193900.0
692,2012-10-20 00:00:00,10208750.0
693,2012-10-22 00:00:00,10224950.0
694,2012-10-24 00:00:00,10239600.0
695,2012-10-26 00:00:00,10254550.0
696,2012-10-28 00:00:00,10271900.0
697,2012-10-30 00:00:00,10287250.0
698,2012-11-01 00:00:00,10300950.0
699,2012-11-03 00:00:00,10315350.0
700,2012-11-05 00:00:00,10331000.0
701,2012-11-07 00:00:00,10345650.0
702,2012-11-09 00:00:00,10361000.0
703,2012-11-11 00:00:00,10375600.0
704,2012-11-13 00:00:00,10389450.0
705,2012-11-15 00:00:00,10403450.0
706,2012-11-17 00:00:00,10417550.0
707,2012-11-19 00:00:00,10431650.0
708,2012-11-21 00:00:00,10447300.0
709,2012-11-23 00:00:00,10461900.0
710,2012-11-25 00:00:00,10477050.0
711,2012-11-27 00:00:00,10492600.0
712,2012-11-29 00:00:00,10504650.0
713,2012-12-01 00:00:00,10511875.0
714,2012-12-03 00:00:00,10519400.0
715,2012-12-05 00:00:00,10525175.0
716,2012-12-07 00:00:00,10531850.0
717,2012-12-09 00:00:00,10538475.0
718,2012-12-11 00:00:00,10545650.0
719,2012-12-13 00:00:00,10552275.0
720,2012-12-15 00:00:00,10557825.0
721,2012-12-17 00:00:00,10563850.0
722,2012-12-19 00:00:00,10570575.0
723,2012-12-21 00:00:00,10576300.0
724,2012-12-23 00:00:00,10583350.0
725,2012-12-25 00:00:00,10589600.0
726,2012-12-27 00:00:00,10597225.0
727,2012-12-29 00:00:00,10604975.0
728,2012-12-31 00:00:00,10613175.0
729,2013-01-02 00:00:00,10621175.0
730,2013-01-04 00:00:00,10628700.0
731,2013-01-06 00:00:00,10635975.0
732,2013-01-08 00:00:00,10643750.0
733,2013-01-10 00:00:00,10650750.0
734,2013-01-12 00:00:00,10656750.0
735,2013-01-14 00:00:00,10663650.0
736,2013-01-16 00:00:00,10669900.0
737,2013-01-18 00:00:00,10676100.0
738,2013-01-20 00:00:00,10682925.0
739,2013-01-22 00:00:00,10689775.0
740,2013-01-24 00:00:00,10696825.0
741,2013-01-26 00:00:00,10704050.0
742,2013-01-28 00:00:00,10711550.0
743,2013-01-30 00:00:00,10719225.0
744,2013-02-01 00:00:00,10727800.0
745,2013-02-03 00:00:00,10735950.0
746,2013-02-05 00:00:00,10744650.0
747,2013-02-07 00:00:00,10752200.0
748,2013-02-09 00:00:00,10759400.0
749,2013-02-11 00:00:00,10767475.0
750,2013-02-13 00:00:00,10774975.0
751,2013-02-15 00:00:00,10783475.0
752,2013-02-17 00:00:00,10792850.0
753,2013-02-19 00:00:00,10801025.0
754,2013-02-21 00:00:00,10810275.0
755,2013-02-23 00:00:00,10818350.0
756,2013-02-25 00:00:00,10827325.0
757,2013-02-27 00:00:00,10836275.0
758,2013-03-01 00:00:00,10844500.0
759,2013-03-03 00:00:00,10852050.0
760,2013-03-05 00:00:00,10860175.0
761,2013-03-07 00:00:00,10868025.0
762,2013-03-09 00:00:00,10875925.0
763,2013-03-11 00:00:00,10885200.0
764,2013-03-13 00:00:00,10892000.0
765,2013-03-15 00:00:00,10900875.0
766,2013-03-17 00:00:00,10910350.0
767,2013-03-19 00:00:00,10919750.0
768,2013-03-21 00:00:00,10930000.0
769,2013-03-23 00:00:00,10940875.0
770,2013-03-25 00:00:00,10949700.0
771,2013-03-27 00:00:00,10956750.0
772,2013-03-29 00:00:00,10965775.0
773,2013-03-31 00:00:00,10973850.0
774,2013-04-02 00:00:00,10983675.0
775,2013-04-04 00:00:00,10992125.0
776,2013-04-06 00:00:00,10999925.0
777,2013-04-08 00:00:00,11008200.0
778,2013-04-10 00:00:00,11017000.0
779,2013-04-12 00:00:00,11025425.0
780,2013-04-14 00:00:00,11033475.0
781,2013-04-16 00:00:00,11042050.0
782,2013-04-18 00:00:00,11050300.0
783,2013-04-20 00:00:00,11057050.0
784,2013-04-22 00:00:00,11065450.0
785,2013-04-24 00:00:00,11073800.0
786,2013-04-26 00:00:00,11082075.0
787,2013-04-28 00:00:00,11090225.0
788,2013-04-30 00:00:00,11098475.0
789,2013-05-02 00:00:00,11105600.0
790,2013-05-04 00:00:00,11113125.0
791,2013-05-06 00:00:00,11121050.0
792,2013-05-08 00:00:00,11129525.0
793,2013-05-10 00:00:00,11137850.0
794,2013-05-12 00:00:00,11146675.0
795,2013-05-14 00:00:00,11154850.0
796,2013-05-16 00:00:00,11162150.0
797,2013-05-18 00:00:00,11169850.0
798,2013-05-20 00:00:00,11177150.0
799,2013-05-22 00:00:00,11185025.0
800,2013-05-24 00:00:00,11193100.0
801,2013-05-26 00:00:00,11201425.0
802,2013-05-28 00:00:00,11209775.0
803,2013-05-30 00:00:00,11218200.0
804,2013-06-01 00:00:00,11227800.0
805,2013-06-03 00:00:00,11238125.0
806,2013-06-05 00:00:00,11248425.0
807,2013-06-07 00:00:00,11256900.0
808,2013-06-09 00:00:00,11265275.0
809,2013-06-11 00:00:00,11274175.0
810,2013-06-13 00:00:00,11284000.0
811,2013-06-15 00:00:00,11292700.0
812,2013-06-17 00:00:00,11301225.0
813,2013-06-19 00:00:00,11308000.0
814,2013-06-21 00:00:00,11315975.0
815,2013-06-23 00:00:00,11324675.0
816,2013-06-25 00:00:00,11331950.0
817,2013-06-27 00:00:00,11340825.0
818,2013-06-29 00:00:00,11349050.0
819,2013-07-01 00:00:00,11356975.0
820,2013-07-03 00:00:00,11365275.0
821,2013-07-05 00:00:00,11373950.0
822,2013-07-07 00:00:00,11383325.0
823,2013-07-09 00:00:00,11393000.0
824,2013-07-11 00:00:00,11402075.0
825,2013-07-13 00:00:00,11409975.0
826,2013-07-15 00:00:00,11418325.0
827,2013-07-17 00:00:00,11426650.0
828,2013-07-19 00:00:00,11435175.0
829,2013-07-21 00:00:00,11444725.0
830,2013-07-23 00:00:00,11452850.0
831,2013-07-25 00:00:00,11460125.0
832,2013-07-27 00:00:00,11468700.0
833,2013-07-29 00:00:00,11477275.0
834,2013-07-31 00:00:00,11486875.0
835,2013-08-02 00:00:00,11496250.0
836,2013-08-04 00:00:00,11505000.0
837,2013-08-06 00:00:00,11514525.0
838,2013-08-08 00:00:00,11523975.0
839,2013-08-10 00:00:00,11534150.0
840,2013-08-12 00:00:00,11545225.0
841,2013-08-14 00:00:00,11553875.0
842,2013-08-16 00:00:00,11562350.0
843,2013-08-18 00:00:00,11571950.0
844,2013-08-20 00:00:00,11580925.0
845,2013-08-22 00:00:00,11591275.0
846,2013-08-24 00:00:00,11601300.0
847,2013-08-26 00:00:00,11608950.0
848,2013-08-28 00:00:00,11617425.0
849,2013-08-30 00:00:00,11627225.0
850,2013-09-01 00:00:00,11638150.0
851,2013-09-03 00:00:00,11648650.0
852,2013-09-05 00:00:00,11657075.0
853,2013-09-07 00:00:00,11665900.0
854,2013-09-09 00:00:00,11674450.0
855,2013-09-11 00:00:00,11684125.0
856,2013-09-13 00:00:00,11694575.0
857,2013-09-15 00:00:00,11704550.0
858,2013-09-17 00:00:00,11713200.0
859,2013-09-19 00:00:00,11721850.0
860,2013-09-21 00:00:00,11731350.0
861,2013-09-23 00:00:00,11742025.0
862,2013-09-25 00:00:00,11752400.0
863,2013-09-27 00:00:00,11761075.0
864,2013-09-29 00:00:00,11769550.0
865,2013-10-01 00:00:00,11778550.0
866,2013-10-03 00:00:00,11788075.0
867,2013-10-05 00:00:00,11797800.0
868,2013-10-07 00:00:00,11806675.0
869,2013-10-09 00:00:00,11815150.0
870,2013-10-11 00:00:00,11824450.0
871,2013-10-13 00:00:00,11835100.0
872,2013-10-15 00:00:00,11847750.0
873,2013-10-17 00:00:00,11857700.0
874,2013-10-19 00:00:00,11867500.0
875,2013-10-21 00:00:00,11877925.0
876,2013-10-23 00:00:00,11889425.0
877,2013-10-25 00:00:00,11900650.0
878,2013-10-27 00:00:00,11910050.0
879,2013-10-29 00:00:00,11918450.0
880,2013-10-31 00:00:00,11928575.0
881,2013-11-02 00:00:00,11938750.0
882,2013-11-04 00:00:00,11948650.0
883,2013-11-06 00:00:00,11956950.0
884,2013-11-08 00:00:00,11964125.0
885,2013-11-10 00:00:00,11971875.0
886,2013-11-12 00:00:00,11981475.0
887,2013-11-14 00:00:00,11990400.0
888,2013-11-16 00:00:00,11999375.0
889,2013-11-18 00:00:00,12008300.0
890,2013-11-20 00:00:00,12016250.0
891,2013-11-22 00:00:00,12024100.0
892,2013-11-24 00:00:00,12032450.0
893,2013-11-26 00:00:00,12041050.0
894,2013-11-28 00:00:00,12049750.0
895,2013-11-30 00:00:00,12058375.0
896,2013-12-02 00:00:00,12067325.0
897,2013-12-04 00:00:00,12076500.0
898,2013-12-06 00:00:00,12086050.0
899,2013-12-08 00:00:00,12095325.0
900,2013-12-10 00:00:00,12105225.0
901,2013-12-12 00:00:00,12113325.0
902,2013-12-14 00:00:00,12122475.0
903,2013-12-16 00:00:00,12131750.0
904,2013-12-18 00:00:00,12141925.0
905,2013-12-20 00:00:00,12152375.0
906,2013-12-22 00:00:00,12160600.0
907,2013-12-24 00:00:00,12168725.0
908,2013-12-26 00:00:00,12177500.0
909,2013-12-28 00:00:00,12185975.0
910,2013-12-30 00:00:00,12194575.0
911,2014-01-01 00:00:00,12203800.0
912,2014-01-03 00:00:00,12211525.0
913,2014-01-05 00:00:00,12219725.0
914,2014-01-07 00:00:00,12228825.0
915,2014-01-09 00:00:00,12238275.0
916,2014-01-11 00:00:00,12248500.0
917,2014-01-13 00:00:00,12258325.0
918,2014-01-15 00:00:00,12266450.0
919,2014-01-17 00:00:00,12275275.0
920,2014-01-19 00:00:00,12283950.0
921,2014-01-21 00:00:00,12292825.0
922,2014-01-23 00:00:00,12302025.0
923,2014-01-25 00:00:00,12310800.0
924,2014-01-27 00:00:00,12318825.0
925,2014-01-29 00:00:00,12326925.0
926,2014-01-31 00:00:00,12335525.0
927,2014-02-02 00:00:00,12344900.0
928,2014-02-04 00:00:00,12353975.0
929,2014-02-06 00:00:00,12362425.0
930,2014-02-08 00:00:00,12370925.0
931,2014-02-10 00:00:00,12378525.0
932,2014-02-12 00:00:00,12386875.0
933,2014-02-14 00:00:00,12396150.0
934,2014-02-16 00:00:00,12405475.0
935,2014-02-18 00:00:00,12413800.0
936,2014-02-20 00:00:00,12422850.0
937,2014-02-22 00:00:00,12431150.0
938,2014-02-24 00:00:00,12440250.0
939,2014-02-26 00:00:00,12449025.0
940,2014-02-28 00:00:00,12458275.0
941,2014-03-02 00:00:00,12465700.0
942,2014-03-04 00:00:00,12472725.0
943,2014-03-06 00:00:00,12480800.0
944,2014-03-08 00:00:00,12489350.0
945,2014-03-10 00:00:00,12497575.0
946,2014-03-12 00:00:00,12505975.0
947,2014-03-14 00:00:00,12513675.0
948,2014-03-16 00:00:00,12522000.0
949,2014-03-18 00:00:00,12530075.0
950,2014-03-20 00:00:00,12538125.0
951,2014-03-22 00:00:00,12547050.0
952,2014-03-24 00:00:00,12557150.0
953,2014-03-26 00:00:00,12564875.0
954,2014-03-28 00:00:00,12573625.0
955,2014-03-30 00:00:00,12581625.0
956,2014-04-01 00:00:00,12590300.0
957,2014-04-03 00:00:00,12600125.0
958,2014-04-05 00:00:00,12609625.0
959,2014-04-07 00:00:00,12616825.0
960,2014-04-09 00:00:00,12624350.0
961,2014-04-11 00:00:00,12632450.0
962,2014-04-13 00:00:00,12641425.0
963,2014-04-15 00:00:00,12650850.0
964,2014-04-17 00:00:00,12658925.0
965,2014-04-19 00:00:00,12666900.0
966,2014-04-21 00:00:00,12675575.0
967,2014-04-23 00:00:00,12683800.0
968,2014-04-25 00:00:00,12691575.0
969,2014-04-27 00:00:00,12700200.0
970,2014-04-29 00:00:00,12708300.0
971,2014-05-01 00:00:00,12716150.0
972,2014-05-03 00:00:00,12724000.0
973,2014-05-05 00:00:00,12730925.0
974,2014-05-07 00:00:00,12739650.0
975,2014-05-09 00:00:00,12747700.0
976,2014-05-11 00:00:00,12756275.0
977,2014-05-13 00:00:00,12764450.0
978,2014-05-15 00:00:00,12772350.0
979,2014-05-17 00:00:00,12781475.0
980,2014-05-19 00:00:00,12789750.0
981,2014-05-21 00:00:00,12798675.0
982,2014-05-23 00:00:00,12806800.0
983,2014-05-25 00:00:00,12814775.0
984,2014-05-27 00:00:00,12822225.0
985,2014-05-29 00:00:00,12829925.0
986,2014-05-31 00:00:00,12837800.0
987,2014-06-02 00:00:00,12846750.0
988,2014-06-04 00:00:00,12856025.0
989,2014-06-06 00:00:00,12863350.0
990,2014-06-08 00:00:00,12870925.0
991,2014-06-10 00:00:00,12878750.0
992,2014-06-12 00:00:00,12886275.0
993,2014-06-14 00:00:00,12894875.0
994,2014-06-16 00:00:00,12904600.0
995,2014-06-18 00:00:00,12913300.0
996,2014-06-20 00:00:00,12921700.0
997,2014-06-22 00:00:00,12931250.0
998,2014-06-24 00:00:00,12940150.0
999,2014-06-26 00:00:00,12949075.0
1000,2014-06-28 00:00:00,12958425.0
1001,2014-06-30 00:00:00,12965900.0
1002,2014-07-02 00:00:00,12972825.0
1003,2014-07-04 00:00:00,12980150.0
1004,2014-07-06 00:00:00,12987675.0
1005,2014-07-08 00:00:00,12995200.0
1006,2014-07-10 00:00:00,13003025.0
1007,2014-07-12 00:00:00,13010900.0
1008,2014-07-14 00:00:00,13018375.0
1009,2014-07-16 00:00:00,13025950.0
1010,2014-07-18 00:00:00,13034200.0
1011,2014-07-20 00:00:00,13042750.0
1012,2014-07-22 00:00:00,13050050.0
1013,2014-07-24 00:00:00,13057425.0
1014,2014-07-26 00:00:00,13064850.0
1015,2014-07-28 00:00:00,13072275.0
1016,2014-07-30 00:00:00,13080375.0
1017,2014-08-01 00:00:00,13088050.0
1018,2014-08-03 00:00:00,13096075.0
1019,2014-08-05 00:00:00,13102750.0
1020,2014-08-07 00:00:00,13110500.0
1021,2014-08-09 00:00:00,13118850.0
1022,2014-08-11 00:00:00,13127875.0
1023,2014-08-13 00:00:00,13136325.0
1024,2014-08-15 00:00:00,13144650.0
1025,2014-08-17 00:00:00,13153050.0
1026,2014-08-19 00:00:00,13162575.0
1027,2014-08-21 00:00:00,13170725.0
1028,2014-08-23 00:00:00,13178675.0
1029,2014-08-25 00:00:00,13186125.0
1030,2014-08-27 00:00:00,13194300.0
1031,2014-08-29 00:00:00,13202975.0
1032,2014-08-31 00:00:00,13212150.0
1033,2014-09-02 00:00:00,13219475.0
1034,2014-09-04 00:00:00,13227625.0
1035,2014-09-06 00:00:00,13235550.0
1036,2014-09-08 00:00:00,13243475.0
1037,2014-09-10 00:00:00,13250675.0
1038,2014-09-12 00:00:00,13258750.0
1039,2014-09-14 00:00:00,13267425.0
1040,2014-09-16 00:00:00,13275350.0
1041,2014-09-18 00:00:00,13284700.0
1042,2014-09-20 00:00:00,13293075.0
1043,2014-09-22 00:00:00,13301375.0
1044,2014-09-24 00:00:00,13309225.0
1045,2014-09-26 00:00:00,13317075.0
1046,2014-09-28 00:00:00,13323750.0
1047,2014-09-30 00:00:00,13331000.0
1048,2014-10-02 00:00:00,13338325.0
1049,2014-10-04 00:00:00,13345425.0
1050,2014-10-06 00:00:00,13353875.0
1051,2014-10-08 00:00:00,13360925.0
1052,2014-10-10 00:00:00,13368450.0
1053,2014-10-12 00:00:00,13375725.0
1054,2014-10-14 00:00:00,13383050.0
1055,2014-10-16 00:00:00,13390475.0
1056,2014-10-18 00:00:00,13398050.0
1057,2014-10-20 00:00:00,13404850.0
1058,2014-10-22 00:00:00,13412625.0
1059,2014-10-24 00:00:00,13420275.0
1060,2014-10-26 00:00:00,13427325.0
1061,2014-10-28 00:00:00,13434800.0
1062,2014-10-30 00:00:00,13442725.0
1063,2014-11-01 00:00:00,13451425.0
1064,2014-11-03 00:00:00,13459400.0
1065,2014-11-05 00:00:00,13467500.0
1066,2014-11-07 00:00:00,13474725.0
1067,2014-11-09 00:00:00,13482100.0
1068,2014-11-11 00:00:00,13489575.0
1069,2014-11-13 00:00:00,13496600.0
1070,2014-11-15 00:00:00,13504000.0
1071,2014-11-17 00:00:00,13511425.0
1072,2014-11-19 00:00:00,13518600.0
1073,2014-11-21 00:00:00,13525125.0
1074,2014-11-23 00:00:00,13532600.0
1075,2014-11-25 00:00:00,13539675.0
1076,2014-11-27 00:00:00,13546525.0
1077,2014-11-29 00:00:00,13554175.0
1078,2014-12-01 00:00:00,13561650.0
1079,2014-12-03 00:00:00,13568225.0
1080,2014-12-05 00:00:00,13575675.0
1081,2014-12-07 00:00:00,13582350.0
1082,2014-12-09 00:00:00,13589575.0
1083,2014-12-11 00:00:00,13597300.0
1084,2014-12-13 00:00:00,13604425.0
1085,2014-12-15 00:00:00,13611550.0
1086,2014-12-17 00:00:00,13618050.0
1087,2014-12-19 00:00:00,13624625.0
1088,2014-12-21 00:00:00,13631775.0
1089,2014-12-23 00:00:00,13639050.0
1090,2014-12-25 00:00:00,13647050.0
1091,2014-12-27 00:00:00,13654650.0
1092,2014-12-29 00:00:00,13663050.0
1093,2014-12-31 00:00:00,13670575.0
1094,2015-01-02 00:00:00,13678725.0
1095,2015-01-04 00:00:00,13686975.0
1096,2015-01-06 00:00:00,13695100.0
1097,2015-01-08 00:00:00,13702175.0
1098,2015-01-10 00:00:00,13709500.0
1099,2015-01-12 00:00:00,13717275.0
1100,2015-01-14 00:00:00,13723675.0
1101,2015-01-16 00:00:00,13730875.0
1102,2015-01-18 00:00:00,13738025.0
1103,2015-01-20 00:00:00,13744900.0
1104,2015-01-22 00:00:00,13752075.0
1105,2015-01-24 00:00:00,13758200.0
1106,2015-01-26 00:00:00,13764525.0
1107,2015-01-28 00:00:00,13772100.0
1108,2015-01-30 00:00:00,13779825.0
1109,2015-02-01 00:00:00,13787950.0
1110,2015-02-03 00:00:00,13795000.0
1111,2015-02-05 00:00:00,13802700.0
1112,2015-02-07 00:00:00,13811375.0
1113,2015-02-09 00:00:00,13818450.0
1114,2015-02-11 00:00:00,13825950.0
1115,2015-02-13 00:00:00,13832850.0
1116,2015-02-15 00:00:00,13840225.0
1117,2015-02-17 00:00:00,13848050.0
1118,2015-02-19 00:00:00,13856175.0
1119,2015-02-21 00:00:00,13863775.0
1120,2015-02-23 00:00:00,13870975.0
1121,2015-02-25 00:00:00,13878325.0
1122,2015-02-27 00:00:00,13885875.0
1123,2015-03-01 00:00:00,13893000.0
1124,2015-03-03 00:00:00,13900600.0
1125,2015-03-05 00:00:00,13907375.0
1126,2015-03-07 00:00:00,13914850.0
1127,2015-03-09 00:00:00,13922050.0
1128,2015-03-11 00:00:00,13929975.0
1129,2015-03-13 00:00:00,13936775.0
1130,2015-03-15 00:00:00,13943800.0
1131,2015-03-17 00:00:00,13950650.0
1132,2015-03-19 00:00:00,13957750.0
1133,2015-03-21 00:00:00,13964850.0
1134,2015-03-23 00:00:00,13971975.0
1135,2015-03-25 00:00:00,13980300.0
1136,2015-03-27 00:00:00,13988325.0
1137,2015-03-29 00:00:00,13995850.0
1138,2015-03-31 00:00:00,14003125.0
1139,2015-04-02 00:00:00,14010350.0
1140,2015-04-04 00:00:00,14017975.0
1141,2015-04-06 00:00:00,14024975.0
1142,2015-04-08 00:00:00,14031925.0
1143,2015-04-10 00:00:00,14039050.0
1144,2015-04-12 00:00:00,14045875.0
1145,2015-04-14 00:00:00,14053350.0
1146,2015-04-16 00:00:00,14059875.0
1147,2015-04-18 00:00:00,14066550.0
1148,2015-04-20 00:00:00,14074100.0
1149,2015-04-22 00:00:00,14081650.0
1150,2015-04-24 00:00:00,14088100.0
1151,2015-04-26 00:00:00,14095675.0
1152,2015-04-28 00:00:00,14103050.0
1153,2015-04-30 00:00:00,14109600.0
1154,2015-05-02 00:00:00,14116950.0
1155,2015-05-04 00:00:00,14123700.0
1156,2015-05-06 00:00:00,14131125.0
1157,2015-05-08 00:00:00,14138850.0
1158,2015-05-10 00:00:00,14145225.0
1159,2015-05-12 00:00:00,14152900.0
1160,2015-05-14 00:00:00,14160450.0
1161,2015-05-16 00:00:00,14167775.0
1162,2015-05-18 00:00:00,14175525.0
1163,2015-05-20 00:00:00,14182475.0
1164,2015-05-22 00:00:00,14189850.0
1165,2015-05-24 00:00:00,14196375.0
1166,2015-05-26 00:00:00,14203350.0
1167,2015-05-28 00:00:00,14210275.0
1168,2015-05-30 00:00:00,14217300.0
1169,2015-06-01 00:00:00,14224400.0
1170,2015-06-03 00:00:00,14231600.0
1171,2015-06-05 00:00:00,14238700.0
1172,2015-06-07 00:00:00,14246900.0
1173,2015-06-09 00:00:00,14254475.0
1174,2015-06-11 00:00:00,14262300.0
1175,2015-06-13 00:00:00,14269650.0
1176,2015-06-15 00:00:00,14277025.0
1177,2015-06-17 00:00:00,14283650.0
1178,2015-06-19 00:00:00,14291525.0
1179,2015-06-21 00:00:00,14297925.0
1180,2015-06-23 00:00:00,14305200.0
1181,2015-06-25 00:00:00,14312975.0
1182,2015-06-27 00:00:00,14319875.0
1183,2015-06-29 00:00:00,14326975.0
1184,2015-07-01 00:00:00,14334175.0
1185,2015-07-03 00:00:00,14341725.0
1186,2015-07-05 00:00:00,14349225.0
1187,2015-07-07 00:00:00,14357175.0
1188,2015-07-09 00:00:00,14364475.0
1189,2015-07-11 00:00:00,14372000.0
1190,2015-07-13 00:00:00,14379075.0
1191,2015-07-15 00:00:00,14386400.0
1192,2015-07-17 00:00:00,14393400.0
1193,2015-07-19 00:00:00,14400975.0
1194,2015-07-21 00:00:00,14408075.0
1195,2015-07-23 00:00:00,14415475.0
1196,2015-07-25 00:00:00,14423500.0
1197,2015-07-27 00:00:00,14430825.0
1198,2015-07-29 00:00:00,14438100.0
1199,2015-07-31 00:00:00,14445000.0
1200,2015-08-02 00:00:00,14453025.0
1201,2015-08-04 00:00:00,14460300.0
1202,2015-08-06 00:00:00,14466950.0
1203,2015-08-08 00:00:00,14474425.0
1204,2015-08-10 00:00:00,14482175.0
1205,2015-08-12 00:00:00,14489475.0
1206,2015-08-14 00:00:00,14496550.0
1207,2015-08-16 00:00:00,14503575.0
1208,2015-08-18 00:00:00,14510800.0
1209,2015-08-20 00:00:00,14518475.0
1210,2015-08-22 00:00:00,14526150.0
1211,2015-08-24 00:00:00,14533500.0
1212,2015-08-26 00:00:00,14540825.0
1213,2015-08-28 00:00:00,14548275.0
1214,2015-08-30 00:00:00,14556000.0
1215,2015-09-01 00:00:00,14563775.0
1216,2015-09-03 00:00:00,14571400.0
1217,2015-09-05 00:00:00,14578975.0
1218,2015-09-07 00:00:00,14586350.0
1219,2015-09-09 00:00:00,14593350.0
1220,2015-09-11 00:00:00,14601900.0
1221,2015-09-13 00:00:00,14608800.0
1222,2015-09-15 00:00:00,14616850.0
1223,2015-09-17 00:00:00,14624100.0
1224,2015-09-19 00:00:00,14631000.0
1225,2015-09-21 00:00:00,14637300.0
1226,2015-09-23 00:00:00,14645050.0
1227,2015-09-25 00:00:00,14652725.0
1228,2015-09-27 00:00:00,14660125.0
1229,2015-09-29 00:00:00,14667925.0
1230,2015-10-01 00:00:00,14675650.0
1231,2015-10-03 00:00:00,14682575.0
1232,2015-10-05 00:00:00,14690050.0
1233,2015-10-07 00:00:00,14697150.0
1234,2015-10-09 00:00:00,14703900.0
1235,2015-10-11 00:00:00,14711375.0
1236,2015-10-13 00:00:00,14718225.0
1237,2015-10-15 00:00:00,14726100.0
1238,2015-10-17 00:00:00,14733250.0
1239,2015-10-19 00:00:00,14740975.0
1240,2015-10-21 00:00:00,14747775.0
1241,2015-10-23 00:00:00,14755550.0
1242,2015-10-25 00:00:00,14762900.0
1243,2015-10-27 00:00:00,14770650.0
1244,2015-10-29 00:00:00,14777750.0
1245,2015-10-31 00:00:00,14785650.0
1246,2015-11-02 00:00:00,14793250.0
1247,2015-11-04 00:00:00,14801075.0
1248,2015-11-06 00:00:00,14808225.0
1249,2015-11-08 00:00:00,14815800.0
1250,2015-11-10 00:00:00,14823050.0
1251,2015-11-12 00:00:00,14831125.0
1252,2015-11-14 00:00:00,14839100.0
1253,2015-11-16 00:00:00,14847125.0
1254,2015-11-18 00:00:00,14854650.0
1255,2015-11-20 00:00:00,14862125.0
1256,2015-11-22 00:00:00,14870925.0
1257,2015-11-24 00:00:00,14878725.0
1258,2015-11-26 00:00:00,14886625.0
1259,2015-11-28 00:00:00,14894000.0
1260,2015-11-30 00:00:00,14901675.0
1261,2015-12-02 00:00:00,14910150.0
1262,2015-12-04 00:00:00,14917400.0
1263,2015-12-06 00:00:00,14925900.0
1264,2015-12-08 00:00:00,14933650.0
1265,2015-12-10 00:00:00,14942975.0
1266,2015-12-12 00:00:00,14951525.0
1267,2015-12-14 00:00:00,14959650.0
1268,2015-12-16 00:00:00,14968675.0
1269,2015-12-18 00:00:00,14976650.0
1270,2015-12-20 00:00:00,14984750.0
1271,2015-12-22 00:00:00,14992125.0
1272,2015-12-24 00:00:00,14999975.0
1273,2015-12-26 00:00:00,15007975.0
1274,2015-12-28 00:00:00,15016875.0
1275,2015-12-30 00:00:00,15025000.0
1276,2016-01-01 00:00:00,15031975.0
1277,2016-01-03 00:00:00,15039125.0
1278,2016-01-05 00:00:00,15047575.0
1279,2016-01-07 00:00:00,15054575.0
1280,2016-01-09 00:00:00,15062925.0
1281,2016-01-11 00:00:00,15071425.0
1282,2016-01-13 00:00:00,15079650.0
1283,2016-01-15 00:00:00,15086025.0
1284,2016-01-17 00:00:00,15092975.0
1285,2016-01-19 00:00:00,15101075.0
1286,2016-01-21 00:00:00,15108075.0
1287,2016-01-23 00:00:00,15116675.0
1288,2016-01-25 00:00:00,15125150.0
1289,2016-01-27 00:00:00,15133100.0
1290,2016-01-29 00:00:00,15141050.0
1291,2016-01-31 00:00:00,15149950.0
1292,2016-02-02 00:00:00,15158450.0
1293,2016-02-04 00:00:00,15167425.0
1294,2016-02-06 00:00:00,15176700.0
1295,2016-02-08 00:00:00,15185275.0
1296,2016-02-10 00:00:00,15193725.0
1297,2016-02-12 00:00:00,15202500.0
1298,2016-02-14 00:00:00,15210825.0
1299,2016-02-16 00:00:00,15218250.0
1300,2016-02-18 00:00:00,15226250.0
1301,2016-02-20 00:00:00,15233675.0
1302,2016-02-22 00:00:00,15240075.0
1303,2016-02-24 00:00:00,15246525.0
1304,2016-02-26 00:00:00,15253900.0
1305,2016-02-28 00:00:00,15260900.0
1306,2016-03-01 00:00:00,15267475.0
1307,2016-03-03 00:00:00,15274725.0
1308,2016-03-05 00:00:00,15282500.0
1309,2016-03-07 00:00:00,15289850.0
1310,2016-03-09 00:00:00,15297325.0
1311,2016-03-11 00:00:00,15305425.0
1312,2016-03-13 00:00:00,15312325.0
1313,2016-03-15 00:00:00,15319900.0
1314,2016-03-17 00:00:00,15327525.0
1315,2016-03-19 00:00:00,15334350.0
1316,2016-03-21 00:00:00,15341275.0
1317,2016-03-23 00:00:00,15348775.0
1318,2016-03-25 00:00:00,15356175.0
1319,2016-03-27 00:00:00,15363675.0
1320,2016-03-29 00:00:00,15371475.0
1321,2016-03-31 00:00:00,15378575.0
1322,2016-04-02 00:00:00,15385750.0
1323,2016-04-04 00:00:00,15393525.0
1324,2016-04-06 00:00:00,15401125.0
1325,2016-04-08 00:00:00,15408300.0
1326,2016-04-10 00:00:00,15416700.0
1327,2016-04-12 00:00:00,15424275.0
1328,2016-04-14 00:00:00,15432325.0
1329,2016-04-16 00:00:00,15439525.0
1330,2016-04-18 00:00:00,15446725.0
1331,2016-04-20 00:00:00,15455525.0
1332,2016-04-22 00:00:00,15462875.0
1333,2016-04-24 00:00:00,15469775.0
1334,2016-04-26 00:00:00,15476725.0
1335,2016-04-28 00:00:00,15483325.0
1336,2016-04-30 00:00:00,15490925.0
1337,2016-05-02 00:00:00,15498725.0
1338,2016-05-04 00:00:00,15506675.0
1339,2016-05-06 00:00:00,15514600.0
1340,2016-05-08 00:00:00,15522500.0
1341,2016-05-10 00:00:00,15530775.0
1342,2016-05-12 00:00:00,15537575.0
1343,2016-05-14 00:00:00,15544975.0
1344,2016-05-16 00:00:00,15551975.0
1345,2016-05-18 00:00:00,15559325.0
1346,2016-05-20 00:00:00,15566050.0
1347,2016-05-22 00:00:00,15574175.0
1348,2016-05-24 00:00:00,15582350.0
1349,2016-05-26 00:00:00,15589175.0
1350,2016-05-28 00:00:00,15595975.0
1351,2016-05-30 00:00:00,15603250.0
1352,2016-06-01 00:00:00,15610000.0
1353,2016-06-03 00:00:00,15617000.0
1354,2016-06-05 00:00:00,15624225.0
1355,2016-06-07 00:00:00,15631975.0
1356,2016-06-09 00:00:00,15639700.0
1357,2016-06-11 00:00:00,15647200.0
1358,2016-06-13 00:00:00,15654875.0
1359,2016-06-15 00:00:00,15661975.0
1360,2016-06-17 00:00:00,15669425.0
1361,2016-06-19 00:00:00,15677800.0
1362,2016-06-21 00:00:00,15685625.0
1363,2016-06-23 00:00:00,15692350.0
1364,2016-06-25 00:00:00,15699625.0
1365,2016-06-27 00:00:00,15706950.0
1366,2016-06-29 00:00:00,15714300.0
1367,2016-07-01 00:00:00,15721925.0
1368,2016-07-03 00:00:00,15729500.0
1369,2016-07-05 00:00:00,15736900.0
1370,2016-07-07 00:00:00,15743825.0
1371,2016-07-09 00:00:00,15750587.5
1372,2016-07-11 00:00:00,15754325.0
1373,2016-07-13 00:00:00,15757725.0
1374,2016-07-15 00:00:00,15761175.0
1375,2016-07-17 00:00:00,15765000.0
1376,2016-07-19 00:00:00,15768450.0
1377,2016-07-21 00:00:00,15771987.5
1378,2016-07-23 00:00:00,15775237.5
1379,2016-07-25 00:00:00,15778425.0
1380,2016-07-27 00:00:00,15781637.5
1381,2016-07-29 00:00:00,15785175.0
1382,2016-07-31 00:00:00,15788587.5
1383,2016-08-02 00:00:00,15792425.0
1384,2016-08-04 00:00:00,15796412.5
1385,2016-08-06 00:00:00,15800600.0
1386,2016-08-08 00:00:00,15804300.0
1387,2016-08-10 00:00:00,15807737.5
1388,2016-08-12 00:00:00,15811475.0
1389,2016-08-14 00:00:00,15815550.0
1390,2016-08-16 00:00:00,15819062.5
1391,2016-08-18 00:00:00,15822525.0
1392,2016-08-20 00:00:00,15826387.5
1393,2016-08-22 00:00:00,15830400.0
1394,2016-08-24 00:00:00,15834137.5
1395,2016-08-26 00:00:00,15837412.5
1396,2016-08-28 00:00:00,15841112.5
1397,2016-08-30 00:00:00,15845025.0
1398,2016-09-01 00:00:00,15848450.0
1399,2016-09-03 00:00:00,15851937.5
1400,2016-09-05 00:00:00,15855925.0
1401,2016-09-07 00:00:00,15859525.0
1402,2016-09-09 00:00:00,15863100.0
1403,2016-09-11 00:00:00,15867087.5
1404,2016-09-13 00:00:00,15871187.5
1405,2016-09-15 00:00:00,15875062.5
1406,2016-09-17 00:00:00,15878837.5
1407,2016-09-19 00:00:00,15882312.5
1408,2016-09-21 00:00:00,15886275.0
1409,2016-09-23 00:00:00,15889737.5
1410,2016-09-25 00:00:00,15894125.0
1411,2016-09-27 00:00:00,15898125.0
1412,2016-09-29 00:00:00,15901762.5
1413,2016-10-01 00:00:00,15905500.0
1414,2016-10-03 00:00:00,15909150.0
1415,2016-10-05 00:00:00,15913212.5
1416,2016-10-07 00:00:00,15917012.5
1417,2016-10-09 00:00:00,15921125.0
1418,2016-10-11 00:00:00,15924412.5
1419,2016-10-13 00:00:00,15927812.5
1420,2016-10-15 00:00:00,15931287.5
1421,2016-10-17 00:00:00,15934475.0
1422,2016-10-19 00:00:00,15937975.0
1423,2016-10-21 00:00:00,15941700.0
1424,2016-10-23 00:00:00,15945362.5
1425,2016-10-25 00:00:00,15948887.5
1426,2016-10-27 00:00:00,15952637.5
1427,2016-10-29 00:00:00,15956400.0
1428,2016-10-31 00:00:00,15960337.5
1429,2016-11-02 00:00:00,15963800.0
1430,2016-11-04 00:00:00,15967187.5
1431,2016-11-06 00:00:00,15970937.5
1432,2016-11-08 00:00:00,15974875.0
1433,2016-11-10 00:00:00,15978812.5
1434,2016-11-12 00:00:00,15982950.0
1435,2016-11-14 00:00:00,15986875.0
1436,2016-11-16 00:00:00,15990962.5
1437,2016-11-18 00:00:00,15994800.0
1438,2016-11-20 00:00:00,15998175.0
1439,2016-11-22 00:00:00,16001587.5
1440,2016-11-24 00:00:00,16005450.0
1441,2016-11-26 00:00:00,16009262.5
1442,2016-11-28 00:00:00,16013112.5
1443,2016-11-30 00:00:00,16016750.0
1444,2016-12-02 00:00:00,16020362.5
1445,2016-12-04 00:00:00,16024362.5
1446,2016-12-06 00:00:00,16028137.5
1447,2016-12-08 00:00:00,16032275.0
1448,2016-12-10 00:00:00,16035612.5
1449,2016-12-12 00:00:00,16039900.0
1450,2016-12-14 00:00:00,16043862.5
1451,2016-12-16 00:00:00,16047112.5
1452,2016-12-18 00:00:00,16050675.0
1453,2016-12-20 00:00:00,16054287.5
1454,2016-12-22 00:00:00,16058262.5
1455,2016-12-24 00:00:00,16061875.0
1456,2016-12-26 00:00:00,16065712.5
1457,2016-12-28 00:00:00,16069712.5
1458,2016-12-30 00:00:00,16073550.0
1459,2017-01-01 00:00:00,16077350.0
1460,2017-01-03 00:00:00,16081387.5
1461,2017-01-05 00:00:00,16085050.0
1462,2017-01-07 00:00:00,16088787.5
1463,2017-01-09 00:00:00,16092575.0
1464,2017-01-11 00:00:00,16096487.5
1465,2017-01-13 00:00:00,16100512.5
1466,2017-01-15 00:00:00,16104750.0
1467,2017-01-17 00:00:00,16108837.5
1468,2017-01-19 00:00:00,16112887.5
1469,2017-01-21 00:00:00,16117512.5
1470,2017-01-23 00:00:00,16121412.5
1471,2017-01-25 00:00:00,16125137.5
1472,2017-01-27 00:00:00,16129200.0
1473,2017-01-29 00:00:00,16133187.5
1474,2017-01-31 00:00:00,16136800.0
1475,2017-02-02 00:00:00,16141162.5
1476,2017-02-04 00:00:00,16144825.0
1477,2017-02-06 00:00:00,16148375.0
1478,2017-02-08 00:00:00,16152087.5
1479,2017-02-10 00:00:00,16156037.5
1480,2017-02-12 00:00:00,16159525.0
1481,2017-02-14 00:00:00,16163675.0
1482,2017-02-16 00:00:00,16167300.0
1483,2017-02-18 00:00:00,16171075.0
1484,2017-02-20 00:00:00,16174600.0
1485,2017-02-22 00:00:00,16178050.0
1486,2017-02-24 00:00:00,16181962.5
1487,2017-02-26 00:00:00,16186275.0
1488,2017-02-28 00:00:00,16189987.5
1489,2017-03-02 00:00:00,16193750.0
1490,2017-03-04 00:00:00,16197287.5
1491,2017-03-06 00:00:00,16200900.0
1492,2017-03-08 00:00:00,16204587.5
1493,2017-03-10 00:00:00,16208387.5
1494,2017-03-12 00:00:00,16212187.5
1495,2017-03-14 00:00:00,16215950.0
1496,2017-03-16 00:00:00,16219637.5
1497,2017-03-18 00:00:00,16223525.0
1498,2017-03-20 00:00:00,16227287.5
1499,2017-03-22 00:00:00,16231050.0
1500,2017-03-24 00:00:00,16235100.0
1501,2017-03-26 00:00:00,16238837.5
1502,2017-03-28 00:00:00,16242425.0
1503,2017-03-30 00:00:00,16246200.0
1504,2017-04-01 00:00:00,16249537.5
1505,2017-04-03 00:00:00,16253712.5
1506,2017-04-05 00:00:00,16257300.0
1507,2017-04-07 00:00:00,16261162.5
1508,2017-04-09 00:00:00,16264862.5
1509,2017-04-11 00:00:00,16268787.5
1510,2017-04-13 00:00:00,16272150.0
1511,2017-04-15 00:00:00,16275762.5
1512,2017-04-17 00:00:00,16279312.5
1513,2017-04-19 00:00:00,16282925.0
1514,2017-04-21 00:00:00,16286737.5
1515,2017-04-23 00:00:00,16290462.5
1516,2017-04-25 00:00:00,16293862.5
1517,2017-04-27 00:00:00,16297612.5
1518,2017-04-29 00:00:00,16301475.0
1519,2017-05-01 00:00:00,16305237.5
1520,2017-05-03 00:00:00,16308862.5
1521,2017-05-05 00:00:00,16312575.0
1522,2017-05-07 00:00:00,16316762.5
1523,2017-05-09 00:00:00,16320950.0
1524,2017-05-11 00:00:00,16324487.5
1525,2017-05-13 00:00:00,16328387.5
1526,2017-05-15 00:00:00,16332562.5
1527,2017-05-17 00:00:00,16336150.0
1528,2017-05-19 00:00:00,16339975.0
1529,2017-05-21 00:00:00,16343875.0
1530,2017-05-23 00:00:00,16347800.0
1531,2017-05-25 00:00:00,16351762.5
1532,2017-05-27 00:00:00,16355775.0
1533,2017-05-29 00:00:00,16359725.0
1534,2017-05-31 00:00:00,16364012.5
1535,2017-06-02 00:00:00,16367962.5
1536,2017-06-04 00:00:00,16372375.0
1537,2017-06-06 00:00:00,16376312.5
1538,2017-06-08 00:00:00,16380437.5
1539,2017-06-10 00:00:00,16384087.5
1540,2017-06-12 00:00:00,16387750.0
1541,2017-06-14 00:00:00,16391262.5
1542,2017-06-16 00:00:00,16395025.0
1543,2017-06-18 00:00:00,16398650.0
1544,2017-06-20 00:00:00,16402262.5
1545,2017-06-22 00:00:00,16405750.0
1546,2017-06-24 00:00:00,16409575.0
1547,2017-06-26 00:00:00,16412875.0
1548,2017-06-28 00:00:00,16416475.0
1549,2017-06-30 00:00:00,16419900.0
1550,2017-07-02 00:00:00,16424300.0
1551,2017-07-04 00:00:00,16428337.5
1552,2017-07-06 00:00:00,16431975.0
1553,2017-07-08 00:00:00,16435887.5
1554,2017-07-10 00:00:00,16440075.0
1555,2017-07-12 00:00:00,16444450.0
1556,2017-07-14 00:00:00,16448150.0
1557,2017-07-16 00:00:00,16451775.0
1558,2017-07-18 00:00:00,16455687.5
1559,2017-07-20 00:00:00,16459575.0
1560,2017-07-22 00:00:00,16463500.0
1561,2017-07-24 00:00:00,16467875.0
1562,2017-07-26 00:00:00,16471562.5
1563,2017-07-28 00:00:00,16475362.5
1564,2017-07-30 00:00:00,16479162.5
1565,2017-08-01 00:00:00,16482837.5
1566,2017-08-03 00:00:00,16486462.5
1567,2017-08-05 00:00:00,16490912.5
1568,2017-08-07 00:00:00,16494575.0
1569,2017-08-09 00:00:00,16498350.0
1570,2017-08-11 00:00:00,16501825.0
1571,2017-08-13 00:00:00,16505362.5
1572,2017-08-15 00:00:00,16508887.5
1573,2017-08-17 00:00:00,16512750.0
1574,2017-08-19 00:00:00,16516500.0
1575,2017-08-21 00:00:00,16519562.5
1576,2017-08-23 00:00:00,16522662.5
1577,2017-08-25 00:00:00,16525187.5
1578,2017-08-27 00:00:00,16528437.5
1579,2017-08-29 00:00:00,16531912.5
1580,2017-08-31 00:00:00,16536050.0
1581,2017-09-02 00:00:00,16540275.0
1582,2017-09-04 00:00:00,16544387.5
1583,2017-09-06 00:00:00,16548875.0
1584,2017-09-08 00:00:00,16553262.5
1585,2017-09-10 00:00:00,16557100.0
1586,2017-09-12 00:00:00,16561625.0
1587,2017-09-14 00:00:00,16566175.0
1588,2017-09-16 00:00:00,16570537.5
1589,2017-09-18 00:00:00,16574325.0
1590,2017-09-20 00:00:00,16577737.5
1591,2017-09-22 00:00:00,16581675.0
1592,2017-09-24 00:00:00,16585562.5
1593,2017-09-26 00:00:00,16588850.0
1594,2017-09-28 00:00:00,16592900.0
1595,2017-09-30 00:00:00,16596737.5
1596,2017-10-02 00:00:00,16600237.5
1597,2017-10-04 00:00:00,16604200.0
1598,2017-10-06 00:00:00,16607750.0
1599,2017-10-08 00:00:00,16612000.0
1600,2017-10-10 00:00:00,16616012.5
1601,2017-10-12 00:00:00,16619662.5
1602,2017-10-14 00:00:00,16623125.0
1603,2017-10-16 00:00:00,16627737.5
1604,2017-10-18 00:00:00,16631675.0
1605,2017-10-20 00:00:00,16636137.5
1606,2017-10-22 00:00:00,16640325.0
1607,2017-10-24 00:00:00,16644550.0
1608,2017-10-26 00:00:00,16649112.5
1609,2017-10-28 00:00:00,16651475.0
1610,2017-10-30 00:00:00,16655237.5
1611,2017-11-01 00:00:00,16658325.0
1612,2017-11-03 00:00:00,16662275.0
1613,2017-11-05 00:00:00,16665662.5
1614,2017-11-07 00:00:00,16669275.0
1615,2017-11-09 00:00:00,16672987.5
1616,2017-11-11 00:00:00,16675487.5
1617,2017-11-13 00:00:00,16678237.5
1618,2017-11-15 00:00:00,16681737.5
1619,2017-11-17 00:00:00,16685725.0
1620,2017-11-19 00:00:00,16689425.0
1621,2017-11-21 00:00:00,16693775.0
1622,2017-11-23 00:00:00,16697587.5
1623,2017-11-25 00:00:00,16701400.0
1624,2017-11-27 00:00:00,16705437.5
1625,2017-11-29 00:00:00,16709550.0
1626,2017-12-01 00:00:00,16713925.0
1627,2017-12-03 00:00:00,16718137.5
1628,2017-12-05 00:00:00,16722625.0
1629,2017-12-07 00:00:00,16726862.5
1630,2017-12-09 00:00:00,16731000.0
1631,2017-12-11 00:00:00,16735187.5
1632,2017-12-13 00:00:00,16739462.5
1633,2017-12-15 00:00:00,16743887.5
1634,2017-12-17 00:00:00,16748337.5
1635,2017-12-19 00:00:00,16752362.5
1636,2017-12-21 00:00:00,16755712.5
1637,2017-12-23 00:00:00,16759387.5
1638,2017-12-25 00:00:00,16762975.0
1639,2017-12-27 00:00:00,16766700.0
1640,2017-12-29 00:00:00,16770625.0
1641,2017-12-31 00:00:00,16774500.0
1642,2018-01-02 00:00:00,16778587.5
1643,2018-01-04 00:00:00,16782650.0
1644,2018-01-06 00:00:00,16786537.5
1645,2018-01-08 00:00:00,16790637.5
1646,2018-01-10 00:00:00,16794762.5
1647,2018-01-12 00:00:00,16799400.0
1648,2018-01-14 00:00:00,16803200.0
1649,2018-01-16 00:00:00,16807062.5
1650,2018-01-18 00:00:00,16811312.5
1651,2018-01-20 00:00:00,16815600.0
1652,2018-01-22 00:00:00,16820025.0
1653,2018-01-24 00:00:00,16824437.5
1654,2018-01-26 00:00:00,16828350.0
1655,2018-01-28 00:00:00,16832287.5
1656,2018-01-30 00:00:00,16836225.0
1657,2018-02-01 00:00:00,16839687.5
1658,2018-02-03 00:00:00,16843762.5
1659,2018-02-05 00:00:00,16848300.0
1660,2018-02-07 00:00:00,16852187.5
1661,2018-02-09 00:00:00,16855512.5
1662,2018-02-11 00:00:00,16859187.5
1663,2018-02-13 00:00:00,16863312.5
1664,2018-02-15 00:00:00,16867187.5
1665,2018-02-17 00:00:00,16871012.5
1666,2018-02-19 00:00:00,16875062.5
1667,2018-02-21 00:00:00,16878937.5
1668,2018-02-23 00:00:00,16882650.0
1669,2018-02-25 00:00:00,16886600.0
1670,2018-02-27 00:00:00,16890362.5
1671,2018-03-01 00:00:00,16894362.5
1672,2018-03-03 00:00:00,16898562.5
1673,2018-03-05 00:00:00,16902275.0
1674,2018-03-07 00:00:00,16906187.5
1675,2018-03-09 00:00:00,16910037.5
1676,2018-03-11 00:00:00,16913700.0
1677,2018-03-13 00:00:00,16917687.5
1678,2018-03-15 00:00:00,16921287.5
1679,2018-03-17 00:00:00,16925100.0
1680,2018-03-19 00:00:00,16928925.0
1681,2018-03-21 00:00:00,16932412.5
1682,2018-03-23 00:00:00,16935862.5
1683,2018-03-25 00:00:00,16939500.0
1684,2018-03-27 00:00:00,16943275.0
1685,2018-03-29 00:00:00,16946862.5
1686,2018-03-31 00:00:00,16950487.5
1687,2018-04-02 00:00:00,16954462.5
1688,2018-04-04 00:00:00,16958337.5
1689,2018-04-06 00:00:00,16962012.5
1690,2018-04-08 00:00:00,16966275.0
1691,2018-04-10 00:00:00,16970162.5
1692,2018-04-12 00:00:00,16974100.0
1693,2018-04-14 00:00:00,16977875.0
1694,2018-04-16 00:00:00,16981675.0
1695,2018-04-18 00:00:00,16985700.0
1696,2018-04-20 00:00:00,16989637.5
1697,2018-04-22 00:00:00,16993625.0
1698,2018-04-24 00:00:00,16997525.0
1699,2018-04-26 00:00:00,17000825.0
1700,2018-04-28 00:00:00,17004200.0
1701,2018-04-30 00:00:00,17008112.5
1702,2018-05-02 00:00:00,17011837.5
1703,2018-05-04 00:00:00,17015450.0
1704,2018-05-06 00:00:00,17019175.0
1705,2018-05-08 00:00:00,17022787.5
1706,2018-05-10 00:00:00,17026712.5
1707,2018-05-12 00:00:00,17030362.5
