,2016-04-24 10:00:00,2.2
0,2016-04-24 21:57:00,1.7666666666666666
1,2016-04-25 09:54:00,2.35
2,2016-04-25 21:51:00,2.033333333333333
3,2016-04-26 09:48:00,2.0166666666666666
4,2016-04-26 21:45:00,2.566666666666667
5,2016-04-27 09:42:00,4.033333333333333
6,2016-04-27 21:39:00,2.066666666666667
7,2016-04-28 09:36:00,2.3833333333333333
8,2016-04-28 21:33:00,2.183333333333333
9,2016-04-29 09:30:00,2.583333333333333
10,2016-04-29 21:27:00,2.6666666666666665
11,2016-04-30 09:24:00,2.7666666666666666
12,2016-04-30 21:21:00,1.8666666666666667
13,2016-05-01 09:18:00,1.7333333333333334
14,2016-05-01 21:15:00,2.2
15,2016-05-02 09:12:00,2.433333333333333
16,2016-05-02 21:09:00,1.9166666666666667
17,2016-05-03 09:06:00,2.033333333333333
18,2016-05-03 21:03:00,2.716666666666667
19,2016-05-04 09:00:00,3.4
20,2016-05-04 20:57:00,2.1
21,2016-05-05 08:54:00,2.8833333333333333
22,2016-05-05 20:51:00,2.7
23,2016-05-06 08:48:00,3.633333333333333
24,2016-05-06 20:45:00,3.1666666666666665
25,2016-05-07 08:42:00,1.3833333333333333
26,2016-05-07 20:39:00,1.6666666666666667
27,2016-05-08 08:36:00,2.4
28,2016-05-08 20:33:00,2.05
29,2016-05-09 08:30:00,3.083333333333333
30,2016-05-09 20:27:00,1.9
31,2016-05-10 08:24:00,2.6
32,2016-05-10 20:21:00,0.016666666666666666
33,2016-05-11 08:18:00,2.3666666666666667
34,2016-05-11 20:15:00,2.2666666666666666
35,2016-05-12 08:12:00,2.783333333333333
36,2016-05-12 20:09:00,2.2666666666666666
37,2016-05-13 08:06:00,2.433333333333333
38,2016-05-13 20:03:00,2.8
39,2016-05-14 08:00:00,2.183333333333333
40,2016-05-14 19:57:00,1.5166666666666666
41,2016-05-15 07:54:00,1.6166666666666667
42,2016-05-15 19:51:00,1.9833333333333332
43,2016-05-16 07:48:00,2.033333333333333
44,2016-05-16 19:45:00,2.816666666666667
45,2016-05-17 07:42:00,2.4
46,2016-05-17 19:39:00,2.6166666666666667
47,2016-05-18 07:36:00,2.216666666666667
48,2016-05-18 19:33:00,2.9166666666666665
49,2016-05-19 07:30:00,2.783333333333333
50,2016-05-19 19:27:00,1.8666666666666667
51,2016-05-20 07:24:00,2.6333333333333333
52,2016-05-20 19:21:00,1.9833333333333332
53,2016-05-21 07:18:00,2.716666666666667
54,2016-05-21 19:15:00,2.5166666666666666
55,2016-05-22 07:12:00,2.1166666666666667
56,2016-05-22 19:09:00,2.466666666666667
57,2016-05-23 07:06:00,1.4166666666666667
58,2016-05-23 19:03:00,3.733333333333333
59,2016-05-24 07:00:00,3.5166666666666666
60,2016-05-24 18:57:00,2.3833333333333333
61,2016-05-25 06:54:00,3.0
62,2016-05-25 18:51:00,2.5166666666666666
63,2016-05-26 06:48:00,2.066666666666667
64,2016-05-26 18:45:00,2.1666666666666665
65,2016-05-27 06:42:00,2.1166666666666667
66,2016-05-27 18:39:00,2.466666666666667
67,2016-05-28 06:36:00,1.5666666666666669
68,2016-05-28 18:33:00,3.066666666666667
69,2016-05-29 06:30:00,2.4166666666666665
70,2016-05-29 18:27:00,1.75
71,2016-05-30 06:24:00,2.0166666666666666
72,2016-05-30 18:21:00,2.3666666666666667
73,2016-05-31 06:18:00,2.4833333333333334
74,2016-05-31 18:15:00,3.1166666666666667
75,2016-06-01 06:12:00,2.85
76,2016-06-01 18:09:00,2.85
77,2016-06-02 06:06:00,2.2333333333333334
78,2016-06-02 18:03:00,2.4166666666666665
79,2016-06-03 06:00:00,2.316666666666667
80,2016-06-03 17:57:00,5.383333333333334
81,2016-06-04 05:54:00,1.3
82,2016-06-04 17:51:00,2.4166666666666665
83,2016-06-05 05:48:00,1.6333333333333333
84,2016-06-05 17:45:00,2.066666666666667
85,2016-06-06 05:42:00,2.4
86,2016-06-06 17:39:00,3.05
87,2016-06-07 05:36:00,2.2333333333333334
88,2016-06-07 17:33:00,2.9
89,2016-06-08 05:30:00,2.1166666666666667
90,2016-06-08 17:27:00,3.2333333333333334
91,2016-06-09 05:24:00,2.05
92,2016-06-09 17:21:00,2.15
93,2016-06-10 05:18:00,2.3833333333333333
94,2016-06-10 17:15:00,2.7
95,2016-06-11 05:12:00,2.533333333333333
96,2016-06-11 17:09:00,2.0166666666666666
97,2016-06-12 05:06:00,2.35
98,2016-06-12 17:03:00,2.2666666666666666
99,2016-06-13 05:00:00,2.2666666666666666
100,2016-06-13 16:57:00,3.5166666666666666
101,2016-06-14 04:54:00,2.15
102,2016-06-14 16:51:00,3.733333333333333
103,2016-06-15 04:48:00,3.9166666666666665
104,2016-06-15 16:45:00,2.25
105,2016-06-16 04:42:00,2.95
106,2016-06-16 16:39:00,2.4166666666666665
107,2016-06-17 04:36:00,2.566666666666667
108,2016-06-17 16:33:00,2.066666666666667
109,2016-06-18 04:30:00,2.583333333333333
110,2016-06-18 16:27:00,2.75
111,2016-06-19 04:24:00,2.316666666666667
112,2016-06-19 16:21:00,2.75
113,2016-06-20 04:18:00,4.4
114,2016-06-20 16:15:00,2.183333333333333
115,2016-06-21 04:12:00,2.583333333333333
116,2016-06-21 16:09:00,3.2666666666666666
117,2016-06-22 04:06:00,4.3
118,2016-06-22 16:03:00,3.3833333333333333
119,2016-06-23 04:00:00,4.783333333333333
120,2016-06-23 15:57:00,2.583333333333333
121,2016-06-24 03:54:00,2.466666666666667
122,2016-06-24 15:51:00,3.083333333333333
123,2016-06-25 03:48:00,2.4166666666666665
124,2016-06-25 15:45:00,2.533333333333333
125,2016-06-26 03:42:00,2.033333333333333
126,2016-06-26 15:39:00,2.433333333333333
127,2016-06-27 03:36:00,1.5333333333333334
128,2016-06-27 15:33:00,2.816666666666667
129,2016-06-28 03:30:00,2.083333333333333
130,2016-06-28 15:27:00,2.9
131,2016-06-29 03:24:00,2.5166666666666666
132,2016-06-29 15:21:00,3.0166666666666666
133,2016-06-30 03:18:00,1.7666666666666666
134,2016-06-30 15:15:00,2.4833333333333334
135,2016-07-01 03:12:00,2.5166666666666666
136,2016-07-01 15:09:00,3.5
137,2016-07-02 03:06:00,1.8333333333333333
138,2016-07-02 15:03:00,2.466666666666667
139,2016-07-03 03:00:00,2.433333333333333
140,2016-07-03 14:57:00,1.8833333333333333
141,2016-07-04 02:54:00,2.25
142,2016-07-04 14:51:00,3.3833333333333333
143,2016-07-05 02:48:00,1.6666666666666667
144,2016-07-05 14:45:00,2.9166666666666665
145,2016-07-06 02:42:00,1.8833333333333333
146,2016-07-06 14:39:00,3.1166666666666667
147,2016-07-07 02:36:00,2.15
148,2016-07-07 14:33:00,3.8333333333333335
149,2016-07-08 02:30:00,2.35
150,2016-07-08 14:27:00,2.433333333333333
151,2016-07-09 02:24:00,1.8
152,2016-07-09 14:21:00,5.5
153,2016-07-10 02:18:00,1.5333333333333334
154,2016-07-10 14:15:00,1.6666666666666667
155,2016-07-11 02:12:00,2.0
156,2016-07-11 14:09:00,2.6333333333333333
157,2016-07-12 02:06:00,1.7333333333333334
158,2016-07-12 14:03:00,2.333333333333333
159,2016-07-13 02:00:00,2.833333333333333
160,2016-07-13 13:57:00,2.8
161,2016-07-14 01:54:00,2.1333333333333333
162,2016-07-14 13:51:00,3.983333333333333
163,2016-07-15 01:48:00,1.9833333333333332
164,2016-07-15 13:45:00,2.466666666666667
165,2016-07-16 01:42:00,1.6
166,2016-07-16 13:39:00,2.083333333333333
167,2016-07-17 01:36:00,2.033333333333333
168,2016-07-17 13:33:00,1.9833333333333332
169,2016-07-18 01:30:00,2.433333333333333
170,2016-07-18 13:27:00,3.05
171,2016-07-19 01:24:00,1.6833333333333331
172,2016-07-19 13:21:00,2.85
173,2016-07-20 01:18:00,1.85
174,2016-07-20 13:15:00,2.55
175,2016-07-21 01:12:00,1.6166666666666667
176,2016-07-21 13:09:00,3.05
177,2016-07-22 01:06:00,2.55
178,2016-07-22 13:03:00,2.583333333333333
179,2016-07-23 01:00:00,4.833333333333333
180,2016-07-23 12:57:00,2.333333333333333
181,2016-07-24 00:54:00,1.4
182,2016-07-24 12:51:00,1.9166666666666667
183,2016-07-25 00:48:00,1.6166666666666667
184,2016-07-25 12:45:00,2.8833333333333333
185,2016-07-26 00:42:00,1.9666666666666663
186,2016-07-26 12:39:00,2.45
187,2016-07-27 00:36:00,1.4833333333333334
188,2016-07-27 12:33:00,2.85
189,2016-07-28 00:30:00,2.45
190,2016-07-28 12:27:00,3.8333333333333335
191,2016-07-29 00:24:00,2.2
192,2016-07-29 12:21:00,2.4166666666666665
193,2016-07-30 00:18:00,2.1333333333333333
194,2016-07-30 12:15:00,1.9333333333333331
195,2016-07-31 00:12:00,1.5833333333333333
196,2016-07-31 12:09:00,2.466666666666667
197,2016-08-01 00:06:00,1.7666666666666666
198,2016-08-01 12:03:00,3.283333333333333
199,2016-08-02 00:00:00,1.9833333333333332
200,2016-08-02 11:57:00,2.65
201,2016-08-02 23:54:00,2.4
202,2016-08-03 11:51:00,2.2666666666666666
203,2016-08-03 23:48:00,1.5166666666666666
204,2016-08-04 11:45:00,3.4
205,2016-08-04 23:42:00,1.9
206,2016-08-05 11:39:00,3.033333333333333
207,2016-08-05 23:36:00,2.2333333333333334
208,2016-08-06 11:33:00,2.35
209,2016-08-06 23:30:00,1.8833333333333333
210,2016-08-07 11:27:00,1.5
211,2016-08-07 23:24:00,1.6666666666666667
212,2016-08-08 11:21:00,2.1666666666666665
213,2016-08-08 23:18:00,1.8166666666666669
214,2016-08-09 11:15:00,2.5
215,2016-08-09 23:12:00,1.9666666666666663
216,2016-08-10 11:09:00,2.6166666666666667
217,2016-08-10 23:06:00,2.8666666666666667
218,2016-08-11 11:03:00,3.2
219,2016-08-11 23:00:00,1.9833333333333332
220,2016-08-12 10:57:00,2.716666666666667
221,2016-08-12 22:54:00,2.083333333333333
222,2016-08-13 10:51:00,2.5
223,2016-08-13 22:48:00,1.7333333333333334
224,2016-08-14 10:45:00,1.6333333333333333
225,2016-08-14 22:42:00,2.1
226,2016-08-15 10:39:00,1.9833333333333332
227,2016-08-15 22:36:00,1.5666666666666669
228,2016-08-16 10:33:00,3.4166666666666665
229,2016-08-16 22:30:00,4.2
230,2016-08-17 10:27:00,2.4166666666666665
231,2016-08-17 22:24:00,1.8333333333333333
232,2016-08-18 10:21:00,2.683333333333333
233,2016-08-18 22:18:00,2.35
234,2016-08-19 10:15:00,3.433333333333333
235,2016-08-19 22:12:00,2.05
236,2016-08-20 10:09:00,3.05
237,2016-08-20 22:06:00,1.5666666666666669
238,2016-08-21 10:03:00,1.8833333333333333
239,2016-08-21 22:00:00,1.8666666666666667
240,2016-08-22 09:57:00,2.85
241,2016-08-22 21:54:00,3.15
242,2016-08-23 09:51:00,3.0166666666666666
243,2016-08-23 21:48:00,2.2666666666666666
244,2016-08-24 09:45:00,4.266666666666667
245,2016-08-24 21:42:00,2.4833333333333334
246,2016-08-25 09:39:00,4.433333333333334
247,2016-08-25 21:36:00,2.0166666666666666
248,2016-08-26 09:33:00,3.05
249,2016-08-26 21:30:00,2.1333333333333333
250,2016-08-27 09:27:00,2.3666666666666667
251,2016-08-27 21:24:00,1.9666666666666663
252,2016-08-28 09:21:00,1.7833333333333334
253,2016-08-28 21:18:00,1.8666666666666667
254,2016-08-29 09:15:00,3.65
255,2016-08-29 21:12:00,2.25
256,2016-08-30 09:09:00,2.316666666666667
257,2016-08-30 21:06:00,2.5
258,2016-08-31 09:03:00,2.6666666666666665
259,2016-08-31 21:00:00,2.8833333333333333
260,2016-09-01 08:57:00,2.1166666666666667
261,2016-09-01 20:54:00,2.85
262,2016-09-02 09:23:00,2.2
263,2016-09-02 21:20:00,2.3833333333333333
264,2016-09-03 09:17:00,1.4833333333333334
265,2016-09-03 21:14:00,2.9
266,2016-09-04 09:11:00,2.0
267,2016-09-04 21:08:00,1.9666666666666663
268,2016-09-05 09:05:00,2.6166666666666667
269,2016-09-05 21:02:00,2.25
270,2016-09-06 08:59:00,2.2
271,2016-09-06 20:56:00,2.466666666666667
272,2016-09-07 08:53:00,2.033333333333333
273,2016-09-07 20:50:00,2.9
274,2016-09-08 08:47:00,2.2
275,2016-09-08 20:44:00,3.1666666666666665
276,2016-09-09 08:41:00,2.4166666666666665
277,2016-09-09 20:38:00,2.533333333333333
278,2016-09-10 08:35:00,2.316666666666667
279,2016-09-10 20:32:00,2.2666666666666666
280,2016-09-11 08:29:00,1.75
281,2016-09-11 20:26:00,2.1333333333333333
282,2016-09-12 08:23:00,2.55
283,2016-09-12 20:20:00,2.583333333333333
284,2016-09-13 08:17:00,2.583333333333333
285,2016-09-13 20:14:00,2.7666666666666666
286,2016-09-14 08:11:00,3.1666666666666665
287,2016-09-14 20:08:00,3.216666666666667
288,2016-09-15 08:05:00,2.2333333333333334
289,2016-09-15 20:02:00,2.7666666666666666
290,2016-09-16 07:59:00,2.3
291,2016-09-16 19:56:00,6.25
292,2016-09-17 07:53:00,2.0166666666666666
293,2016-09-17 19:50:00,2.433333333333333
294,2016-09-18 07:47:00,1.5833333333333333
295,2016-09-18 19:44:00,2.083333333333333
296,2016-09-19 07:41:00,2.1333333333333333
297,2016-09-19 19:38:00,2.216666666666667
298,2016-09-20 07:35:00,2.4
299,2016-09-20 19:32:00,1.6666666666666667
300,2016-09-21 07:29:00,2.3666666666666667
301,2016-09-21 19:26:00,2.283333333333333
302,2016-09-22 07:23:00,1.75
303,2016-09-22 19:20:00,2.75
304,2016-09-23 07:17:00,1.9166666666666667
305,2016-09-23 19:14:00,3.1166666666666667
306,2016-09-24 07:11:00,2.0
307,2016-09-24 19:08:00,3.0
308,2016-09-25 07:05:00,1.9166666666666667
309,2016-09-25 19:02:00,2.2666666666666666
310,2016-09-26 06:59:00,2.1166666666666667
311,2016-09-26 18:56:00,3.25
312,2016-09-27 06:53:00,1.85
313,2016-09-27 18:50:00,3.55
314,2016-09-28 06:47:00,2.183333333333333
315,2016-09-28 18:44:00,4.15
316,2016-09-29 06:41:00,2.466666666666667
317,2016-09-29 18:38:00,2.75
318,2016-09-30 06:35:00,3.3
319,2016-09-30 18:32:00,4.216666666666667
320,2016-10-01 06:29:00,2.1333333333333333
321,2016-10-01 18:26:00,2.833333333333333
322,2016-10-02 06:23:00,1.8166666666666669
323,2016-10-02 18:20:00,3.683333333333333
324,2016-10-03 06:17:00,2.183333333333333
325,2016-10-03 18:14:00,2.716666666666667
326,2016-10-04 06:11:00,2.8666666666666667
327,2016-10-04 18:08:00,3.033333333333333
328,2016-10-05 06:05:00,2.283333333333333
329,2016-10-05 18:02:00,3.1166666666666667
330,2016-10-06 05:59:00,2.816666666666667
331,2016-10-06 17:56:00,3.6666666666666665
332,2016-10-07 05:53:00,2.0
333,2016-10-07 17:50:00,3.783333333333333
334,2016-10-08 05:47:00,2.1666666666666665
335,2016-10-08 17:44:00,3.4833333333333334
336,2016-10-09 05:41:00,2.0166666666666666
337,2016-10-09 17:38:00,2.55
338,2016-10-10 05:35:00,1.7333333333333334
339,2016-10-10 17:32:00,2.966666666666667
340,2016-10-11 05:29:00,3.0
341,2016-10-11 17:26:00,3.883333333333333
342,2016-10-12 05:23:00,2.4166666666666665
343,2016-10-12 17:20:00,4.033333333333333
344,2016-10-13 05:17:00,1.7666666666666666
345,2016-10-13 17:14:00,3.033333333333333
346,2016-10-14 05:11:00,3.35
347,2016-10-14 17:08:00,3.05
348,2016-10-15 05:05:00,1.55
349,2016-10-15 17:02:00,3.2666666666666666
350,2016-10-16 04:59:00,1.3166666666666669
351,2016-10-16 16:56:00,2.533333333333333
352,2016-10-17 04:53:00,2.216666666666667
353,2016-10-17 16:50:00,4.3
354,2016-10-18 04:47:00,1.7
355,2016-10-18 16:44:00,3.4833333333333334
356,2016-10-19 04:41:00,2.6333333333333333
357,2016-10-19 16:38:00,3.05
358,2016-10-20 04:35:00,2.083333333333333
359,2016-10-20 16:32:00,3.433333333333333
360,2016-10-21 04:29:00,2.466666666666667
361,2016-10-21 16:26:00,3.6666666666666665
362,2016-10-22 04:23:00,2.216666666666667
363,2016-10-22 16:20:00,2.9
364,2016-10-23 04:17:00,1.8666666666666667
365,2016-10-23 16:14:00,2.716666666666667
366,2016-10-24 04:11:00,1.6666666666666667
367,2016-10-24 16:08:00,3.5
368,2016-10-25 04:05:00,2.2
369,2016-10-25 16:02:00,4.0
370,2016-10-26 03:59:00,1.1666666666666667
371,2016-10-26 15:56:00,3.4833333333333334
372,2016-10-27 03:53:00,2.933333333333333
373,2016-10-27 15:50:00,3.45
374,2016-10-28 03:47:00,1.8
375,2016-10-28 15:44:00,2.8
376,2016-10-29 03:41:00,2.0
377,2016-10-29 15:38:00,3.3833333333333333
378,2016-10-30 03:35:00,1.6833333333333331
379,2016-10-30 15:32:00,2.9166666666666665
380,2016-10-31 03:29:00,2.2
381,2016-10-31 15:26:00,3.933333333333333
382,2016-11-01 03:23:00,2.466666666666667
383,2016-11-01 15:20:00,3.9166666666666665
384,2016-11-02 03:17:00,2.05
385,2016-11-02 15:14:00,4.0
386,2016-11-03 03:11:00,2.783333333333333
387,2016-11-03 15:08:00,3.433333333333333
388,2016-11-04 03:05:00,2.7666666666666666
389,2016-11-04 15:02:00,3.333333333333333
390,2016-11-05 02:59:00,1.95
391,2016-11-05 14:56:00,2.5166666666666666
392,2016-11-06 02:53:00,2.033333333333333
393,2016-11-06 14:50:00,3.8666666666666663
394,2016-11-07 02:47:00,2.5
395,2016-11-07 14:44:00,3.883333333333333
396,2016-11-08 02:41:00,2.466666666666667
397,2016-11-08 14:38:00,4.566666666666666
398,2016-11-09 02:35:00,3.1166666666666667
399,2016-11-09 14:32:00,3.816666666666667
400,2016-11-10 02:29:00,2.533333333333333
401,2016-11-10 14:26:00,3.45
402,2016-11-11 02:23:00,2.783333333333333
403,2016-11-11 14:20:00,3.9
404,2016-11-12 02:17:00,2.8833333333333333
405,2016-11-12 14:14:00,2.8
406,2016-11-13 02:11:00,1.9666666666666663
407,2016-11-13 14:08:00,2.7333333333333334
408,2016-11-14 02:05:00,2.95
409,2016-11-14 14:02:00,3.8
410,2016-11-15 01:59:00,2.783333333333333
411,2016-11-15 13:56:00,3.6166666666666663
412,2016-11-16 01:53:00,2.1
413,2016-11-16 13:50:00,3.7666666666666666
414,2016-11-17 01:47:00,2.933333333333333
415,2016-11-17 13:44:00,2.75
416,2016-11-18 01:41:00,3.0
417,2016-11-18 13:38:00,3.5
418,2016-11-19 01:35:00,2.9166666666666665
419,2016-11-19 13:32:00,4.583333333333333
420,2016-11-20 01:29:00,2.183333333333333
421,2016-11-20 13:26:00,3.033333333333333
422,2016-11-21 01:23:00,3.3833333333333333
423,2016-11-21 13:20:00,4.816666666666666
424,2016-11-22 01:17:00,2.683333333333333
425,2016-11-22 13:14:00,3.9
426,2016-11-23 01:11:00,3.2666666666666666
427,2016-11-23 13:08:00,4.066666666666666
428,2016-11-24 01:05:00,2.216666666666667
429,2016-11-24 13:02:00,2.95
430,2016-11-25 00:59:00,2.2666666666666666
431,2016-11-25 12:56:00,3.8666666666666663
432,2016-11-26 00:53:00,2.1
433,2016-11-26 12:50:00,3.216666666666667
434,2016-11-27 00:47:00,2.3
435,2016-11-27 12:44:00,5.3
436,2016-11-28 00:41:00,3.066666666666667
437,2016-11-28 12:38:00,3.816666666666667
438,2016-11-29 00:35:00,2.35
439,2016-11-29 12:32:00,4.133333333333334
440,2016-11-30 00:29:00,2.8666666666666667
441,2016-11-30 12:26:00,3.6666666666666665
442,2016-12-01 00:23:00,3.066666666666667
443,2016-12-01 12:20:00,4.183333333333334
444,2016-12-02 00:17:00,1.7666666666666666
445,2016-12-02 12:14:00,3.4833333333333334
446,2016-12-03 00:11:00,2.7
447,2016-12-03 12:08:00,2.8666666666666667
448,2016-12-04 00:05:00,3.066666666666667
449,2016-12-04 12:02:00,2.55
450,2016-12-04 23:59:00,1.95
451,2016-12-05 11:56:00,3.1666666666666665
452,2016-12-05 23:53:00,2.183333333333333
453,2016-12-06 11:50:00,3.3666666666666667
454,2016-12-06 23:47:00,2.683333333333333
455,2016-12-07 11:44:00,3.566666666666667
456,2016-12-07 23:41:00,2.3833333333333333
457,2016-12-08 11:38:00,3.583333333333333
458,2016-12-08 23:35:00,2.183333333333333
459,2016-12-09 11:32:00,4.116666666666666
460,2016-12-09 23:29:00,2.2666666666666666
461,2016-12-10 11:26:00,3.683333333333333
462,2016-12-10 23:23:00,2.333333333333333
463,2016-12-11 11:20:00,3.1333333333333333
464,2016-12-11 23:17:00,2.3833333333333333
465,2016-12-12 11:14:00,3.05
466,2016-12-12 23:11:00,2.5166666666666666
467,2016-12-13 11:08:00,3.566666666666667
468,2016-12-13 23:05:00,4.383333333333334
469,2016-12-14 11:02:00,3.066666666666667
470,2016-12-14 22:59:00,3.05
471,2016-12-15 10:56:00,2.95
472,2016-12-15 22:53:00,3.75
473,2016-12-16 10:50:00,3.683333333333333
474,2016-12-16 22:47:00,3.1
475,2016-12-17 10:44:00,2.966666666666667
476,2016-12-17 22:41:00,3.0
477,2016-12-18 10:38:00,2.3833333333333333
478,2016-12-18 22:35:00,3.7
479,2016-12-19 10:32:00,2.9833333333333334
480,2016-12-19 22:29:00,3.3833333333333333
481,2016-12-20 10:26:00,2.8666666666666667
482,2016-12-20 22:23:00,3.8
483,2016-12-21 10:20:00,6.416666666666668
484,2016-12-21 22:17:00,3.283333333333333
485,2016-12-22 10:14:00,3.583333333333333
486,2016-12-22 22:11:00,3.316666666666667
487,2016-12-23 10:08:00,3.4833333333333334
488,2016-12-23 22:05:00,3.7
489,2016-12-24 10:02:00,3.083333333333333
490,2016-12-24 21:59:00,2.216666666666667
491,2016-12-25 09:56:00,2.466666666666667
492,2016-12-25 21:53:00,2.066666666666667
493,2016-12-26 09:50:00,3.4166666666666665
494,2016-12-26 21:47:00,2.533333333333333
495,2016-12-27 09:44:00,3.2
496,2016-12-27 21:41:00,3.183333333333333
497,2016-12-28 09:38:00,3.816666666666667
498,2016-12-28 21:35:00,3.4833333333333334
499,2016-12-29 09:32:00,3.2333333333333334
500,2016-12-29 21:29:00,3.583333333333333
501,2016-12-30 09:26:00,3.333333333333333
502,2016-12-30 21:23:00,3.65
503,2016-12-31 09:20:00,3.0166666666666666
504,2016-12-31 21:17:00,2.2333333333333334
505,2017-01-01 09:14:00,1.4666666666666666
506,2017-01-01 21:11:00,2.4166666666666665
507,2017-01-02 09:08:00,2.283333333333333
508,2017-01-02 21:05:00,3.2666666666666666
509,2017-01-03 09:02:00,3.633333333333333
510,2017-01-03 20:59:00,3.333333333333333
511,2017-01-04 08:56:00,3.466666666666667
512,2017-01-04 20:53:00,4.483333333333333
513,2017-01-05 08:50:00,4.15
514,2017-01-05 20:47:00,3.333333333333333
515,2017-01-06 08:44:00,4.116666666666666
516,2017-01-06 20:41:00,3.733333333333333
517,2017-01-07 08:38:00,2.6
518,2017-01-07 20:35:00,4.733333333333333
519,2017-01-08 08:32:00,2.4
520,2017-01-08 20:29:00,2.8833333333333333
521,2017-01-09 08:26:00,2.85
522,2017-01-09 20:23:00,3.25
523,2017-01-10 08:20:00,2.95
524,2017-01-10 20:17:00,3.2333333333333334
525,2017-01-11 08:14:00,3.65
526,2017-01-11 20:11:00,5.4833333333333325
527,2017-01-12 08:08:00,3.85
528,2017-01-12 20:05:00,3.4833333333333334
529,2017-01-13 08:02:00,2.7333333333333334
530,2017-01-13 19:59:00,2.966666666666667
531,2017-01-14 07:56:00,2.333333333333333
532,2017-01-14 19:53:00,3.25
533,2017-01-15 07:50:00,2.4
534,2017-01-15 19:47:00,4.133333333333334
535,2017-01-16 07:44:00,2.9166666666666665
536,2017-01-16 19:41:00,3.8
537,2017-01-17 07:38:00,2.95
538,2017-01-17 19:35:00,3.8666666666666663
539,2017-01-18 07:32:00,3.1666666666666665
540,2017-01-18 19:29:00,4.2
541,2017-01-19 07:26:00,2.9166666666666665
542,2017-01-19 19:23:00,4.15
543,2017-01-20 07:20:00,2.966666666666667
544,2017-01-20 19:17:00,3.3666666666666667
545,2017-01-21 07:14:00,2.8666666666666667
546,2017-01-21 19:11:00,3.183333333333333
547,2017-01-22 07:08:00,2.1166666666666667
548,2017-01-22 19:05:00,2.9
549,2017-01-23 07:02:00,2.566666666666667
550,2017-01-23 18:59:00,4.566666666666666
551,2017-01-24 06:56:00,1.95
552,2017-01-24 18:53:00,3.4833333333333334
553,2017-01-25 06:50:00,3.466666666666667
554,2017-01-25 18:47:00,3.35
555,2017-01-26 06:44:00,3.25
556,2017-01-26 18:41:00,3.283333333333333
557,2017-01-27 06:38:00,3.6
558,2017-01-27 18:35:00,4.6
559,2017-01-28 06:32:00,2.3833333333333333
560,2017-01-28 18:29:00,2.433333333333333
561,2017-01-29 06:26:00,1.5333333333333334
562,2017-01-29 18:23:00,3.05
563,2017-01-30 06:20:00,2.95
564,2017-01-30 18:17:00,4.0
565,2017-01-31 06:14:00,3.316666666666667
566,2017-01-31 18:11:00,3.75
567,2017-02-01 06:08:00,3.15
568,2017-02-01 18:05:00,3.983333333333333
569,2017-02-02 06:02:00,2.7333333333333334
570,2017-02-02 17:59:00,2.6
571,2017-02-03 05:56:00,2.9
572,2017-02-03 17:53:00,3.2333333333333334
573,2017-02-04 05:50:00,2.7
574,2017-02-04 17:47:00,3.3666666666666667
575,2017-02-05 05:44:00,2.316666666666667
576,2017-02-05 17:41:00,3.183333333333333
577,2017-02-06 05:38:00,2.3833333333333333
578,2017-02-06 17:35:00,3.966666666666667
579,2017-02-07 05:32:00,3.316666666666667
580,2017-02-07 17:29:00,3.4166666666666665
581,2017-02-08 05:26:00,2.533333333333333
582,2017-02-08 17:23:00,4.033333333333333
583,2017-02-09 05:20:00,2.5166666666666666
584,2017-02-09 17:17:00,3.683333333333333
585,2017-02-10 05:14:00,2.816666666666667
586,2017-02-10 17:11:00,4.933333333333334
587,2017-02-11 05:08:00,2.283333333333333
588,2017-02-11 17:05:00,2.9166666666666665
589,2017-02-12 05:02:00,2.583333333333333
590,2017-02-12 16:59:00,3.4166666666666665
591,2017-02-13 04:56:00,2.316666666666667
592,2017-02-13 16:53:00,4.083333333333333
593,2017-02-14 04:50:00,2.2
594,2017-02-14 16:47:00,2.8833333333333333
595,2017-02-15 04:44:00,2.083333333333333
596,2017-02-15 16:41:00,6.133333333333334
597,2017-02-16 04:38:00,3.05
598,2017-02-16 16:35:00,7.3
599,2017-02-17 04:32:00,2.583333333333333
600,2017-02-17 16:29:00,3.683333333333333
601,2017-02-18 04:26:00,2.2333333333333334
602,2017-02-18 16:23:00,3.716666666666667
603,2017-02-19 04:20:00,1.8166666666666669
604,2017-02-19 16:17:00,2.8833333333333333
605,2017-02-20 04:14:00,2.683333333333333
606,2017-02-20 16:11:00,3.95
607,2017-02-21 04:08:00,2.4
608,2017-02-21 16:05:00,4.1
609,2017-02-22 04:02:00,2.0
610,2017-02-22 15:59:00,2.966666666666667
611,2017-02-23 03:56:00,3.1666666666666665
612,2017-02-23 15:53:00,4.1
613,2017-02-24 03:50:00,3.0
614,2017-02-24 15:47:00,3.8
615,2017-02-25 03:44:00,2.25
616,2017-02-25 15:41:00,3.633333333333333
617,2017-02-26 03:38:00,2.5166666666666666
618,2017-02-26 15:35:00,3.7666666666666666
619,2017-02-27 03:32:00,3.716666666666667
620,2017-02-27 15:29:00,3.1166666666666667
621,2017-02-28 03:26:00,3.2
622,2017-02-28 15:23:00,6.216666666666668
623,2017-03-01 03:20:00,4.166666666666667
624,2017-03-01 15:17:00,4.35
625,2017-03-02 03:14:00,3.183333333333333
626,2017-03-02 15:11:00,3.983333333333333
627,2017-03-03 03:08:00,2.8
628,2017-03-03 15:05:00,2.8666666666666667
629,2017-03-04 03:02:00,3.3
630,2017-03-04 14:59:00,3.4166666666666665
631,2017-03-05 02:56:00,2.216666666666667
632,2017-03-05 14:53:00,3.2666666666666666
633,2017-03-06 02:50:00,2.4166666666666665
634,2017-03-06 14:47:00,4.316666666666666
635,2017-03-07 02:44:00,5.166666666666667
636,2017-03-07 14:41:00,3.983333333333333
637,2017-03-08 02:38:00,3.716666666666667
638,2017-03-08 14:35:00,3.6166666666666663
639,2017-03-09 02:32:00,2.8
640,2017-03-09 14:29:00,3.783333333333333
641,2017-03-10 02:26:00,2.933333333333333
642,2017-03-10 14:23:00,4.15
643,2017-03-11 02:20:00,2.433333333333333
644,2017-03-11 14:17:00,3.566666666666667
645,2017-03-12 02:14:00,2.083333333333333
646,2017-03-12 14:11:00,3.2333333333333334
647,2017-03-13 02:08:00,3.283333333333333
648,2017-03-13 14:05:00,3.533333333333333
649,2017-03-14 02:02:00,3.433333333333333
650,2017-03-14 13:59:00,3.95
651,2017-03-15 01:56:00,3.0166666666666666
652,2017-03-15 13:53:00,4.1
653,2017-03-16 01:50:00,2.6666666666666665
654,2017-03-16 13:47:00,3.9
655,2017-03-17 01:44:00,3.2666666666666666
656,2017-03-17 13:41:00,3.1
657,2017-03-18 01:38:00,2.7666666666666666
658,2017-03-18 13:35:00,3.5166666666666666
659,2017-03-19 01:32:00,2.4833333333333334
660,2017-03-19 13:29:00,2.8833333333333333
661,2017-03-20 01:26:00,2.433333333333333
662,2017-03-20 13:23:00,3.85
663,2017-03-21 01:20:00,3.3
664,2017-03-21 13:17:00,4.283333333333333
665,2017-03-22 01:14:00,2.7
666,2017-03-22 13:11:00,3.783333333333333
667,2017-03-23 01:08:00,2.3666666666666667
668,2017-03-23 13:05:00,4.0
669,2017-03-24 01:02:00,3.65
670,2017-03-24 12:59:00,3.633333333333333
671,2017-03-25 00:56:00,6.366666666666666
672,2017-03-25 12:53:00,2.6166666666666667
673,2017-03-26 00:50:00,2.7333333333333334
674,2017-03-26 12:47:00,2.4
675,2017-03-27 00:44:00,2.466666666666667
676,2017-03-27 12:41:00,4.033333333333333
677,2017-03-28 00:38:00,2.033333333333333
678,2017-03-28 12:35:00,5.216666666666667
679,2017-03-29 00:32:00,3.4833333333333334
680,2017-03-29 12:29:00,3.3
681,2017-03-30 00:26:00,2.35
682,2017-03-30 12:23:00,3.5166666666666666
683,2017-03-31 00:20:00,2.3666666666666667
684,2017-03-31 12:17:00,3.9
685,2017-04-01 00:14:00,2.583333333333333
686,2017-04-01 12:11:00,4.583333333333333
687,2017-04-02 00:08:00,2.2
688,2017-04-02 12:05:00,2.816666666666667
689,2017-04-03 00:02:00,2.2333333333333334
690,2017-04-03 11:59:00,3.2
691,2017-04-03 23:56:00,3.433333333333333
692,2017-04-04 11:53:00,3.883333333333333
693,2017-04-04 23:50:00,2.533333333333333
694,2017-04-05 11:47:00,2.65
695,2017-04-05 23:44:00,2.566666666666667
696,2017-04-06 11:41:00,2.6
697,2017-04-06 23:38:00,2.55
698,2017-04-07 11:35:00,3.5
699,2017-04-07 23:32:00,3.15
700,2017-04-08 11:29:00,2.816666666666667
701,2017-04-08 23:26:00,2.05
702,2017-04-09 11:23:00,2.216666666666667
703,2017-04-09 23:20:00,2.716666666666667
704,2017-04-10 11:17:00,2.45
705,2017-04-10 23:14:00,3.05
706,2017-04-11 11:11:00,4.15
707,2017-04-11 23:08:00,3.4
708,2017-04-12 11:05:00,3.9166666666666665
709,2017-04-12 23:02:00,2.433333333333333
710,2017-04-13 10:59:00,3.6
711,2017-04-13 22:56:00,1.2833333333333334
712,2017-04-14 10:53:00,2.0
713,2017-04-14 22:50:00,2.183333333333333
714,2017-04-15 10:47:00,2.583333333333333
715,2017-04-15 22:44:00,2.816666666666667
716,2017-04-16 10:41:00,1.8166666666666669
717,2017-04-16 22:38:00,1.9666666666666663
718,2017-04-17 10:35:00,2.9166666666666665
719,2017-04-17 22:32:00,3.066666666666667
720,2017-04-18 10:29:00,4.25
721,2017-04-18 22:26:00,3.05
722,2017-04-19 10:23:00,3.5
723,2017-04-19 22:20:00,4.0
724,2017-04-20 10:17:00,2.533333333333333
725,2017-04-20 22:14:00,3.883333333333333
726,2017-04-21 10:11:00,2.333333333333333
727,2017-04-21 22:08:00,2.4
728,2017-04-22 10:05:00,2.433333333333333
729,2017-04-22 22:02:00,3.0166666666666666
730,2017-04-23 09:59:00,2.35
731,2017-04-23 21:56:00,2.4833333333333334
732,2017-04-24 09:53:00,2.833333333333333
733,2017-04-24 21:50:00,2.3833333333333333
734,2017-04-25 09:47:00,2.6666666666666665
735,2017-04-25 21:44:00,3.6166666666666663
736,2017-04-26 09:41:00,4.333333333333333
737,2017-04-26 21:38:00,3.25
738,2017-04-27 09:35:00,3.05
739,2017-04-27 21:32:00,4.45
740,2017-04-28 09:29:00,3.733333333333333
741,2017-04-28 21:26:00,3.6166666666666663
742,2017-04-29 09:23:00,2.183333333333333
743,2017-04-29 21:20:00,3.7
744,2017-04-30 09:17:00,2.0166666666666666
745,2017-04-30 21:14:00,3.2
746,2017-05-01 09:11:00,2.783333333333333
747,2017-05-01 21:08:00,4.3
748,2017-05-02 09:05:00,3.25
749,2017-05-02 21:02:00,4.533333333333333
750,2017-05-03 08:59:00,2.75
751,2017-05-03 20:56:00,4.8
752,2017-05-04 08:53:00,3.05
753,2017-05-04 20:50:00,5.7333333333333325
754,2017-05-05 08:47:00,2.75
755,2017-05-05 20:44:00,3.7
756,2017-05-06 08:41:00,2.1
757,2017-05-06 20:38:00,4.45
758,2017-05-07 08:35:00,3.45
759,2017-05-07 20:32:00,3.716666666666667
760,2017-05-08 08:29:00,3.583333333333333
761,2017-05-08 20:26:00,3.933333333333333
762,2017-05-09 08:23:00,3.783333333333333
763,2017-05-09 20:20:00,4.733333333333333
764,2017-05-10 08:17:00,2.1166666666666667
765,2017-05-10 20:14:00,3.5166666666666666
766,2017-05-11 08:11:00,2.466666666666667
767,2017-05-11 20:08:00,3.566666666666667
768,2017-05-12 08:05:00,2.5166666666666666
769,2017-05-12 20:33:00,3.1166666666666667
770,2017-05-13 08:30:00,3.183333333333333
771,2017-05-13 20:27:00,2.716666666666667
772,2017-05-14 08:24:00,1.7833333333333334
773,2017-05-14 20:21:00,4.35
774,2017-05-15 08:18:00,4.283333333333333
775,2017-05-15 20:15:00,4.2
776,2017-05-16 08:12:00,2.8
777,2017-05-16 20:09:00,2.75
778,2017-05-17 08:06:00,2.25
779,2017-05-17 20:03:00,3.433333333333333
780,2017-05-18 08:00:00,2.05
781,2017-05-18 20:08:00,2.433333333333333
782,2017-05-19 08:05:00,2.183333333333333
783,2017-05-19 20:07:00,3.1666666666666665
784,2017-05-20 08:04:00,2.183333333333333
785,2017-05-20 20:01:00,3.283333333333333
786,2017-05-21 07:58:00,4.4
787,2017-05-21 19:55:00,2.4
788,2017-05-22 07:52:00,2.533333333333333
789,2017-05-22 19:49:00,3.9166666666666665
790,2017-05-23 07:46:00,4.1
791,2017-05-23 19:43:00,4.1
792,2017-05-24 07:40:00,4.066666666666666
793,2017-05-24 19:37:00,3.533333333333333
794,2017-05-25 07:34:00,2.833333333333333
795,2017-05-25 19:31:00,3.2666666666666666
796,2017-05-26 08:41:00,1.1833333333333331
797,2017-05-26 20:38:00,3.9
798,2017-05-27 08:35:00,2.566666666666667
799,2017-05-27 20:32:00,3.2333333333333334
800,2017-05-28 08:29:00,3.25
801,2017-05-28 20:26:00,2.9166666666666665
802,2017-05-29 08:23:00,3.1
803,2017-05-29 20:20:00,4.733333333333333
804,2017-05-30 08:17:00,3.066666666666667
805,2017-05-30 20:14:00,4.433333333333334
806,2017-05-31 08:11:00,2.7333333333333334
807,2017-05-31 20:08:00,5.116666666666666
808,2017-06-01 08:05:00,4.3
809,2017-06-01 20:02:00,3.566666666666667
810,2017-06-02 07:59:00,3.0166666666666666
811,2017-06-02 19:56:00,3.65
812,2017-06-03 07:53:00,3.2
813,2017-06-03 19:50:00,2.9
814,2017-06-04 07:47:00,3.8
815,2017-06-04 19:44:00,5.116666666666666
816,2017-06-05 07:41:00,2.6333333333333333
817,2017-06-05 19:38:00,3.45
818,2017-06-06 07:35:00,3.7666666666666666
819,2017-06-06 19:32:00,4.116666666666666
820,2017-06-07 07:29:00,3.3
821,2017-06-07 19:26:00,3.333333333333333
822,2017-06-08 07:23:00,2.65
823,2017-06-08 19:20:00,3.883333333333333
824,2017-06-09 07:17:00,2.816666666666667
825,2017-06-09 19:14:00,3.783333333333333
826,2017-06-10 07:11:00,2.1
827,2017-06-10 19:08:00,3.1333333333333333
828,2017-06-11 07:05:00,2.4166666666666665
829,2017-06-11 19:02:00,2.5166666666666666
830,2017-06-12 06:59:00,3.083333333333333
831,2017-06-12 18:56:00,3.3
832,2017-06-13 06:53:00,2.4
833,2017-06-13 18:50:00,3.8
834,2017-06-14 06:47:00,2.3833333333333333
835,2017-06-14 18:44:00,3.5166666666666666
836,2017-06-15 06:41:00,3.316666666666667
837,2017-06-15 18:38:00,4.266666666666667
838,2017-06-16 06:35:00,2.1666666666666665
839,2017-06-16 18:32:00,4.166666666666667
840,2017-06-17 06:29:00,2.333333333333333
841,2017-06-17 18:26:00,2.9166666666666665
842,2017-06-19 07:31:00,3.1
843,2017-06-19 19:28:00,4.916666666666667
844,2017-06-20 07:25:00,3.75
845,2017-06-20 19:22:00,3.4
846,2017-06-21 07:19:00,3.15
847,2017-06-21 19:16:00,2.85
848,2017-06-22 07:13:00,6.116666666666666
849,2017-06-22 19:10:00,5.6
850,2017-06-23 07:07:00,2.566666666666667
851,2017-06-23 19:04:00,3.65
852,2017-06-24 07:01:00,2.15
853,2017-06-24 18:58:00,2.1
854,2017-06-25 07:55:00,1.8333333333333333
855,2017-06-25 19:52:00,2.4833333333333334
856,2017-06-26 07:49:00,1.8333333333333333
857,2017-06-26 19:46:00,3.033333333333333
858,2017-06-27 07:43:00,1.8666666666666667
859,2017-06-27 19:40:00,2.833333333333333
860,2017-06-28 07:37:00,2.2666666666666666
861,2017-06-28 19:34:00,3.85
862,2017-06-29 07:31:00,2.816666666666667
863,2017-06-29 19:28:00,2.183333333333333
864,2017-06-30 07:25:00,3.2
865,2017-06-30 19:22:00,3.4166666666666665
866,2017-07-01 07:19:00,1.95
867,2017-07-01 19:16:00,2.1666666666666665
868,2017-07-02 07:13:00,2.1333333333333333
869,2017-07-02 19:10:00,2.95
870,2017-07-03 07:07:00,1.9
871,2017-07-03 19:04:00,3.7
872,2017-07-04 07:01:00,2.4
873,2017-07-04 18:58:00,3.1166666666666667
874,2017-07-05 06:55:00,1.9333333333333331
875,2017-07-05 18:52:00,2.85
876,2017-07-06 06:49:00,2.5166666666666666
877,2017-07-06 18:46:00,3.1666666666666665
878,2017-07-07 06:43:00,2.5166666666666666
879,2017-07-07 18:40:00,4.4
880,2017-07-08 06:37:00,1.9
881,2017-07-08 18:34:00,2.75
882,2017-07-09 06:31:00,1.4833333333333334
883,2017-07-09 18:28:00,1.8833333333333333
884,2017-07-10 06:25:00,2.066666666666667
885,2017-07-10 18:22:00,4.1
886,2017-07-11 06:19:00,2.433333333333333
887,2017-07-11 18:16:00,3.8666666666666663
888,2017-07-12 06:13:00,2.1
889,2017-07-12 18:10:00,3.2333333333333334
890,2017-07-13 06:07:00,1.95
891,2017-07-13 18:04:00,2.3
892,2017-07-14 06:01:00,3.0166666666666666
893,2017-07-14 17:58:00,3.2
894,2017-07-15 05:55:00,1.5833333333333333
895,2017-07-15 17:52:00,2.25
896,2017-07-16 05:49:00,1.95
897,2017-07-16 17:46:00,5.466666666666668
898,2017-07-17 05:43:00,1.5666666666666669
899,2017-07-17 17:40:00,2.7666666666666666
900,2017-07-18 05:37:00,2.75
901,2017-07-18 17:34:00,3.066666666666667
902,2017-07-19 05:31:00,2.4
903,2017-07-19 17:28:00,2.9
904,2017-07-20 05:25:00,2.033333333333333
905,2017-07-20 17:22:00,3.433333333333333
906,2017-07-21 05:19:00,2.1166666666666667
907,2017-07-21 17:16:00,2.6
908,2017-07-22 05:13:00,1.75
909,2017-07-22 17:10:00,2.4166666666666665
910,2017-07-23 06:11:00,1.8166666666666669
911,2017-07-23 18:08:00,1.8666666666666667
912,2017-07-24 06:05:00,2.15
913,2017-07-24 18:02:00,3.183333333333333
914,2017-07-25 05:59:00,1.7833333333333334
915,2017-07-25 17:56:00,2.316666666666667
916,2017-07-26 05:53:00,1.8833333333333333
917,2017-07-26 17:50:00,2.6333333333333333
918,2017-07-27 05:47:00,1.45
919,2017-07-27 17:44:00,2.433333333333333
920,2017-07-28 05:41:00,3.3666666666666667
921,2017-07-28 17:38:00,2.95
922,2017-07-29 05:35:00,1.7666666666666666
923,2017-07-29 17:32:00,2.0
924,2017-07-30 05:29:00,1.1666666666666667
925,2017-07-30 17:26:00,2.6166666666666667
926,2017-07-31 05:23:00,1.55
927,2017-07-31 17:20:00,2.9833333333333334
928,2017-08-01 05:17:00,1.1833333333333331
929,2017-08-01 17:14:00,1.9166666666666667
930,2017-08-02 05:11:00,1.8166666666666669
931,2017-08-02 17:08:00,2.783333333333333
932,2017-08-03 05:05:00,1.8833333333333333
933,2017-08-03 17:02:00,3.1333333333333333
934,2017-08-04 04:59:00,1.9333333333333331
935,2017-08-04 16:56:00,3.35
936,2017-08-05 04:53:00,2.1333333333333333
937,2017-08-05 16:50:00,3.1333333333333333
938,2017-08-06 04:47:00,1.7833333333333334
939,2017-08-06 16:44:00,2.8833333333333333
940,2017-08-07 04:41:00,1.8
941,2017-08-07 16:38:00,4.433333333333334
942,2017-08-08 04:35:00,1.85
943,2017-08-08 16:32:00,3.8333333333333335
944,2017-08-09 04:29:00,2.3
945,2017-08-09 16:26:00,3.283333333333333
946,2017-08-10 04:23:00,2.1666666666666665
947,2017-08-10 16:20:00,3.716666666666667
948,2017-08-11 04:17:00,2.1333333333333333
949,2017-08-11 16:14:00,6.15
950,2017-08-12 04:11:00,1.6
951,2017-08-12 16:08:00,4.0
952,2017-08-13 04:05:00,3.283333333333333
953,2017-08-13 16:02:00,3.4
954,2017-08-14 03:59:00,2.5166666666666666
955,2017-08-14 15:56:00,3.6166666666666663
956,2017-08-15 03:53:00,2.933333333333333
957,2017-08-15 15:50:00,5.133333333333334
958,2017-08-16 03:47:00,4.366666666666666
959,2017-08-16 15:44:00,4.383333333333334
960,2017-08-17 03:41:00,2.6333333333333333
961,2017-08-17 15:38:00,3.95
962,2017-08-18 03:35:00,2.7
963,2017-08-18 15:32:00,4.3
964,2017-08-19 03:29:00,2.1
965,2017-08-19 15:26:00,3.333333333333333
966,2017-08-20 03:23:00,2.35
967,2017-08-20 15:20:00,3.3833333333333333
968,2017-08-21 03:17:00,2.1666666666666665
969,2017-08-21 15:14:00,3.2333333333333334
970,2017-08-22 03:11:00,2.933333333333333
971,2017-08-22 15:08:00,2.25
972,2017-08-23 03:05:00,2.0
973,2017-08-23 15:02:00,3.1166666666666667
974,2017-08-24 02:59:00,2.9
975,2017-08-24 14:56:00,3.566666666666667
976,2017-08-25 02:53:00,1.6333333333333333
977,2017-08-25 14:50:00,3.55
978,2017-08-26 02:47:00,1.6666666666666667
979,2017-08-26 14:44:00,3.85
980,2017-08-27 02:41:00,1.2833333333333334
981,2017-08-27 14:38:00,1.9166666666666667
982,2017-08-28 02:35:00,1.4
983,2017-08-28 14:32:00,3.9
984,2017-08-29 02:29:00,2.083333333333333
985,2017-08-29 14:26:00,3.933333333333333
986,2017-08-30 02:23:00,3.6666666666666665
987,2017-08-30 14:20:00,4.983333333333333
988,2017-08-31 02:17:00,2.9166666666666665
989,2017-08-31 14:14:00,4.383333333333334
990,2017-09-01 02:11:00,2.533333333333333
991,2017-09-01 14:08:00,3.3666666666666667
992,2017-09-02 02:05:00,1.95
993,2017-09-02 14:02:00,2.5166666666666666
994,2017-09-03 01:59:00,1.8
995,2017-09-03 13:56:00,2.9
996,2017-09-04 01:53:00,1.8666666666666667
997,2017-09-04 13:50:00,3.9166666666666665
998,2017-09-05 01:47:00,2.4833333333333334
999,2017-09-05 13:44:00,3.6
1000,2017-09-06 01:41:00,1.9833333333333332
1001,2017-09-06 13:38:00,4.65
1002,2017-09-07 01:35:00,2.75
1003,2017-09-07 13:32:00,3.9
1004,2017-09-08 01:29:00,2.333333333333333
1005,2017-09-08 13:26:00,3.066666666666667
1006,2017-09-09 01:23:00,2.083333333333333
1007,2017-09-09 13:20:00,3.0166666666666666
1008,2017-09-10 01:17:00,1.8166666666666669
1009,2017-09-10 13:14:00,2.9166666666666665
1010,2017-09-11 01:11:00,1.9
1011,2017-09-11 13:08:00,3.45
1012,2017-09-12 01:05:00,2.566666666666667
1013,2017-09-12 13:02:00,3.533333333333333
1014,2017-09-13 00:59:00,2.25
1015,2017-09-13 12:56:00,3.8666666666666663
1016,2017-09-14 00:53:00,2.7666666666666666
1017,2017-09-14 12:50:00,4.3
1018,2017-09-15 00:47:00,2.7333333333333334
1019,2017-09-15 12:44:00,4.183333333333334
1020,2017-09-16 00:41:00,2.183333333333333
1021,2017-09-16 12:38:00,2.8833333333333333
1022,2017-09-17 00:35:00,2.083333333333333
1023,2017-09-17 12:32:00,2.8833333333333333
1024,2017-09-18 00:29:00,2.283333333333333
1025,2017-09-18 12:26:00,2.816666666666667
1026,2017-09-19 00:23:00,2.15
1027,2017-09-19 12:20:00,3.3
1028,2017-09-20 00:17:00,1.6333333333333333
1029,2017-09-20 12:14:00,3.316666666666667
1030,2017-09-21 00:11:00,1.7333333333333334
1031,2017-09-21 12:08:00,2.7
1032,2017-09-22 00:05:00,2.5
1033,2017-09-22 12:02:00,2.6666666666666665
1034,2017-09-22 23:59:00,6.816666666666666
1035,2017-09-23 11:56:00,2.8833333333333333
1036,2017-09-23 23:53:00,1.8333333333333333
1037,2017-09-24 11:50:00,2.333333333333333
1038,2017-09-24 23:47:00,2.183333333333333
1039,2017-09-25 11:44:00,2.8
1040,2017-09-25 23:41:00,3.25
1041,2017-09-26 11:38:00,3.2333333333333334
1042,2017-09-26 23:35:00,2.25
1043,2017-09-27 11:32:00,3.583333333333333
1044,2017-09-27 23:29:00,1.9833333333333332
1045,2017-09-28 14:55:00,4.15
1046,2017-09-29 02:52:00,1.6833333333333331
1047,2017-09-29 14:49:00,3.8333333333333335
1048,2017-09-30 02:46:00,3.033333333333333
1049,2017-09-30 14:43:00,3.3666666666666667
1050,2017-10-01 02:40:00,1.85
1051,2017-10-01 14:37:00,2.3666666666666667
1052,2017-10-02 02:34:00,1.9666666666666663
1053,2017-10-02 14:31:00,3.1666666666666665
1054,2017-10-03 02:28:00,2.1
1055,2017-10-03 14:25:00,3.35
1056,2017-10-04 02:22:00,2.95
1057,2017-10-04 14:19:00,3.2666666666666666
1058,2017-10-05 02:16:00,4.7
1059,2017-10-05 14:13:00,3.2
1060,2017-10-06 02:10:00,2.966666666666667
1061,2017-10-06 14:07:00,3.883333333333333
1062,2017-10-07 02:04:00,1.5833333333333333
1063,2017-10-07 14:01:00,3.1666666666666665
1064,2017-10-08 01:58:00,2.0
1065,2017-10-08 13:55:00,2.933333333333333
1066,2017-10-09 01:52:00,2.45
1067,2017-10-09 13:49:00,3.6666666666666665
1068,2017-10-10 01:46:00,2.85
1069,2017-10-10 13:43:00,4.2
1070,2017-10-11 01:40:00,3.6166666666666663
1071,2017-10-11 13:37:00,4.05
1072,2017-10-12 01:34:00,6.9
1073,2017-10-12 13:31:00,4.016666666666667
1074,2017-10-13 01:28:00,2.566666666666667
1075,2017-10-13 13:25:00,4.8
1076,2017-10-14 01:22:00,3.3833333333333333
1077,2017-10-14 13:19:00,3.1333333333333333
1078,2017-10-15 01:16:00,1.8
1079,2017-10-15 13:13:00,3.466666666666667
1080,2017-10-16 01:10:00,3.316666666666667
1081,2017-10-16 13:07:00,4.233333333333333
1082,2017-10-17 01:04:00,2.333333333333333
1083,2017-10-17 13:01:00,4.55
1084,2017-10-18 00:58:00,2.45
1085,2017-10-18 12:55:00,4.116666666666666
1086,2017-10-19 00:52:00,2.6166666666666667
1087,2017-10-19 12:49:00,4.316666666666666
1088,2017-10-20 00:46:00,3.05
1089,2017-10-20 12:43:00,3.55
1090,2017-10-21 00:40:00,2.4
1091,2017-10-21 12:37:00,3.1166666666666667
1092,2017-10-22 01:55:00,2.4
1093,2017-10-22 13:52:00,3.583333333333333
1094,2017-10-23 02:00:00,3.1166666666666667
1095,2017-10-23 13:57:00,4.8
1096,2017-10-24 01:54:00,3.1
1097,2017-10-24 13:51:00,5.65
1098,2017-10-25 01:48:00,3.333333333333333
1099,2017-10-26 15:52:00,4.9
1100,2017-10-27 03:49:00,1.6166666666666667
1101,2017-10-27 15:46:00,3.8666666666666663
1102,2017-10-28 03:43:00,2.3833333333333333
1103,2017-10-28 15:40:00,2.75
1104,2017-10-29 03:37:00,2.1
1105,2017-10-29 15:34:00,3.1166666666666667
1106,2017-10-30 03:31:00,2.9833333333333334
1107,2017-10-30 15:28:00,4.433333333333334
1108,2017-10-31 03:25:00,2.5166666666666666
1109,2017-10-31 15:22:00,3.216666666666667
1110,2017-11-01 03:19:00,2.3
1111,2017-11-01 15:16:00,5.083333333333333
1112,2017-11-02 03:13:00,3.066666666666667
1113,2017-11-02 15:10:00,5.133333333333334
1114,2017-11-03 03:07:00,2.55
1115,2017-11-03 15:04:00,3.6166666666666663
1116,2017-11-04 03:01:00,2.3666666666666667
1117,2017-11-04 14:58:00,3.8333333333333335
1118,2017-11-05 02:55:00,3.0
1119,2017-11-05 14:52:00,3.3
1120,2017-11-06 02:49:00,2.25
1121,2017-11-06 14:46:00,4.383333333333334
1122,2017-11-07 02:43:00,3.1333333333333333
1123,2017-11-07 14:40:00,4.866666666666666
1124,2017-11-08 02:37:00,3.2
1125,2017-11-08 14:34:00,2.9833333333333334
1126,2017-11-09 02:31:00,2.7666666666666666
1127,2017-11-09 14:28:00,4.983333333333333
1128,2017-11-10 02:25:00,3.1166666666666667
1129,2017-11-10 14:22:00,4.35
1130,2017-11-11 02:19:00,1.8333333333333333
1131,2017-11-11 14:16:00,3.5166666666666666
1132,2017-11-12 02:13:00,1.8833333333333333
1133,2017-11-12 14:10:00,1.6333333333333333
1134,2017-11-13 02:17:00,1.1166666666666667
1135,2017-11-13 14:14:00,3.466666666666667
1136,2017-11-14 02:11:00,2.6166666666666667
1137,2017-11-14 14:08:00,3.85
1138,2017-11-15 02:05:00,2.1166666666666667
1139,2017-11-15 14:02:00,3.083333333333333
1140,2017-11-16 01:59:00,1.6166666666666667
1141,2017-11-16 13:56:00,4.733333333333333
1142,2017-11-17 01:53:00,5.783333333333332
1143,2017-11-17 13:50:00,3.8
1144,2017-11-18 01:47:00,2.3
1145,2017-11-18 13:44:00,3.0
1146,2017-11-19 01:41:00,1.75
1147,2017-11-19 13:38:00,3.316666666666667
1148,2017-11-20 01:35:00,1.75
1149,2017-11-20 13:32:00,5.683333333333334
1150,2017-11-21 01:29:00,2.5166666666666666
1151,2017-11-21 13:26:00,4.333333333333333
1152,2017-11-22 01:23:00,2.783333333333333
1153,2017-11-22 13:20:00,3.25
1154,2017-11-23 01:17:00,4.766666666666667
1155,2017-11-23 13:14:00,5.783333333333332
1156,2017-11-24 01:11:00,2.9833333333333334
1157,2017-11-24 13:08:00,4.2
1158,2017-11-25 01:05:00,2.283333333333333
1159,2017-11-25 13:02:00,6.716666666666668
1160,2017-11-26 00:59:00,6.316666666666666
1161,2017-11-26 12:56:00,3.1666666666666665
1162,2017-11-27 00:53:00,3.933333333333333
1163,2017-11-27 12:50:00,5.316666666666666
1164,2017-11-28 00:47:00,3.9166666666666665
1165,2017-11-28 12:44:00,5.333333333333333
1166,2017-11-29 00:41:00,3.6166666666666663
1167,2017-11-29 12:38:00,6.15
1168,2017-11-30 00:35:00,3.566666666666667
1169,2017-11-30 12:32:00,4.9
1170,2017-12-01 00:29:00,3.9
1171,2017-12-01 12:26:00,3.45
1172,2017-12-02 00:23:00,3.216666666666667
1173,2017-12-02 12:20:00,8.433333333333334
1174,2017-12-03 00:17:00,4.5
1175,2017-12-03 12:14:00,4.2
1176,2017-12-04 00:11:00,3.333333333333333
1177,2017-12-04 12:08:00,4.283333333333333
1178,2017-12-05 00:05:00,3.983333333333333
1179,2017-12-05 12:02:00,8.8
1180,2017-12-05 23:59:00,3.2666666666666666
1181,2017-12-06 11:56:00,8.683333333333334
1182,2017-12-06 23:53:00,8.933333333333334
1183,2017-12-07 11:50:00,6.05
1184,2017-12-08 00:58:00,3.683333333333333
1185,2017-12-08 12:55:00,4.0
1186,2017-12-09 00:52:00,4.0
1187,2017-12-09 12:49:00,3.566666666666667
1188,2017-12-10 00:46:00,3.533333333333333
1189,2017-12-10 12:43:00,3.283333333333333
1190,2017-12-11 00:40:00,3.5
1191,2017-12-11 12:37:00,5.866666666666666
1192,2017-12-12 00:34:00,2.9166666666666665
1193,2017-12-12 12:31:00,3.9166666666666665
1194,2017-12-13 00:28:00,2.85
1195,2017-12-13 12:25:00,3.7
1196,2017-12-14 00:22:00,3.283333333333333
1197,2017-12-14 12:19:00,4.183333333333334
1198,2017-12-15 00:16:00,5.0
1199,2017-12-15 12:13:00,3.7
1200,2017-12-16 00:10:00,4.066666666666666
1201,2017-12-16 12:07:00,2.783333333333333
1202,2017-12-17 00:04:00,2.9166666666666665
1203,2017-12-17 12:01:00,3.933333333333333
1204,2017-12-17 23:58:00,3.8333333333333335
1205,2017-12-18 11:55:00,3.9166666666666665
1206,2017-12-18 23:52:00,2.716666666666667
1207,2017-12-19 11:49:00,5.916666666666668
1208,2017-12-19 23:46:00,5.5166666666666675
1209,2017-12-20 11:43:00,3.2666666666666666
1210,2017-12-20 23:40:00,2.5
1211,2017-12-21 11:37:00,2.9
1212,2017-12-21 23:34:00,2.25
1213,2017-12-22 11:31:00,1.75
1214,2017-12-22 23:28:00,4.3
1215,2017-12-23 11:25:00,3.0166666666666666
1216,2017-12-23 23:22:00,2.45
1217,2017-12-24 11:19:00,9.033333333333333
1218,2017-12-24 23:16:00,2.533333333333333
1219,2017-12-25 11:13:00,4.283333333333333
1220,2017-12-25 23:10:00,2.216666666666667
1221,2017-12-26 11:07:00,2.65
1222,2017-12-26 23:04:00,1.9
1223,2017-12-27 11:01:00,5.9833333333333325
1224,2017-12-27 22:58:00,3.8666666666666663
1225,2017-12-28 10:55:00,2.716666666666667
1226,2017-12-28 22:52:00,3.966666666666667
1227,2017-12-29 10:49:00,3.716666666666667
1228,2017-12-29 22:46:00,2.283333333333333
1229,2017-12-30 10:43:00,6.0
1230,2017-12-30 22:40:00,3.4
1231,2017-12-31 10:37:00,2.4
1232,2017-12-31 22:34:00,2.566666666666667
1233,2018-01-01 10:31:00,2.2666666666666666
1234,2018-01-01 22:28:00,3.2666666666666666
1235,2018-01-02 10:25:00,3.4
1236,2018-01-02 22:22:00,7.433333333333334
1237,2018-01-03 10:19:00,4.916666666666667
1238,2018-01-03 22:16:00,7.666666666666668
1239,2018-01-04 10:13:00,2.6166666666666667
1240,2018-01-04 22:10:00,6.116666666666666
1241,2018-01-05 10:07:00,3.733333333333333
1242,2018-01-05 22:04:00,3.533333333333333
1243,2018-01-06 10:01:00,2.75
1244,2018-01-06 21:58:00,2.55
1245,2018-01-07 09:55:00,2.4833333333333334
1246,2018-01-07 21:52:00,3.983333333333333
1247,2018-01-08 09:49:00,4.016666666666667
1248,2018-01-08 21:46:00,4.4
1249,2018-01-09 09:43:00,3.783333333333333
1250,2018-01-09 21:40:00,5.066666666666666
1251,2018-01-10 09:37:00,5.0
1252,2018-01-10 21:34:00,3.4833333333333334
1253,2018-01-11 09:31:00,3.1666666666666665
1254,2018-01-11 21:28:00,5.066666666666666
1255,2018-01-12 09:25:00,2.85
1256,2018-01-12 21:22:00,2.9833333333333334
1257,2018-01-13 09:19:00,2.6
1258,2018-01-13 21:16:00,1.8
1259,2018-01-14 09:13:00,2.783333333333333
1260,2018-01-14 21:10:00,3.6
1261,2018-01-15 09:07:00,4.383333333333334
1262,2018-01-15 21:04:00,3.3
1263,2018-01-16 09:01:00,2.833333333333333
1264,2018-01-16 20:58:00,4.8
1265,2018-01-17 08:55:00,2.6666666666666665
1266,2018-01-17 20:52:00,3.966666666666667
1267,2018-01-18 08:49:00,2.566666666666667
1268,2018-01-18 20:46:00,3.6166666666666663
1269,2018-01-19 08:43:00,2.466666666666667
1270,2018-01-19 20:40:00,3.4
1271,2018-01-20 08:37:00,2.066666666666667
1272,2018-01-20 20:34:00,3.683333333333333
1273,2018-01-21 08:31:00,1.8166666666666669
1274,2018-01-21 20:28:00,2.2
1275,2018-01-22 08:25:00,2.6666666666666665
1276,2018-01-22 20:22:00,2.9833333333333334
1277,2018-01-23 08:19:00,2.566666666666667
1278,2018-01-23 20:43:00,3.2666666666666666
1279,2018-01-24 08:40:00,3.1
1280,2018-01-24 20:37:00,2.75
1281,2018-01-25 08:34:00,1.8833333333333333
1282,2018-01-25 20:31:00,3.45
1283,2018-01-26 08:28:00,2.1
1284,2018-01-26 20:25:00,2.4166666666666665
1285,2018-01-27 08:22:00,3.566666666666667
1286,2018-01-27 20:19:00,2.5166666666666666
1287,2018-01-28 08:16:00,2.816666666666667
1288,2018-01-28 20:13:00,1.75
1289,2018-01-29 08:10:00,2.2
1290,2018-01-29 20:07:00,3.066666666666667
1291,2018-01-30 08:04:00,2.333333333333333
1292,2018-01-30 20:01:00,2.933333333333333
1293,2018-01-31 07:58:00,2.55
1294,2018-01-31 19:55:00,2.183333333333333
1295,2018-02-01 07:52:00,1.65
1296,2018-02-01 19:49:00,3.55
1297,2018-02-02 07:46:00,2.35
1298,2018-02-02 19:43:00,2.533333333333333
1299,2018-02-03 07:40:00,2.333333333333333
1300,2018-02-03 19:37:00,2.35
1301,2018-02-04 07:34:00,1.2666666666666666
1302,2018-02-04 19:31:00,2.466666666666667
1303,2018-02-05 07:28:00,1.7666666666666666
1304,2018-02-05 19:25:00,3.5
1305,2018-02-06 07:22:00,2.2666666666666666
1306,2018-02-06 19:19:00,2.5166666666666666
1307,2018-02-07 07:16:00,1.65
1308,2018-02-07 19:13:00,2.433333333333333
1309,2018-02-08 07:10:00,2.1
1310,2018-02-08 19:07:00,1.4666666666666666
1311,2018-02-09 07:04:00,1.4166666666666667
1312,2018-02-09 19:01:00,3.066666666666667
1313,2018-02-10 06:58:00,1.85
1314,2018-02-10 18:55:00,2.4
1315,2018-02-11 06:52:00,1.5166666666666666
1316,2018-02-11 18:49:00,1.9333333333333331
1317,2018-02-12 06:46:00,1.4
1318,2018-02-12 18:43:00,2.7
1319,2018-02-13 06:40:00,2.75
1320,2018-02-13 18:37:00,2.183333333333333
1321,2018-02-14 06:34:00,1.95
1322,2018-02-14 20:51:00,2.0166666666666666
1323,2018-02-15 08:48:00,1.8666666666666667
1324,2018-02-15 20:45:00,2.533333333333333
1325,2018-02-16 08:42:00,1.2166666666666666
1326,2018-02-16 20:39:00,2.683333333333333
1327,2018-02-17 08:36:00,1.6
1328,2018-02-17 20:33:00,1.9333333333333331
1329,2018-02-18 08:30:00,1.8166666666666669
1330,2018-02-18 20:27:00,2.3666666666666667
1331,2018-02-19 08:24:00,1.5666666666666669
1332,2018-02-19 20:21:00,2.583333333333333
1333,2018-02-20 08:18:00,1.8833333333333333
1334,2018-02-20 20:15:00,3.15
1335,2018-02-21 08:12:00,2.1166666666666667
1336,2018-02-21 20:09:00,2.45
1337,2018-02-22 08:06:00,1.7333333333333334
1338,2018-02-22 20:03:00,2.816666666666667
1339,2018-02-23 08:00:00,2.0166666666666666
1340,2018-02-23 19:57:00,2.566666666666667
1341,2018-02-24 07:54:00,1.5833333333333333
1342,2018-02-24 19:51:00,1.9666666666666663
1343,2018-02-25 07:48:00,1.15
1344,2018-02-25 19:45:00,1.6666666666666667
1345,2018-02-26 07:42:00,1.6333333333333333
1346,2018-02-26 19:39:00,1.9833333333333332
1347,2018-02-27 07:36:00,1.8166666666666669
1348,2018-02-27 19:33:00,3.183333333333333
1349,2018-02-28 07:30:00,2.8
1350,2018-02-28 19:27:00,2.216666666666667
1351,2018-03-01 07:24:00,1.7833333333333334
1352,2018-03-01 19:21:00,3.25
1353,2018-03-02 07:18:00,2.05
1354,2018-03-02 19:15:00,2.083333333333333
1355,2018-03-03 07:12:00,1.7166666666666666
1356,2018-03-03 19:09:00,1.85
1357,2018-03-04 07:06:00,1.3
1358,2018-03-04 19:03:00,1.8833333333333333
1359,2018-03-05 07:00:00,2.5166666666666666
1360,2018-03-05 18:57:00,2.55
1361,2018-03-06 06:54:00,1.5333333333333334
1362,2018-03-06 18:51:00,3.583333333333333
1363,2018-03-07 06:48:00,1.7833333333333334
1364,2018-03-07 18:45:00,3.883333333333333
1365,2018-03-08 06:42:00,1.6666666666666667
1366,2018-03-08 18:39:00,2.5166666666666666
1367,2018-03-09 06:36:00,2.8666666666666667
1368,2018-03-09 18:33:00,2.533333333333333
1369,2018-03-10 06:30:00,1.6166666666666667
1370,2018-03-10 18:27:00,1.8166666666666669
1371,2018-03-11 06:24:00,1.6333333333333333
1372,2018-03-11 18:21:00,1.7666666666666666
1373,2018-03-12 06:18:00,1.5666666666666669
1374,2018-03-12 18:15:00,2.45
1375,2018-03-13 06:12:00,1.9333333333333331
1376,2018-03-13 18:09:00,2.4166666666666665
1377,2018-03-14 06:06:00,1.4166666666666667
1378,2018-03-14 18:03:00,3.15
1379,2018-03-15 06:00:00,2.3666666666666667
1380,2018-03-15 17:57:00,2.0166666666666666
1381,2018-03-16 05:54:00,1.3666666666666667
1382,2018-03-16 17:51:00,2.0166666666666666
1383,2018-03-17 05:48:00,1.6
1384,2018-03-17 17:45:00,2.183333333333333
1385,2018-03-18 05:42:00,1.2333333333333334
1386,2018-03-18 17:39:00,2.3
1387,2018-03-19 05:36:00,1.5166666666666666
1388,2018-03-19 17:33:00,2.1166666666666667
1389,2018-03-20 05:30:00,2.583333333333333
1390,2018-03-20 17:27:00,2.85
1391,2018-03-21 05:24:00,1.8
1392,2018-03-21 17:21:00,2.433333333333333
1393,2018-03-22 05:18:00,1.35
1394,2018-03-22 17:15:00,3.1166666666666667
1395,2018-03-23 05:12:00,1.4833333333333334
1396,2018-03-23 17:09:00,2.3
1397,2018-03-24 05:06:00,1.6666666666666667
1398,2018-03-24 17:03:00,1.7666666666666666
1399,2018-03-25 05:00:00,1.4166666666666667
1400,2018-03-25 16:57:00,2.4166666666666665
1401,2018-03-26 04:54:00,1.45
1402,2018-03-26 16:51:00,2.683333333333333
1403,2018-03-27 04:48:00,1.8666666666666667
1404,2018-03-27 16:45:00,3.25
1405,2018-03-28 04:42:00,1.5
1406,2018-03-28 16:39:00,3.083333333333333
1407,2018-03-29 04:36:00,1.85
1408,2018-03-29 16:33:00,3.65
1409,2018-03-30 04:30:00,1.7333333333333334
1410,2018-03-30 16:27:00,2.683333333333333
1411,2018-03-31 04:24:00,1.0666666666666669
1412,2018-03-31 16:21:00,1.9166666666666667
1413,2018-04-01 04:18:00,1.2333333333333334
1414,2018-04-01 16:15:00,2.4
1415,2018-04-02 04:12:00,1.6
1416,2018-04-02 16:09:00,2.216666666666667
1417,2018-04-03 04:06:00,1.95
1418,2018-04-03 16:03:00,3.15
1419,2018-04-04 04:00:00,2.2333333333333334
1420,2018-04-04 15:57:00,2.4833333333333334
1421,2018-04-05 03:54:00,1.8833333333333333
1422,2018-04-05 15:51:00,1.9666666666666663
1423,2018-04-06 03:48:00,1.7166666666666666
1424,2018-04-06 15:45:00,2.9833333333333334
1425,2018-04-07 03:42:00,1.5
1426,2018-04-07 15:39:00,1.9666666666666663
1427,2018-04-08 03:36:00,1.35
1428,2018-04-08 15:33:00,1.4
1429,2018-04-09 03:30:00,1.5166666666666666
1430,2018-04-09 15:27:00,2.6166666666666667
1431,2018-04-10 03:24:00,1.6666666666666667
1432,2018-04-10 15:21:00,2.8
1433,2018-04-11 03:18:00,1.8333333333333333
1434,2018-04-11 15:15:00,3.983333333333333
1435,2018-04-12 03:12:00,1.75
1436,2018-04-12 15:09:00,2.7666666666666666
1437,2018-04-13 03:06:00,2.283333333333333
1438,2018-04-13 15:03:00,3.5
1439,2018-04-14 03:00:00,2.2333333333333334
1440,2018-04-14 14:57:00,2.3
1441,2018-04-15 02:54:00,1.35
1442,2018-04-15 14:51:00,2.283333333333333
1443,2018-04-16 02:48:00,1.3666666666666667
1444,2018-04-16 14:45:00,2.55
1445,2018-04-17 02:42:00,1.7666666666666666
1446,2018-04-17 14:39:00,2.466666666666667
1447,2018-04-18 02:36:00,1.9833333333333332
1448,2018-04-18 14:33:00,2.933333333333333
1449,2018-04-19 02:30:00,2.2333333333333334
1450,2018-04-19 14:27:00,2.2333333333333334
1451,2018-04-20 02:24:00,2.3666666666666667
1452,2018-04-20 14:21:00,3.633333333333333
1453,2018-04-21 02:18:00,1.7833333333333334
1454,2018-04-21 14:15:00,3.1166666666666667
1455,2018-04-22 02:12:00,1.6666666666666667
1456,2018-04-22 14:09:00,2.583333333333333
1457,2018-04-23 02:06:00,1.9166666666666667
1458,2018-04-23 14:03:00,3.2
1459,2018-04-24 02:00:00,3.5166666666666666
1460,2018-04-24 13:57:00,3.816666666666667
1461,2018-04-25 01:54:00,1.45
1462,2018-04-25 13:51:00,2.716666666666667
1463,2018-04-26 01:48:00,1.7666666666666666
1464,2018-04-26 13:45:00,3.083333333333333
1465,2018-04-27 01:42:00,1.5166666666666666
1466,2018-04-27 13:39:00,2.7666666666666666
1467,2018-04-28 01:36:00,1.8666666666666667
1468,2018-04-28 13:33:00,2.466666666666667
1469,2018-04-29 01:30:00,2.3
1470,2018-04-29 13:27:00,2.05
1471,2018-04-30 01:24:00,1.7333333333333334
1472,2018-04-30 13:21:00,3.1333333333333333
1473,2018-05-01 01:18:00,2.816666666666667
1474,2018-05-01 13:15:00,2.9166666666666665
1475,2018-05-02 01:12:00,1.8166666666666669
1476,2018-05-02 13:09:00,2.9
1477,2018-05-03 01:06:00,1.5666666666666669
1478,2018-05-03 13:03:00,3.216666666666667
1479,2018-05-04 01:00:00,3.5
1480,2018-05-04 12:57:00,2.4
1481,2018-05-05 00:54:00,1.85
1482,2018-05-05 12:51:00,3.216666666666667
1483,2018-05-06 00:48:00,2.1333333333333333
1484,2018-05-06 12:45:00,2.45
1485,2018-05-07 00:42:00,1.6666666666666667
1486,2018-05-07 12:39:00,2.2
1487,2018-05-08 00:36:00,1.7333333333333334
1488,2018-05-08 12:33:00,1.6
1489,2018-05-09 00:30:00,2.2333333333333334
1490,2018-05-09 12:27:00,2.8666666666666667
1491,2018-05-10 00:24:00,1.8166666666666669
1492,2018-05-10 12:21:00,2.7
1493,2018-05-11 00:18:00,2.45
1494,2018-05-11 12:15:00,3.283333333333333
1495,2018-05-12 00:12:00,1.5166666666666666
1496,2018-05-12 12:09:00,2.183333333333333
1497,2018-05-13 00:06:00,1.8166666666666669
1498,2018-05-13 12:03:00,1.7333333333333334
1499,2018-05-14 00:00:00,2.7
