Date,Open,Close,High,Low,Volume,Percentage Change,Classification
1439010000,0.00258861,0.0026125,0.002695,0.00246766,235.19042204000004,0.0006434759707190096,0
1439096400,0.00261221,0.00261082,0.00262999,0.00235,305.71274385,0.05907025933265686,0
1439182800,0.00260118,0.0024652,0.00266666,0.00243002,108.38308018000001,0.05431077629327774,0
1439269200,0.00245889,0.00233821,0.0025625,0.00217,243.24233212,0.01580040343105793,0
1439355600,0.00233109,0.00230184,0.0024400000000000003,0.0022163,167.16371458000003,0.060755759477615356,0
1439442000,0.00228856,0.00217,0.0024300000000000003,0.00207,220.80859135,0.06257829815149307,1
1439528400,0.00214928,0.00231486,0.00240149,0.00205141,144.42981823999997,0.035475000739097595,1
1439614800,0.00231486,0.0024,0.0025,0.00221001,174.43316753000002,0.011378002353012562,0
1439701200,0.00240162,0.002373,0.00259802,0.00235505,202.93492829000004,0.019908195361495018,0
1439787600,0.00237998,0.00232668,0.002416,0.00221362,217.89056009,0.00539713678881526,0
1439874000,0.00230491,0.0023141900000000003,0.0024300000000000003,0.00222222,100.06764819,0.045639749616384506,1
1439960400,0.0023141900000000003,0.00242486,0.00244576,0.00219708,126.37842714,0.014348660595715046,1
1440046800,0.00242488,0.00246016,0.0026489,0.00238006,270.73449187,0.008299486711621284,0
1440133200,0.00246016,0.00243991,0.00260107,0.00241401,129.34608639,0.020882844924926758,0
1440219600,0.00242891,0.0023899999999999998,0.00248212,0.00233,84.33438896999999,0.028935030102729797,0
1440306000,0.00237715,0.00232279,0.0024500000000000004,0.00224,116.23901683999998,0.09882254898548126,0
1440392400,0.0023144000000000003,0.00211389,0.00243889,0.00196081,330.64858092,0.0537010096013546,1
1440478800,0.00210628,0.00223385,0.00224999,0.00203127,111.53841447999997,0.045741382986307144,0
1440565200,0.0022199999999999998,0.00213614,0.00234899,0.002085,74.5717104,0.046891387552022934,0
1440651600,0.00212455,0.00204046,0.00215564,0.00203495,74.51151351999998,0.001796936383470893,0
1440738000,0.00205856,0.0020368,0.00209001,0.0019843,104.18545621000003,0.004155869595706463,1
1440824400,0.00203042,0.0020453,0.00210559,0.00197597,112.68493078999998,0.01085833739489317,0
1440910800,0.00204518,0.00202333,0.00210563,0.00199563,93.26225897999998,0.013009755872189999,1
1440997200,0.00202332,0.00205,0.002101,0.00200117,64.14806422000001,0.010320049710571766,0
1441083600,0.002045,0.00202906,0.00204721,0.002,47.491087080000014,0.01432561781257391,1
1441170000,0.00202058,0.00205855,0.00206995,0.00200151,61.43533155000001,0.018081197515130043,0
1441256400,0.00205855,0.00202199,0.00209998,0.002019,105.05643208000002,0.012126186862587929,1
1441342800,0.00202212,0.00204681,0.00207999,0.0020009,73.62488241999999,0.0011711830738931894,1
1441429200,0.00204681,0.00204921,0.00206889,0.00202901,87.94992907000001,0.017646044492721558,1
1441515600,0.00204005,0.00208602,0.00210599,0.00204002,75.24093687,2.396966374362819e-05,0
1441602000,0.0021023000000000005,0.00208597,0.0021023000000000005,0.00205515,39.801766850000014,0.0267257671803236,1
1441688400,0.00208605,0.00214325,0.0021906,0.00205447,105.65305776000001,0.0302848219871521,0
1441774800,0.0021498000000000003,0.00208025,0.0022199999999999998,0.002045,160.67710901,0.0021147860679775476,0
1441861200,0.00210636,0.00207586,0.0021999000000000003,0.00207545,57.817254670000004,0.01563180424273014,0
1441947600,0.00208275,0.00204391,0.00212999,0.00202379,83.29831719000002,0.030466655269265175,0
1442034000,0.00203517,0.00198348,0.00204394,0.00195164,71.50983880999999,0.0030189480166882277,0
1442120400,0.00197386,0.00197751,0.00207999,0.0019554000000000004,62.78720789999999,0.06645926833152771,1
1442206800,0.00196856,0.00211829,0.0022199999999999998,0.00196053,247.08359628999997,0.03610691428184509,1
1442293200,0.00210859,0.00219764,0.002245,0.00206402,150.01946934,0.011985793709754944,1
1442379600,0.00219042,0.0022243000000000002,0.00224,0.002104,168.54883694999998,0.029935406520962715,0
1442466000,0.00221718,0.00215965,0.00226992,0.00202972,248.07279827,0.004740725737065077,0
1442552400,0.00215073,0.00214946,0.00221,0.0021059,38.88458868000001,0.0073012541979551315,0
1442638800,0.00214946,0.00213388,0.0021896100000000003,0.002121,33.19059518,0.007702224887907505,0
1442725200,0.00213389,0.00211757,0.0021999800000000003,0.00206,95.50551034000001,0.008112238720059395,0
1442811600,0.00210848,0.00210053,0.00216092,0.00209033,34.89627071,0.03461642563343048,0
1442898000,0.00209035,0.00203025,0.00210051,0.002001,71.74631567000002,0.018951160833239555,0
1442984400,0.00203025,0.00199249,0.00203522,0.00195,103.92306743999997,0.012127221561968327,1
1443070800,0.00198723,0.00201695,0.00206,0.0019604,75.12226393,0.050418198108673096,0
1443157200,0.00200591,0.00192014,0.00202997,0.00185,268.37261932000007,0.016947895288467407,0
1443243600,0.00191899,0.00188814,0.00201,0.00186101,153.69672262999995,0.0009064741316251457,0
1443330000,0.00188485,0.00188643,0.00193453,0.00186101,62.71031676,0.006095999851822853,0
1443416400,0.00188634,0.001875,0.00190996,0.00186104,65.49270781999999,0.15259072184562683,0
1443502800,0.001875,0.00162677,0.001899,0.00131003,201.86139970000002,0.10152491927146912,1
1443589200,0.00162677,0.00181059,0.00181498,0.0015500000000000002,250.78396904,0.06808756291866302,0
1443675600,0.0017920000000000002,0.00169517,0.001797,0.00166408,86.62594243,0.029829049482941628,1
1443762000,0.00168874,0.00174729,0.0017999000000000003,0.00165245,75.13217906000001,0.015529736876487732,0
1443848400,0.00173865,0.00172057,0.00175,0.00170311,47.72033647000001,0.039939798414707184,0
1443934800,0.00171336,0.00165449,0.00172093,0.00165001,26.089425500000004,0.03646264225244522,1
1444021200,0.00165449,0.0017170999999999998,0.00179,0.00160034,51.40356970000001,0.0314151868224144,0
1444107600,0.0017170999999999998,0.0016648,0.00173273,0.00164002,37.44321333,0.03038930520415306,0
1444194000,0.00165694,0.0016157,0.0017174999999999998,0.0016101,85.31599459000002,0.011855182237923145,0
1444280400,0.00161012,0.00159677,0.00169421,0.0015802,92.09118592,0.0015257532941177487,1
1444366800,0.00159677,0.00159921,0.001661,0.00155505,70.10440976999998,0.00636209174990654,0
1444453200,0.00159921,0.0015890999999999998,0.0016579999999999998,0.001561,60.81092172,0.02127249352633953,0
1444539600,0.00158876,0.001556,0.0016170000000000002,0.00153,107.33191178000001,0.008873007260262966,1
1444626000,0.00155155,0.00156993,0.001648,0.0015415,73.96763421000001,0.003857843577861786,1
1444712400,0.00156415,0.00157601,0.00159203,0.00153503,61.49778219,0.023555925115942955,0
1444798800,0.00156159,0.00153974,0.00159,0.00150001,85.63118877,0.015324761159718037,0
1444885200,0.00154073,0.0015164999999999998,0.00155916,0.00150001,62.50272564,0.04975249245762825,1
1444971600,0.0015277,0.0015959000000000001,0.0016,0.00145336,121.66524176000001,0.013855624943971634,0
1445058000,0.00158,0.00157409,0.0016,0.00153853,63.42715468000001,0.007643312215805054,0
1445144400,0.001558,0.00156215,0.00158769,0.00154303,24.493725479999995,0.06446117907762527,0
1445230800,0.00156215,0.00146755,0.00156441,0.00145485,109.67358060000001,0.035695888102054596,0
1445317200,0.00146755,0.00141697,0.0014960000000000002,0.0014,110.89727664,0.014274882152676582,1
1445403600,0.00141682,0.00143749,0.0014821,0.00140511,44.89246615,0.00753930164501071,1
1445490000,0.00143749,0.00144841,0.0014815,0.00141002,44.269825,0.025728004053235054,0
1445576400,0.00144867,0.00141208,0.0014700000000000002,0.0013949000000000001,72.57838896,0.020797941833734512,0
1445662800,0.00140562,0.00138331,0.00141553,0.00135715,51.04808532999999,0.022796310484409332,1
1445749200,0.00138376,0.00141558,0.00144817,0.001333,79.99087338000001,0.03917898237705231,0
1445835600,0.00140205,0.00136221,0.00140205,0.00133352,67.23671671,0.007923734374344349,1
1445922000,0.00135758,0.00137309,0.0014073999999999998,0.00133352,53.718412920000006,0.03875529393553734,1
1446008400,0.00137243,0.00142845,0.00153876,0.00133769,141.70260085,0.024830684065818787,0
1446094800,0.00142076,0.00139384,0.0014900000000000002,0.00135805,102.20120656999998,0.01818925514817238,0
1446181200,0.00139243,0.00136894,0.001467,0.0011632,178.23718963000002,0.020401470363140106,0
1446267600,0.00135772,0.00134157,0.00138855,0.00126315,53.603197879999975,0.04402334615588188,0
1446354000,0.00132953,0.001285,0.00137245,0.0012752,57.830074120000006,0.09572454541921616,0
1446440400,0.00127533,0.00117274,0.00133,0.0011674,131.00028936,0.06727216392755508,0
1446526800,0.00117274,0.00109882,0.0012335999999999998,0.00106789,163.87186268,0.050990618765354156,1
1446613200,0.00108598,0.00115786,0.001248,0.00102546,152.71501536,0.020482627674937248,0
1446699600,0.00115483,0.00113462,0.00119983,0.001105,29.206572709999996,0.04774613678455353,1
1446786000,0.00111055,0.00119151,0.00124,0.00110857,32.05410506,0.022430643439292908,0
1446872400,0.00119151,0.00116537,0.00122967,0.001155,21.68738323,0.11040458083152771,1
1446958800,0.00116254,0.0013100000000000002,0.0015,0.0011554999999999998,131.72495434999996,0.06225116178393364,0
1447045200,0.00131388,0.00123323,0.00132463,0.00122002,60.312549250000004,0.0978500172495842,1
1447131600,0.00123324,0.00136699,0.00141913,0.001231,89.43625102999998,0.005095363594591618,0
1447218000,0.001367,0.00136006,0.00151114,0.00131578,112.16251817,0.01363880280405283,0
1447304400,0.00136018,0.00134176,0.00143,0.00122139,90.04407806999997,0.024244274944067,0
1447390800,0.0013299000000000002,0.0013100000000000002,0.00142985,0.00127811,50.15228856,0.01716761477291584,0
1447477200,0.0013100000000000002,0.00128789,0.00132823,0.00126226,49.981385350000004,0.032287392765283585,1
1447563600,0.0012879,0.00133086,0.00137,0.00126204,54.98623367,0.012060836888849735,0
1447650000,0.00133086,0.001315,0.00135498,0.00129,25.091402619999993,0.04224459081888199,0
1447736400,0.00131911,0.0012617000000000001,0.00131911,0.00126169,30.679987840000003,0.024897444993257523,0
1447822800,0.00126676,0.00123105,0.00128156,0.00121659,44.36982580000001,0.01715291291475296,0
1447909200,0.00123105,0.00121029,0.001295,0.00119291,62.479624380000004,0.03024742752313614,1
1447995600,0.00121028,0.00124804,0.00125211,0.00117868,29.274606150000004,0.05976257845759392,0
1448082000,0.00124804,0.00117766,0.00126996,0.0011400000000000002,67.83482476999998,0.017207998782396317,1
1448168400,0.00118116,0.00119828,0.00121218,0.00116907,16.86890992,0.01978672854602337,0
1448254800,0.00119557,0.00117503,0.00121,0.00116215,18.93791838,0.0446910560131073,1
1448341200,0.00117503,0.0012300000000000002,0.00123908,0.001165,37.70912053000001,0.04237288236618042,0
1448427600,0.00122899,0.00118,0.00123907,0.00113102,42.12865932,0.05628759786486626,0
1448514000,0.00117932,0.00111712,0.0012,0.0010960000000000002,73.83690605,0.00939713791012764,0
1448600400,0.00112471,0.00110672,0.00116298,0.00105576,70.13000843,0.017589349299669266,0
1448686800,0.00110672,0.00108759,0.00110748,0.00106509,19.98377397,0.036840565502643585,1
1448773200,0.00108759,0.00112919,0.0011593,0.00105552,35.6994971,0.07878898084163666,0
1448859600,0.00115324,0.00104672,0.00115324,0.00100104,67.11228385,0.041473980993032455,1
1448946000,0.00104824,0.00109201,0.00112215,0.00100009,45.27061999000001,0.06016271188855171,0
1449032400,0.00107534,0.00103004,0.0010974000000000001,0.00103,34.760453590000004,0.006950622424483299,0
1449118800,0.00103004,0.00102293,0.00109,0.00100502,48.04513003,0.05136694014072418,1
1449205200,0.00101001,0.00107832,0.00108372,0.00101,55.52159832999999,0.08377799391746521,1
1449291600,0.00107832,0.00117692,0.001212,0.00102342,126.85754431999997,0.05213660001754761,0
1449378000,0.00117274,0.0011186,0.00118,0.00108,85.2046247,0.07660176604986191,0
1449464400,0.00111078,0.00103901,0.00115999,0.00103358,55.81196106,0.0027259201742708683,1
1449550800,0.00103525,0.00104185,0.00112422,0.00097002,90.61575845,0.04392871633172035,1
1449637200,0.00102803,0.00108972,0.00111168,0.00100591,60.526766120000005,0.052442487329244614,0
1449723600,0.00108965,0.00103542,0.00108978,0.00097402,45.446725289999996,0.005486662033945322,0
1449810000,0.00103411,0.00102977,0.00103956,0.00097121,32.668989919999994,0.04024418815970421,1
1449896400,0.00102976,0.00107295,0.00107317,0.001003,23.281374739999997,0.0899491086602211,1
1449982800,0.00106248,0.001179,0.001255,0.00101312,141.41296431,0.0014780082274228334,0
1450069200,0.001179,0.00117726,0.00126432,0.00112017,114.28691796000001,0.003537605283781886,0
1450155600,0.00117379,0.00117311,0.00122192,0.00113753,69.52469618,0.03462539240717888,0
1450242000,0.00117311,0.00113385,0.00119623,0.0011212,40.95273458999999,0.05192600190639496,0
1450328400,0.00113385,0.00107788,0.00117167,0.00107109,35.271547739999995,0.01603400893509388,0
1450414800,0.00107109,0.00106087,0.0011,0.00104721,25.092858939999996,0.019954362884163857,1
1450501200,0.00106087,0.00108247,0.0010829000000000001,0.00101103,41.260167859999996,0.03351755812764168,1
1450587600,0.00107501,0.00112001,0.00119234,0.0010199999999999999,85.72311099999999,0.037084706127643585,0
1450674000,0.00112001,0.00107996,0.00118995,0.00102447,96.07124972,0.023280493915081024,0
1450760400,0.00107996,0.00105539,0.00116307,0.00104,69.65291449000003,0.001765493187122047,0
1450846800,0.00105824,0.00105353,0.00112508,0.001045,34.77364711999999,0.011679393239319324,1
1450933200,0.00104501,0.00106598,0.00108906,0.00102001,34.958608,0.013502133078873158,1
1451019600,0.00106899,0.00108057,0.00108901,0.00105551,14.435380779999997,0.018828963860869408,0
1451106000,0.00107474,0.0010606,0.00114254,0.00105801,41.21875537000001,0.002457466907799244,0
1451192400,0.0010739,0.001058,0.001075,0.001058,23.93288508,0.0035379931796342134,0
1451278800,0.00106252,0.00105427,0.00109999,0.00104583,33.06570515,0.0011937131639569998,1
1451365200,0.00105427,0.00105553,0.0010928,0.00102245,33.64558400000001,0.0005023696576245129,0
1451451600,0.00105713,0.0010550000000000002,0.00109999,0.0010225,60.51089803,0.0410834401845932,1
1451538000,0.0010550000000000002,0.0011002,0.0011002,0.00103305,47.018115050000006,0.09299258142709732,1
1451624400,0.0010949999999999998,0.001213,0.00131199,0.00106004,201.83399702999995,0.01046282984316349,0
1451710800,0.00124161,0.00120044,0.00129966,0.00118396,101.07271958,0.021633673459291458,0
1451797200,0.0012,0.00117502,0.00124431,0.00113036,92.02063263,0.01645328663289547,0
1451883600,0.00116503,0.0011560000000000001,0.00120094,0.0011420999999999998,32.51862148,0.016396231949329376,1
1451970000,0.0011560000000000001,0.00117527,0.001225,0.00113757,56.25032651000001,0.02050970308482647,0
1452056400,0.00116613,0.00115165,0.00120998,0.001135,44.78385293,0.04935853183269501,0
1452142800,0.00116946,0.00109748,0.00116946,0.00105002,83.31916954999998,0.00778696034103632,0
1452229200,0.0010949999999999998,0.0010890000000000001,0.00114078,0.001061,53.13864236,0.059179265052080154,1
1452315600,0.00108437,0.0011575,0.00116754,0.00107571,43.451190589999996,0.07351863384246826,0
1452402000,0.0011575,0.00107823,0.001187,0.001068,54.37265049000001,0.019790908321738243,1
1452488400,0.00107831,0.0011,0.001125,0.001069,40.115034969999996,0.021352313458919525,1
1452574800,0.00109773,0.001124,0.00114625,0.00105166,91.55075524,0.017207611352205276,1
1452661200,0.00110694,0.00114368,0.00114368,0.00105703,81.10464292,0.004993822891265154,1
1452747600,0.00112511,0.00114942,0.001165,0.00108562,70.11395259000001,0.02943560667335987,1
1452834000,0.00116496,0.00118428,0.00118824,0.00111004,102.52993114,0.052515361458063126,1
1452920400,0.00118149,0.00124992,0.0013000000000000002,0.00117093,78.90385437000002,0.02984263002872467,0
1453006800,0.001245,0.0012136999999999998,0.00133366,0.00111179,140.95193122,0.10094298422336578,1
1453093200,0.0012136999999999998,0.00134997,0.00137,0.00118004,161.55169905000002,0.030632687732577324,1
1453179600,0.00134482,0.00139263,0.001445,0.0013000000000000002,230.36233698,0.03698546439409256,0
1453266000,0.0013926,0.00134296,0.0014197,0.00123446,253.8205604,0.005214815028011799,1
1453352400,0.00134646,0.00135,0.0014,0.00125502,96.83750835,0.008439283818006516,1
1453438800,0.00135,0.00136149,0.0014299000000000002,0.00128401,153.57848210000003,0.12717726826667786,1
1453525200,0.00135541,0.00155987,0.0016775,0.00129004,506.92925329999997,0.024403858929872513,0
1453611600,0.00155263,0.00152271,0.00165204,0.00145,273.21868375,0.031821109354496,0
1453698000,0.00151059,0.00147575,0.00154423,0.0014210000000000002,156.62635895000003,0.050091080367565155,1
1453784400,0.00147765,0.00155357,0.0016500000000000002,0.00143328,201.71562331,0.04576663672924042,0
1453870800,0.00155357,0.00148558,0.0016,0.00142905,271.38385199000004,0.04137225076556206,0
1453957200,0.00148579,0.00142656,0.001591,0.00135035,145.78171477,0.07260150462388992,0
1454043600,0.00142656,0.00133,0.00146664,0.00126696,130.66426208000004,0.01167611125856638,0
1454130000,0.00133,0.00131465,0.0013900000000000002,0.00128,92.93293810000002,0.014342695474624634,1
1454216400,0.00131465,0.00133378,0.00139361,0.0013100000000000002,85.32735865000001,0.0077825128100812435,0
1454302800,0.00133385,0.00132348,0.00136437,0.00129172,80.90849562000001,0.008427180349826813,0
1454389200,0.00132264,0.00131242,0.00134251,0.00130101,33.601297790000004,0.007659445982426405,1
1454475600,0.00130732,0.00132255,0.00134583,0.0013062999999999998,51.96775071000002,0.022284574806690216,0
1454562000,0.00133468,0.00129372,0.00134987,0.00129343,64.40414612,0.008651274256408215,1
1454648400,0.00129372,0.00130501,0.00133388,0.00123944,106.46797167999999,0.029106536880135536,0
1454734800,0.00130502,0.0012681,0.0013125,0.00125044,85.59360050999999,0.03203645721077919,1
1454821200,0.0012603999999999998,0.00131007,0.001337,0.00126,124.81513285,0.019930399954319,0
1454907600,0.00131485,0.00128447,0.00133,0.00128,61.978251629999995,0.022504378110170364,0
1454994000,0.00129054,0.0012562,0.0013000000000000002,0.00121,113.66937903,0.004800912458449602,1
1455080400,0.00126854,0.00126226,0.00128,0.0012,101.24345010999998,0.19602298736572266,1
1455166800,0.00127097,0.00157002,0.00159999,0.00127097,634.67514564,0.17275936901569366,1
1455253200,0.0015700000000000002,0.0018979,0.0019,0.00138001,647.7198393,0.05438888818025589,0
1455339600,0.0019,0.0018000000000000004,0.002339,0.0016870000000000001,2516.2749376199995,0.09995950013399124,1
1455426000,0.0018000000000000004,0.00199991,0.002176,0.00169722,1307.12965501,0.05222925543785095,1
1455512400,0.00199991,0.00211012,0.00217999,0.00183555,959.4520147800001,0.07888004928827286,1
1455598800,0.00211019,0.00229082,0.00246012,0.00209603,1787.1327645399995,0.29832693934440613,0
1455685200,0.00229025,0.00176444,0.0023,0.0016400000000000002,1406.0027547500001,0.02503122016787529,1
1455771600,0.00176443,0.00180974,0.00188701,0.00175,370.65856543999996,0.08023439347743988,1
1455858000,0.00182091,0.00196761,0.00205549,0.0017419999999999998,530.4067858000001,0.04774912819266319,0
1455944400,0.00196761,0.00187794,0.00211999,0.00184005,569.0029093600001,0.022403214126825333,0
1456030800,0.00187799,0.00183679,0.00187799,0.0016510000000000001,396.35165185999995,0.021443307399749756,0
1456117200,0.0018371,0.00179823,0.0019,0.00171111,276.9881608999999,0.001360597088932991,1
1456203600,0.00180058,0.00180068,0.00184435,0.00174003,180.94444721000002,0.13217313587665558,1
1456290000,0.0018027000000000002,0.00207493,0.00210873,0.001771,412.54084058,0.10712532699108124,0
1456376400,0.00206027,0.00187416,0.00207493,0.0018242,321.04103940999994,0.009329689666628838,1
1456462800,0.00187362,0.00189181,0.00197,0.00185201,133.73634698,0.039197761565446854,1
1456549200,0.00188123,0.00196899,0.00199333,0.00187471,222.13791920999998,0.019739724695682526,1
1456635600,0.00196899,0.00200864,0.002049,0.00195509,342.55339825000004,0.00431999983265996,0
1456722000,0.00200864,0.002,0.00203754,0.00191,339.06770084999994,0.01828327588737011,0
1456808400,0.00199999,0.00196409,0.00201423,0.00186094,360.57398035999995,0.0012509216321632266,1
1456894800,0.00196408,0.00196655,0.002,0.00186099,280.69237157,0.2169569432735443,1
1456981200,0.0019651,0.00251142,0.00274499,0.00195,2014.1037257200003,0.10203804075717926,1
1457067600,0.00251142,0.0027968000000000003,0.00297799,0.0024700000000000004,1703.9757794300003,0.03175663575530052,1
1457154000,0.00279779,0.0028885300000000003,0.00348785,0.0027,2849.1881976299996,0.08026852458715439,0
1457240400,0.00285005,0.0026739,0.00309999,0.00250123,2078.1582129,0.051917243748903275,0
1457326800,0.00267382,0.00254193,0.00275243,0.0023311,981.5265173600002,0.09858720749616623,1
1457413200,0.00254017,0.00281994,0.0028908000000000002,0.0024200000000000003,672.8684585000002,0.06423096358776093,1
1457499600,0.00279998,0.0030135,0.0032168500000000003,0.00233812,2114.60331252,0.11735675483942032,0
1457586000,0.00299,0.00269699,0.0030147,0.002411,778.73527433,0.018181612715125084,0
1457672400,0.00269699,0.00264883,0.0027,0.00250001,396.8948252199999,0.07706271857023239,1
1457758800,0.00262751,0.0028699999999999997,0.00295554,0.00255,633.2137112,0.01755007915198803,0
1457845200,0.0028699999999999997,0.0028205,0.00307,0.00267091,677.6559390100001,0.04905898869037628,0
1457931600,0.00282045,0.0026886,0.00292972,0.0026100000000000003,421.23157873,0.034600138664245605,1
1458018000,0.00266274,0.00278496,0.00284081,0.00265016,392.12106642000003,0.016405049711465836,0
1458104400,0.00278494,0.00274001,0.0028786700000000003,0.00269717,338.70761536,0.08313032984733582,1
1458190800,0.00275072,0.00298844,0.0032340000000000003,0.002488,1318.5640782300002,0.0631234422326088,0
1458277200,0.00296371,0.002811,0.00307593,0.00265444,756.6458759499999,0.06500712037086487,1
1458363600,0.00281109,0.00300644,0.00315141,0.00274,725.16734502,0.17359860241413116,1
1458450000,0.00298401,0.00363799,0.0038,0.00298263,2796.9513573,0.016198324039578438,0
1458536400,0.003638,0.0035800000000000007,0.00367688,0.0033066000000000003,1446.8456047500001,0.0549175962805748,0
1458622800,0.00359598,0.00339363,0.0036799999999999997,0.00321001,1333.61337509,0.02276339940726757,1
1458709200,0.00339363,0.00347268,0.00356599,0.0032,901.9910647800002,0.11490701884031296,1
1458795600,0.00345537,0.00392352,0.00421994,0.0033354,3240.26742011,0.012064228765666485,0
1458882000,0.00392666,0.00387675,0.0041400000000000005,0.0037655,1277.36092106,0.044544778764247894,1
1458968400,0.00387741,0.00405749,0.00415,0.003872,1139.0235297999998,0.10995031893253326,0
1459054800,0.00407666,0.00365556,0.0041,0.00321,2372.26132336,0.04404599219560623,0
1459141200,0.00365599,0.00350134,0.003699,0.00330862,1022.95383438,0.022755499929189682,1
1459227600,0.00348714,0.00358287,0.0036912,0.0034751400000000003,770.6759120199999,0.06253558397293091,0
1459314000,0.00360471,0.003372,0.003650000000000001,0.003332,826.7011789100001,0.03756960481405258,1
1459400400,0.00338785,0.00350363,0.0035499900000000007,0.003332,527.80811103,0.001228806679137051,0
1459486800,0.00350363,0.00349933,0.00362175,0.00339939,796.7825107400001,0.05450855940580368,1
1459573200,0.00350372,0.00370107,0.00374122,0.00345606,897.3305861699998,0.0054222773760557175,0
1459659600,0.00370118,0.00368111,0.00378645,0.0035038400000000003,578.20918848,0.016850316897034645,0
1459746000,0.0036899999999999997,0.00362011,0.0038,0.00354587,748.43762427,0.05177663639187813,0
1459832400,0.00363193,0.0034419000000000003,0.0037049999999999995,0.0034,824.7052623899998,0.03317687287926674,1
1459918800,0.00344175,0.00356001,0.0037188000000000004,0.00343327,580.03349298,0.015655457973480225,1
1460005200,0.00357696,0.00361663,0.00371422,0.00350813,721.7696745,0.12702710926532745,0
1460091600,0.0036168,0.0032090000000000005,0.00361681,0.0027,1629.4165324499997,0.21092969179153442,0
1460178000,0.00320999,0.0026500300000000003,0.0033001,0.0025800000000000003,2059.04170469,0.041183240711688995,0
1460264400,0.0026500300000000003,0.00254521,0.00269114,0.00207,2606.7767822,0.1410530060529709,0
1460350800,0.0025323,0.00223058,0.00259814,0.00211335,831.9290316200002,0.0036355454940348864,0
1460437200,0.00223058,0.0022225,0.00233,0.002,1196.79674999,0.09345657378435135,1
1460523600,0.00220174,0.00245162,0.00253993,0.0022,908.0529022699999,0.05224710330367088,0
1460610000,0.00244731,0.0023298900000000003,0.00250996,0.002251,801.2507308,0.018232911825180054,0
1460696400,0.00232988,0.00228817,0.0024,0.0022,424.94109295999993,0.06558012962341309,1
1460782800,0.0022882,0.00244876,0.00257,0.00219636,521.3279300099999,0.003973919432610273,1
1460869200,0.00243848,0.00245853,0.00261999,0.00234374,733.1107372999999,0.06697507947683334,1
1460955600,0.002456,0.00263501,0.00269899,0.00244014,416.2587545400001,0.07519830763339996,0
1461042000,0.00263501,0.00245072,0.002699,0.0022500000000000003,808.3467132899999,0.044330526143312454,0
1461128400,0.00246801,0.00234669,0.00247699,0.00227805,387.75481639,0.05059834197163582,0
1461214800,0.00234669,0.00223367,0.00236125,0.00210168,505.92608107,0.025840412825345993,1
1461301200,0.00222669,0.00229292,0.00229293,0.00213234,239.76521763999995,0.019075555726885796,0
1461387600,0.00229292,0.0022500000000000003,0.00234829,0.0021796,235.68703490000001,0.024660155177116394,0
1461474000,0.0022500000000000003,0.00219585,0.00235,0.00217773,231.70780231,0.05824096500873566,0
1461560400,0.00219585,0.002075,0.00228701,0.00203,448.66260309,0.10372340679168701,0
1461646800,0.002075,0.00188,0.002131,0.00176,669.36707199,0.10416895151138306,1
1461733200,0.00188,0.00209861,0.00218006,0.00184659,639.4928829499999,0.033304281532764435,0
1461819600,0.00209481,0.00203097,0.00210126,0.00198752,202.55706439000005,0.020377710461616516,0
1461906000,0.00203097,0.00199041,0.00205938,0.00191969,187.17707183000002,0.04531653970479965,1
1461992400,0.00200029,0.00208489,0.00215061,0.0019521,265.41817199999997,0.007164043374359608,0
1462078800,0.00208484,0.00207006,0.00209454,0.00196913,159.24705246999997,0.02159055508673191,1
1462165200,0.00205558,0.00211574,0.00227274,0.00205,512.0477329200002,0.027971450239419937,0
1462251600,0.00210773,0.00205817,0.00218645,0.00201469,162.65532782,0.034256283193826675,0
1462338000,0.00205938,0.00199,0.00214,0.00199,235.45611864,0.01895052380859852,1
1462424400,0.00200409,0.00202844,0.00206798,0.00196736,140.5106158,0.07323164492845535,0
1462510800,0.00202641,0.00189003,0.00204228,0.00181,199.59472300000004,1.5873016309342347e-05,0
1462597200,0.00188901,0.00189,0.00195925,0.00182499,188.33013644,0.02204701490700245,0
1462683600,0.00188579,0.00184923,0.00191998,0.00182285,135.5238856,0.01417140569537878,0
1462770000,0.00184923,0.00182339,0.0019,0.00175,217.01705288000002,0.01953519880771637,1
1462856400,0.00183027,0.00185972,0.0019399999999999999,0.001784,281.0471999200001,0.024884909391403198,1
1462942800,0.00186078,0.00190718,0.0019894,0.0018332,168.70165211,0.009057913906872272,0
1463029200,0.00190761,0.00189006,0.00194316,0.00187102,99.71083846,0.026453416794538498,0
1463115600,0.00189006,0.00184135,0.001939,0.00182323,134.89129885,0.007192576769739389,1
1463202000,0.00184134,0.00185469,0.0018754000000000002,0.00180242,53.61785511,0.03309808671474457,0
1463288400,0.0018547000000000001,0.00179527,0.00188318,0.00176001,131.09166553,0.024309782311320305,1
1463374800,0.0017951,0.0018399999999999998,0.00186371,0.00176001,210.29843369999998,0.0044744545593857765,1
1463461200,0.00184989,0.00184827,0.001899,0.00169292,344.39275488000004,0.00371396541595459,1
1463547600,0.00184701,0.00185516,0.0019399999999999999,0.0017419999999999998,336.40838401999997,0.09853542596101761,1
1463634000,0.00185516,0.00205794,0.00209813,0.00180444,398.2290001900001,0.047897957265377045,1
1463720400,0.00205966,0.00216147,0.0022500000000000003,0.0019500999999999998,608.89940921,0.006706814281642437,0
1463806800,0.00216147,0.00214707,0.00226333,0.00210033,229.0551951,0.003508723108097911,1
1463893200,0.00214706,0.0021546300000000003,0.0022800000000000003,0.00207916,417.5944990600001,0.026336362585425377,1
1463979600,0.00213781,0.00221291,0.00222573,0.00202762,342.96690834000003,0.09223411232233047,0
1464066000,0.00221245,0.00202604,0.00223285,0.00196732,428.08657787999994,0.011144326999783516,0
1464152400,0.00202202,0.00200371,0.00204593,0.00192369,155.00015993000002,0.10686921328306198,0
1464238800,0.00200372,0.00181025,0.00201586,0.00180992,277.90874051000003,0.037636350840330124,0
1464325200,0.00180999,0.00174459,0.00182473,0.001725,231.65439558999995,0.0363883413374424,1
1464411600,0.00174459,0.00181047,0.001848,0.00170289,319.54300407,0.09722130000591278,0
1464498000,0.00180953,0.00165005,0.00184083,0.00161947,307.4922761800001,0.03180284425616264,1
1464584400,0.00165494,0.00170425,0.00175,0.00164005,111.91310994999999,0.02479986660182476,1
1464670800,0.00170425,0.00174759,0.0018524999999999998,0.0016569999999999998,276.91678083,0.022580455988645554,0
1464757200,0.00174998,0.001709,0.0017699999999999999,0.00161215,174.43883829,0.01131005771458149,1
1464843600,0.001709,0.00172855,0.00178017,0.00169297,83.43402620000002,0.04223067685961723,0
1464930000,0.00172855,0.00165851,0.00173104,0.0016519999999999998,126.27106689000001,0.040141910314559937,1
1465016400,0.00166756,0.00172787,0.00175,0.00165328,142.88074579000002,0.0073021636344492435,1
1465102800,0.00172787,0.00174058,0.00176932,0.00166608,153.43626495,0.03026428632438183,0
1465189200,0.00174061,0.00168945,0.001795,0.00166765,145.09401324,0.0036505390889942646,1
1465275600,0.00168479,0.00169564,0.00177262,0.00165252,139.90475941999998,0.022685879841446877,1
1465362000,0.00169564,0.0017350000000000002,0.0017760000000000002,0.0016870000000000001,104.67041954000001,0.1368331015110016,1
1465448400,0.00173629,0.00201004,0.002139,0.0017319999999999998,871.70485878,0.0054372563026845455,0
1465534800,0.00200255,0.00199917,0.00205989,0.00187425,396.83031264999994,0.07455682754516602,0
1465621200,0.00199919,0.00186046,0.00201598,0.00176119,494.84164467999994,0.04159776493906975,1
1465707600,0.00183764,0.00194121,0.00195,0.00177121,284.65310617,0.053099554032087326,0
1465794000,0.00191195,0.00184333,0.00199108,0.0017784,353.55820087,0.07470320910215378,1
1465880400,0.0018543,0.0019921500000000003,0.00205913,0.00181939,380.02342213000003,0.004745957441627979,0
1465966800,0.00198666,0.00198274,0.00220524,0.00197579,540.0941263400001,0.028739940375089645,1
1466053200,0.00198465,0.00204141,0.00213018,0.0019256,322.35470388000005,0.17219103872776031,1
1466139600,0.002045,0.00246604,0.00250635,0.00201369,981.2789919899998,0.010962161235511303,0
1466226000,0.00246611,0.0024393,0.0031500000000000005,0.00241007,3382.2428604700003,0.046797554939985275,0
1466312400,0.00243902,0.00233025,0.00264098,0.00231,642.8026409199998,0.08985630422830582,1
1466398800,0.00233282,0.00256031,0.00259666,0.0022649999999999997,821.19921179,0.06063530966639519,0
1466485200,0.00254757,0.00241394,0.00264357,0.00230065,624.14761499,0.03400282561779022,1
1466571600,0.00241396,0.00249891,0.00267388,0.002391,608.6203665800001,0.03922930359840393,0
1466658000,0.00249476,0.00240458,0.002589,0.002403,323.92599349,0.005036509595811367,0
1466744400,0.00241802,0.00239253,0.00247435,0.002291,245.94039921,0.008799743838608265,0
1466830800,0.00239237,0.0023716600000000003,0.00243451,0.0022199999999999998,212.80024168999998,0.06831531226634979,0
1466917200,0.00238665,0.0022199999999999998,0.00242996,0.00214,192.21279803000004,0.006115523632615805,1
1467003600,0.0022199999999999998,0.00223366,0.00231746,0.00214,172.64838013999997,0.04047047346830368,1
1467090000,0.00221689,0.00232787,0.00234844,0.0022,252.49424197000002,0.04897170513868332,1
1467176400,0.00233,0.00244774,0.0025900000000000003,0.00230326,418.96272650000003,0.004987784661352634,1
1467262800,0.00244775,0.00246001,0.00252,0.0022670000000000004,354.3111110499999,0.013375525362789631,1
1467349200,0.00247066,0.00249336,0.00255,0.00236002,193.74831908000002,0.01836993359029293,1
1467435600,0.00249336,0.00254002,0.00259501,0.0024200000000000003,270.90169442999996,0.030903998762369156,1
1467522000,0.00254637,0.00262102,0.00275939,0.0025399999999999997,439.32680609999994,0.041947923600673676,0
1467608400,0.002621,0.0025155,0.0026400000000000004,0.0024700000000000004,214.37926719000004,0.029794620350003242,1
1467694800,0.0025155,0.00259275,0.00265,0.0024400000000000003,240.24059249000004,0.12377196550369263,1
1467781200,0.00257365,0.00295899,0.0031200000000000004,0.00256106,1253.50858754,0.01647632010281086,1
1467867600,0.00293002,0.00300856,0.00329172,0.00288,1869.6933087300004,0.03670878708362579,0
1467954000,0.00300856,0.00290203,0.00310659,0.00284599,623.8721192,0.025150323286652565,1
1468040400,0.0029021,0.0029769,0.00307,0.002858,454.01000435000003,0.0021017910912632942,1
1468126800,0.00297242,0.0029831700000000003,0.003001,0.002865,299.06030594000015,0.055958859622478485,1
1468213200,0.0029831700000000003,0.00316,0.00316088,0.00291397,340.13927755,0.053336843848228455,0
1468299600,0.00316,0.00299999,0.00320741,0.002903,470.16319123000005,0.007658228278160095,0
1468386000,0.00299996,0.00297719,0.00300897,0.00288313,461.8004914899999,0.007603333331644535,1
1468472400,0.0029771800000000003,0.003,0.00308075,0.00292565,224.05204109000002,0.012816926464438438,1
1468558800,0.00299999,0.00303895,0.00308025,0.0029100000000000003,221.8780452000001,0.018073702231049538,0
1468645200,0.0030389600000000003,0.0029850000000000002,0.00305054,0.00295898,107.76850078000001,0.006005702540278435,0
1468731600,0.0029742,0.0029671800000000003,0.00302,0.0028758000000000004,237.09671667,0.057237736880779266,0
1468818000,0.00294501,0.00280654,0.00297999,0.0027564,224.94446787000004,0.005235156510025263,1
1468904400,0.00278921,0.00282131,0.00288,0.00270074,313.72090885000006,0.05502267926931381,0
1468990800,0.00282132,0.00267417,0.00286108,0.00251,430.00350948,0.011123924516141415,0
1469077200,0.00267417,0.00264475,0.00273033,0.0025510100000000003,212.84542201,0.05560832470655441,1
1469163600,0.00263714,0.00280048,0.0029138000000000002,0.00262331,294.27426388999993,0.02762123942375183,1
1469250000,0.00280049,0.00288003,0.00295389,0.00275642,169.09431861000002,0.03459759056568146,0
1469336400,0.00288004,0.00278372,0.0029300000000000003,0.00277701,217.68446378,0.00021190168627072126,1
1469422800,0.00280721,0.00278431,0.00283964,0.002777,123.33478972,0.004839430097490549,1
1469509200,0.00278431,0.00279785,0.00282978,0.0026128,418.56058347,0.017691627144813538,1
1469595600,0.00279785,0.00284824,0.00298999,0.00270001,362.82829868000005,0.02013961225748062,0
1469682000,0.00284823,0.00279201,0.0029700000000000004,0.00278378,237.00185868,0.020639458671212196,1
1469768400,0.0028,0.0028508500000000003,0.0029700000000000004,0.00278378,158.33511496,0.03584244102239609,1
1469854800,0.00286191,0.00295683,0.00297788,0.00285,132.98949007000002,0.019596552476286888,0
1469941200,0.00295959,0.0029,0.00295959,0.00282955,215.26446809000004,0.03562181815505028,0
1470027600,0.00290745,0.00280025,0.00292466,0.002777,232.52241768999997,0.01274864375591278,0
1470114000,0.00280029,0.002765,0.002899,0.00262123,551.1533784699999,0.07585662603378296,1
1470200400,0.002765,0.00299196,0.0031088,0.00273006,534.3152718599999,0.04103846102952957,1
1470286800,0.00299196,0.0031200000000000004,0.00330088,0.00297104,534.9420183699999,0.00920903217047453,0
1470373200,0.00312033,0.00309153,0.003239,0.00305,221.31277167000005,0.07689344882965088,1
1470459600,0.00310046,0.00334905,0.0034388,0.003039,456.2034128100001,0.03372121602296829,0
1470546000,0.00333251,0.0032398,0.003455,0.00305,340.48167773000006,0.02528107725083828,1
1470632400,0.00321652,0.0033238300000000003,0.0034400000000000003,0.0031288,420.81415413,0.01735968515276909,1
1470718800,0.0033259,0.00338255,0.0035,0.003297,396.42331084,0.0010189013555645943,1
1470805200,0.00338255,0.003386,0.0034529400000000003,0.00324904,234.44051344,0.012544669210910797,0
1470891600,0.003386,0.00334405,0.00342518,0.0031921,200.14579826000005,0.0057625966146588326,0
1470978000,0.00333801,0.00332489,0.00335,0.003207,175.84917012,0.009842343628406525,1
1471064400,0.00332489,0.00335794,0.003448,0.00330953,193.6464672,0.03221864625811577,1
1471150800,0.00335796,0.00346973,0.00368632,0.00322,612.67569317,0.09582876414060593,1
1471237200,0.00347006,0.00383747,0.00389299,0.0034600000000000004,1406.7522318999997,0.0287985410541296,0
1471323600,0.00382164,0.00373005,0.004,0.003650000000000001,1281.1322356100002,0.009864063933491707,1
1471410000,0.00373009,0.00376721,0.0039911,0.0036799999999999997,789.6104957499999,0.017069218680262566,1
1471496400,0.00376723,0.00383263,0.00394,0.00376723,491.8721358200001,0.03955664485692978,1
1471582800,0.00383253,0.00399048,0.004070000000000001,0.00377926,563.64911008,0.05259034410119057,1
1471669200,0.00398857,0.00421199,0.00444062,0.0039829900000000005,3118.1950085500002,0.10714118927717209,1
1471755600,0.0041925,0.00471742,0.00484584,0.00416388,2201.83775428,0.35888591408729553,1
1471842000,0.00469999,0.00735816,0.00938421,0.00469999,34676.81752308,0.05785403400659561,1
1471928400,0.00735817,0.007810000000000002,0.00928,0.00707096,30791.160212260005,0.1252288967370987,0
1472014800,0.00781003,0.00694081,0.008790000000000001,0.0067001000000000005,12895.719167100002,0.12572145462036133,1
1472101200,0.00694105,0.007938899999999999,0.0081,0.006350000000000001,12446.64545527,0.07282432168722153,0
1472187600,0.00793886,0.0074,0.008059199999999999,0.006999999999999999,7600.807956430003,0.3009212613105774,1
1472274000,0.00739466,0.01058536,0.0114,0.00725706,22692.32221771,0.302844375371933,1
1472360400,0.01058534,0.01518364,0.018750000000000003,0.0102,103986.45533712,0.04971250519156456,0
1472446800,0.01525997,0.01446457,0.017980000000000003,0.0136,55107.321192409996,0.07542312145233154,0
1472533200,0.01447011,0.01345012,0.01589988,0.01256011,28592.50495021,0.10841982066631317,1
1472619600,0.013450100000000001,0.01508571,0.01543898,0.01308001,29064.315291839997,0.09369125217199326,0
1472706000,0.01508571,0.01379339,0.015240000000000004,0.0135,18144.825840849997,0.2233888804912567,1
1472792400,0.013750000000000002,0.017761000000000002,0.018500000000000003,0.01364105,54086.435506760005,0.08448972553014755,1
1472878800,0.01775222,0.01940011,0.026500000000000003,0.01640001,114670.13047536,0.12355738133192062,1
1472965200,0.01940011,0.02213506,0.02290998,0.0182321,42479.81194744,0.0342448391020298,1
1473051600,0.02218508,0.02291995,0.0235975,0.0206,39251.3965231,0.09194616228342056,0
1473138000,0.02291989,0.02099,0.02370612,0.01955725,37467.598941109994,0.03962666541337967,0
1473224400,0.02099,0.02018994,0.02117682,0.01801001,33843.585352480004,0.005666584707796574,1
1473310800,0.02018995,0.020305,0.020950000000000003,0.0182121,25834.88144751,0.00794241763651371,0
1473397200,0.020305,0.020145,0.02192435,0.019,21646.08488311,0.01845298334956169,0
1473483600,0.020145,0.01978,0.02017283,0.019103,12144.355961210002,0.10564561188220978,0
1473570000,0.01978,0.017890000000000003,0.01992998,0.0162,30603.91684969,0.07132163643836975,0
1473656400,0.017890000000000003,0.016699000000000002,0.0182,0.01612007,16722.721451150006,0.04951903969049454,1
1473742800,0.01680001,0.017568999999999998,0.01895916,0.016190000000000003,21802.900451629997,0.024325769394636154,0
1473829200,0.01755501,0.01715177,0.01804,0.0166,8034.211480080001,0.08213059604167938,0
1473915600,0.01714867,0.015850000000000003,0.0173,0.0152089,13391.193761679999,0.04967304691672325,0
1474002000,0.015850000000000003,0.01509994,0.016187,0.014401,11225.509007650002,0.04611815884709358,1
1474088400,0.0151,0.01582999,0.01632612,0.0148,6309.55429193,0.025989370420575142,0
1474174800,0.01582999,0.015429,0.01604767,0.01511609,4248.44932837,0.10685807466506958,1
1474261200,0.01541487,0.01727497,0.017991,0.0148,13850.73032836,0.012859420850872993,1
1474347600,0.017245,0.01750001,0.019250000000000003,0.016916900000000002,18564.795284660002,0.011386471800506115,0
1474434000,0.01755786,0.01730299,0.01797,0.01631001,9495.49760278,0.008861874230206013,0
1474520400,0.01725392,0.017151,0.01789999,0.016689990000000002,5410.23341994,0.046636492013931274,1
1474606800,0.01712899,0.01798999,0.01833738,0.017050000000000003,5684.07584148,0.04411458969116211,0
1474693200,0.017990000000000003,0.0172299,0.01825938,0.01708058,3099.4831056899993,0.0061261351220309734,0
1474779600,0.01722985,0.01712499,0.0176,0.01642,4398.67691557,0.12737835943698883,0
1474866000,0.017095,0.015190100000000002,0.01718058,0.01481114,10860.701972879999,0.020990243181586266,1
1474952400,0.01519011,0.01551578,0.01587993,0.0151634,3714.38351006,0.009156422689557076,0
1475038800,0.01551578,0.015375,0.01570547,0.01509726,2194.42935262,0.09790059924125671,0
1475125200,0.015370000000000003,0.014004,0.0154,0.013702,8718.4163217,0.15211941301822662,0
1475211600,0.01396844,0.01215499,0.014285,0.01162,15070.811560670001,0.022124698385596275,1
1475298000,0.01215059,0.012430000000000002,0.01292,0.01155011,7359.71130795,0.06786651909351349,1
1475384400,0.01243752,0.013335,0.01399998,0.012050000000000002,7413.383595790001,0.024585440754890442,0
1475470800,0.01334998,0.01301502,0.0136,0.0126,4349.92982061,0.05401846393942833,0
1475557200,0.013030000000000002,0.012348,0.01333164,0.01215001,3937.1588585299996,0.14386290311813354,0
1475643600,0.012348,0.010795,0.0126,0.009898,15603.834728130001,0.11606597900390625,1
1475730000,0.010795,0.01221245,0.01258179,0.01046245,7329.702229050001,0.13576504588127136,0
1475816400,0.01219907,0.01075262,0.01254199,0.01053457,6126.268793690001,0.056789375841617584,1
1475902800,0.01075262,0.01140002,0.01160415,0.01069068,2648.4808582600003,0.04642241820693016,1
1475989200,0.01140824,0.011955,0.0125,0.0111,5135.306983949999,0.14401914179325104,0
1476075600,0.011955,0.01045,0.012228,0.010428299999999998,5554.8304911999985,0.09602075815200806,1
1476162000,0.01045,0.011559999999999999,0.012345,0.01035055,8429.76024175,0.023914968594908714,0
1476248400,0.01155871,0.01129,0.011920000000000002,0.01111,2572.7806630999994,0.035779815167188644,0
1476334800,0.011299,0.0109,0.01141351,0.01061,3160.1803727900005,0.010289193131029606,0
1476421200,0.0109,0.01078899,0.01120057,0.01069996,2455.3034930300005,0.09421805292367935,0
1476507600,0.010744,0.009859999999999999,0.01084425,0.009559999999999999,2999.3904406399997,0.01565719023346901,0
1476594000,0.00985998,0.009708,0.01047,0.00956389,3557.1658551699993,0.011776966974139214,0
1476680400,0.00970425,0.009595000000000001,0.0100999,0.008888,5569.360745609999,0.09438329190015793,1
1476766800,0.00956333,0.01059499,0.01083666,0.00950004,3628.8207926700006,0.005165258422493935,1
1476853200,0.01059499,0.01065,0.01150785,0.01016235,4880.19691704,0.011257720179855824,0
1476939600,0.01064798,0.01053144,0.011136700000000001,0.010252,2258.9469066,0.001094567240215838,1
1477026000,0.01053144,0.01054298,0.01108849,0.01015,3127.528801,0.0574704110622406,0
1477112400,0.01055,0.00997,0.01065619,0.00950002,3310.3516530999996,0.004592651966959238,1
1477198800,0.00997,0.010016,0.0102,0.00981944,682.1900406000001,0.026124373078346252,0
1477285200,0.01001701,0.009761,0.0100972,0.00960003,1127.74062675,0.05151236429810524,0
1477371600,0.009756,0.00928282,0.00979667,0.008601000000000001,4288.061336540001,0.0303940512239933,0
1477458000,0.00928282,0.009009,0.00940002,0.00863499,2290.4435852799998,0.013253011740744114,1
1477544400,0.00898,0.00913,0.0094,0.00867,2858.7620128700005,0.16766850650310516,0
1477630800,0.00913,0.007819,0.00925458,0.00755,6349.220345739999,0.08975609391927719,0
1477717200,0.00781399,0.007175,0.00794102,0.0058000000000000005,14822.801987230001,0.0840059146285057,1
1477803600,0.00716801,0.00783302,0.008177770000000001,0.0067690300000000005,6218.3867812299995,0.11470329016447067,0
1477890000,0.00782001,0.007026999999999999,0.00794713,0.006821,3994.8722437899996,0.025091174989938736,0
1477976400,0.00702554,0.006855,0.00733999,0.006,5264.94981276,0.07833883911371231,0
1478062800,0.006855,0.006357,0.00689613,0.0059,3799.1229990399997,0.11140620708465576,1
1478149200,0.006357,0.007154000000000001,0.0075000000000000015,0.00630012,5634.763554550002,0.030390320345759392,0
1478235600,0.00715398,0.006943,0.00742999,0.00664237,3282.820526020001,0.0019380712183192372,0
1478322000,0.006945000000000001,0.00692957,0.0072000000000000015,0.006846499999999999,872.4324732100001,0.08472196757793427,1
1478408400,0.0069200400000000006,0.007571,0.00771995,0.0068374,1786.00334513,0.13196514546871185,1
1478494800,0.007571,0.008721999999999999,0.0088,0.00716114,5757.420083720001,0.10113749653100967,0
1478581200,0.00872705,0.0079209,0.00969827,0.00758888,15843.03731312,0.09330356866121292,1
1478667600,0.0079209,0.008735999999999999,0.008990000000000001,0.00759,7520.76799917,0.030687006190419197,0
1478754000,0.00872145,0.0084759,0.00896303,0.00821007,3475.3045724599997,0.095077745616436,1
1478840400,0.00847099,0.00936644,0.0099,0.008197620000000001,6907.91465151,0.1871265470981598,1
1478926800,0.009366,0.01152263,0.01152263,0.00925001,11254.86884577,0.07287057489156723,0
1479013200,0.0115209,0.01074,0.01179983,0.0099012,9982.331354689997,0.02699059247970581,1
1479099600,0.01073232,0.01103792,0.01169999,0.010313,6984.736434310001,0.07655515521764755,0
1479186000,0.01102848,0.010253,0.01108899,0.00995505,4439.1929112200005,0.2126552313566208,0
1479272400,0.010295,0.008454999999999999,0.01047444,0.008140000000000001,13404.94521299,0.09765207767486572,1
1479358800,0.008456,0.009370000000000002,0.0097001,0.008422899999999999,5969.781283299998,0.039609454572200775,0
1479445200,0.00935783,0.009013,0.00941577,0.008650999999999999,3807.0544524900006,0.04317129775881767,0
1479531600,0.0090108,0.00864,0.00915105,0.0085,3223.1097769400008,0.05676855891942978,1
1479618000,0.00864904,0.00916,0.0095,0.0085215,4632.93733302,0.11067961156368256,1
1479704400,0.0091555,0.0103,0.011197,0.008853,6148.57847149,0.005853481125086546,0
1479790800,0.0103,0.01024006,0.01060405,0.009308,9164.84199497,0.042089805006980896,1
1479877200,0.010255,0.010690000000000002,0.01109752,0.01013251,5059.586095669998,0.02345619909465313,0
1479963600,0.01067,0.010445,0.01136789,0.010209999999999999,7606.10467418,0.03262583538889885,0
1480050000,0.01044002,0.01011499,0.01050981,0.009905,2798.64803036,0.0418689027428627,1
1480136400,0.0100912,0.010557,0.01074,0.00997371,2403.4205021799994,0.010033758357167244,1
1480222800,0.01058804,0.010664,0.0110907,0.01028,3341.1185522000005,0.011035889387130737,1
1480309200,0.01062,0.010783,0.01110007,0.01054999,2199.008229079999,0.034528084099292755,0
1480395600,0.010768000000000002,0.01042311,0.0108659,0.0101,3005.5009214599995,0.11631190031766891,1
1480482000,0.010372,0.01179501,0.012789,0.0095,16130.00234123,0.09566102176904678,0
1480568400,0.01179501,0.0107652,0.011826,0.01021625,8878.355203580002,0.005063775461167097,1
1480654800,0.01075513,0.01081999,0.010935,0.01019001,4904.868425989999,0.0002856641076505184,0
1480741200,0.01080001,0.0108169,0.011066,0.01055369,2202.08162903,0.03214694559574127,0
1480827600,0.01081155,0.01048,0.01096,0.01000003,3294.6489294500007,0.06504064798355103,0
1480914000,0.01046501,0.009840000000000002,0.0107,0.009515000000000001,3592.1580661700004,0.023506321012973785,0
1481000400,0.00986499,0.00961401,0.010106,0.00933001,3455.08319314,0.0764639750123024,1
1481086800,0.00961401,0.010409999999999999,0.010560000000000002,0.00957188,2377.84251831,0.01264591421931982,0
1481173200,0.01041495,0.01028,0.01041495,0.00997,1724.1513143500001,0.0007359497831203043,0
1481259600,0.01027722,0.01027244,0.01045,0.010159999999999999,1114.2334130700003,0.0038353411946445704,1
1481346000,0.01027244,0.01031199,0.0104522,0.009801,1631.02062082,0.004088607616722584,0
1481432400,0.01028588,0.01027,0.01054,0.01007,1450.7684452699998,0.0029155255760997534,1
1481518800,0.010286,0.01030003,0.01038,0.01001453,1422.0985554999997,0.04014332592487335,1
1481605200,0.01030003,0.0107308,0.0108,0.0102,1814.0291642099999,0.0024100886657834053,0
1481691600,0.01072,0.010705,0.01104989,0.01044001,3102.68107799,0.016627764329314232,1
1481778000,0.010705,0.01088601,0.011009999999999999,0.01050646,1554.1754685399999,0.026982074603438377,0
1481864400,0.01084801,0.0106,0.01090528,0.010451100000000001,1327.6598273200002,0.016879985108971596,1
1481950800,0.0106,0.010782,0.01091837,0.0104005,912.8083400200001,0.011823374778032303,0
1482037200,0.010782,0.01065601,0.01128738,0.01052086,2531.4642117999997,0.031183743849396706,1
1482123600,0.01065601,0.010999,0.01110842,0.01050907,2024.9111562900002,0.03623867779970169,0
1482210000,0.010999,0.01061435,0.011091,0.01034002,2460.991542970001,0.05227390304207802,0
1482296400,0.01061435,0.01008706,0.0106592,0.0098,3023.00456175,0.02162366546690464,1
1482382800,0.010088,0.01031,0.011027,0.009670000000000002,4976.007267770001,0.024040227755904198,1
1482469200,0.01031,0.01056396,0.0109,0.0101,2931.57751608,0.05535460636019707,1
1482555600,0.01056396,0.01118299,0.01122,0.01048,1895.31627989,0.02844669669866562,0
1482642000,0.01117059,0.01087367,0.01118815,0.01068153,1375.7926376200003,0.07361546903848648,1
1482728400,0.01087368,0.01173775,0.0119,0.01081998,2465.8037716400004,0.12404850870370865,1
1482814800,0.01173285,0.0134,0.013999999999999999,0.01119526,11110.07561736,0.0054522003047168255,1
1482901200,0.01339989,0.01347346,0.0152,0.0131,14405.287949110001,0.017253099009394646,1
1482987600,0.01337101,0.013710000000000002,0.01386022,0.01270541,5161.27856129,0.0023554889485239983,1
1483074000,0.013651,0.01374237,0.013750000000000002,0.01280502,2895.7475145100007,0.026123590767383575,1
1483160400,0.01374237,0.014111,0.01444,0.013205600000000001,3657.3381662000006,0.0021803511772304773,0
1483246800,0.014111,0.0140803,0.014341899999999998,0.01325248,4409.87637282,0.1411832869052887,1
1483333200,0.014090000000000004,0.016395,0.016404699999999998,0.01360469,12032.53372762,0.05454835668206215,0
1483419600,0.016329,0.01554694,0.01659899,0.0141051,12673.76112479,0.024047065526247025,1
1483506000,0.01551,0.01593001,0.01636999,0.01523437,6161.602677109998,0.029841046780347824,1
1483592400,0.01593001,0.01642,0.01646997,0.0155282,5819.648385979999,0.09832775592803955,0
1483678800,0.01642022,0.01495,0.016900000000000002,0.01453585,9639.21822814,0.033308472484350204,0
1483765200,0.01495,0.01446809,0.01556001,0.01365,7308.18836195,0.014523898251354694,1
1483851600,0.01449067,0.01468132,0.0151,0.0144,2537.49925336,0.025836888700723648,1
1483938000,0.01472089,0.0150707,0.015298,0.0139999,3810.236353629999,0.016092896461486816,0
1484024400,0.0150707,0.01483201,0.01540453,0.01450004,2687.222884660001,0.014501367695629597,0
1484110800,0.01483201,0.01462,0.015,0.0144493,3284.49378622,0.015429207123816013,1
1484197200,0.01460001,0.01484911,0.01494812,0.01449886,1251.75071628,0.0801733061671257,0
1484283600,0.0148491,0.01374697,0.0149,0.01336121,5507.42482222,0.06855577230453491,0
1484370000,0.01374697,0.012865000000000001,0.01425,0.01257,4252.216055880001,0.012992924079298973,0
1484456400,0.012865000000000001,0.01269999,0.0132,0.0120208,5097.394644759999,0.0025798690039664507,0
1484542800,0.01269999,0.01266731,0.01324583,0.0123284,2398.099891030001,0.07874108850955963,1
1484629200,0.012730000000000002,0.013750000000000002,0.01395,0.01268696,3750.3731267000003,0.022448508068919182,0
1484715600,0.013750000000000002,0.01344811,0.01383887,0.0133,2005.43137641,0.00715319300070405,1
1484802000,0.01344811,0.013544999999999998,0.01366499,0.01315,1327.19948297,0.026256093755364418,0
1484888400,0.013544999999999998,0.01319846,0.01360105,0.013,1817.2378183999995,0.016316868364810944,0
1484974800,0.01319846,0.01298656,0.01329999,0.01275,1168.6396638299998,0.020799387246370316,1
1485061200,0.0129794,0.01326241,0.01330706,0.01282001,805.6141103799999,0.012397710233926773,0
1485147600,0.01326241,0.0131,0.01345799,0.0128,1377.9115396900002,0.0024823721032589674,1
1485234000,0.01309999,0.0131326,0.01325,0.01304399,846.95883509,0.005675234831869602,0
1485320400,0.0131001,0.01305849,0.01327556,0.01291,1268.1296198500002,0.007260909304022789,1
1485406800,0.01305849,0.013154,0.01328888,0.0129,954.8158669699999,0.03417680785059929,1
1485493200,0.013121,0.01361947,0.01423687,0.01258375,4525.57805964,0.02025390975177288,1
1485579600,0.01362896,0.01390102,0.0144,0.0133,3535.02455238,0.0005052540800534189,0
1485666000,0.01396658,0.013894,0.01397026,0.01359037,754.97329599,0.007214025594294071,1
1485752400,0.013894,0.01399496,0.0141,0.013609999999999999,1520.0763756,0.04152414947748184,0
1485838800,0.01397486,0.013437000000000001,0.01399949,0.01328014,1589.6838674599999,0.0001376985019305721,0
1485925200,0.01343702,0.01343515,0.01364892,0.01326001,1048.6896932,0.13664551079273224,0
1486011600,0.01343899,0.01182,0.01350019,0.011750000000000002,3003.4959540799996,0.04659504443407059,1
1486098000,0.011821,0.01239767,0.01262879,0.01182,2236.93534757,0.012054693885147572,0
1486184400,0.01239981,0.01225,0.0128,0.01208648,1723.0547091,0.006011802703142166,1
1486270800,0.01226101,0.01232409,0.01267404,0.012154,1075.80973349,0.0021787709556519985,1
1486357200,0.01232409,0.012351,0.01249794,0.01219272,767.3081238600001,0.0400850847363472,0
1486443600,0.012344,0.01187499,0.01251471,0.01181,1705.1372938000002,0.0018848106265068054,0
1486530000,0.011877,0.01185265,0.012201,0.01181,860.28864278,0.0405043326318264,1
1486616400,0.01187,0.012353,0.01272253,0.01171753,2341.5570269200007,0.011546848341822624,0
1486702800,0.01235297,0.01221199,0.0126,0.01201111,1018.0566858900002,0.0037934083957225084,0
1486789200,0.012186,0.01216584,0.01229999,0.01204,430.23553564,0.006017407402396202,1
1486875600,0.01214481,0.01223949,0.01238475,0.01214003,555.2360840700001,0.0014342742506414652,1
1486962000,0.01223949,0.01225707,0.0124,0.01217001,453.57490702999996,0.048733409494161606,1
1487048400,0.01225707,0.012885,0.013284,0.01217304,1987.11455968,0.007241703569889069,1
1487134800,0.012884,0.01297899,0.013800000000000002,0.01276968,2909.3199514899993,0.022397605702280998,0
1487221200,0.012966,0.01269466,0.01311999,0.01241507,1127.1705736799997,0.00977691076695919,1
1487307600,0.01269466,0.012820000000000002,0.01293032,0.0125,749.2561885200001,0.009846395812928677,0
1487394000,0.01282496,0.012695,0.01284,0.01236902,802.9403015199998,0.04100382328033447,0
1487480400,0.012663,0.01219496,0.01269989,0.011978,1190.96216125,0.09098163992166519,0
1487566800,0.01213,0.01117797,0.01220481,0.01070938,5712.83587309,0.01873890310525894,0
1487653200,0.01116899,0.01097236,0.01139204,0.01080938,2209.39386028,0.045051347464323044,1
1487739600,0.01097719,0.01149,0.01151998,0.01087992,1296.1702198700002,0.1433984935283661,0
1487826000,0.01150271,0.01004899,0.01155,0.0098,2356.7131646899998,0.0059059117920696735,0
1487912400,0.01004899,0.00998999,0.01085995,0.00922158,4303.554789249999,0.03592091053724289,1
1487998800,0.00999,0.01036221,0.01072989,0.00994662,1446.5412854400001,0.007071320433169603,0
1488085200,0.010350000000000002,0.01028945,0.01039244,0.01007022,781.98833489,0.04355476796627045,0
1488171600,0.01028943,0.009859999999999999,0.01033795,0.00958307,1450.9930379100003,0.06893295794725418,1
1488258000,0.009855,0.01059,0.01106216,0.0097499,2717.97815387,0.04778969660401344,0
1488344400,0.01059,0.01010699,0.01094535,0.0098699,2669.7751590000003,0.03834538534283638,1
1488430800,0.01010699,0.01051,0.011088,0.0098,3527.190010240001,0.0477217361330986,1
1488517200,0.01051708,0.01103669,0.01149993,0.01037044,3686.7605799100006,0.0023168737534433603,1
1488603600,0.01103669,0.01106232,0.011199,0.01072449,762.32366096,0.08129040896892548,1
1488690000,0.0110302,0.01204115,0.01219997,0.0110057,3281.74706078,0.0034316752571612597,0
1488776400,0.01203935,0.01199997,0.0124,0.01173516,3002.6411336299993,0.08010531216859818,0
1488862800,0.01199996,0.01111,0.01199998,0.0109,2847.5923916099996,0.02396313287317753,0
1488949200,0.01110303,0.01085,0.01138986,0.0107,1833.7164198000003,0.013636363670229912,1
1489035600,0.010815700000000001,0.011000000000000001,0.011298,0.0107,1387.2945124499997,0.051381491124629974,1
1489122000,0.011000000000000001,0.01159581,0.012498,0.009909999999999999,6653.47375861,0.08478288352489471,1
1489208400,0.01159583,0.01267001,0.0127488,0.01113338,3392.0689453199993,0.1198325827717781,1
1489294800,0.01267,0.014394999999999998,0.01449999,0.01247888,10590.00514976,0.01444536354392767,0
1489381200,0.014370500000000001,0.01419002,0.015844,0.013831,10533.599331379999,0.010029817000031471,0
1489467600,0.01420619,0.01404911,0.015,0.0137,5314.533875760001,0.17017312347888947,1
1489554000,0.01406275,0.01693017,0.01872001,0.01383786,12272.295577980001,0.20159538090229034,1
1489640400,0.01693,0.021205,0.0215,0.0167,16856.6390413,0.09870466589927673,0
1489726800,0.02129181,0.0193,0.02349496,0.0155,18613.339775739998,0.09389671683311462,1
1489813200,0.01930019,0.0213,0.0216,0.01814,10092.121855320001,0.029657404869794846,1
1489899600,0.021310000000000003,0.02195101,0.0246998,0.0201,13505.73157753,0.10818687826395035,0
1489986000,0.02195101,0.01980804,0.02359971,0.0195,7938.343079530001,0.02543708309531212,0
1490072400,0.01980802,0.01931668,0.02139996,0.018500000000000003,8507.573101710002,0.03426257520914078,1
1490158800,0.01931668,0.020002000000000002,0.02106261,0.01899834,5606.84394296,0.07625363767147064,1
1490245200,0.020002000000000002,0.02165313,0.021810000000000003,0.0196,4640.84422622,0.04308627173304558,1
1490331600,0.02165313,0.02262809,0.0234,0.02076191,9078.881835069998,0.10374950617551804,0
1490418000,0.02262809,0.02050111,0.02336666,0.020370000000000003,6208.032195520001,0.03020705096423626,0
1490504400,0.02062388,0.01989999,0.021154,0.01933,4795.155337230001,0.10558509826660156,0
1490590800,0.019860000000000003,0.01799951,0.02044919,0.0167,6876.89457201,0.03996673971414566,1
1490677200,0.01799952,0.01874884,0.01964777,0.01675,5941.947449430001,0.05789647251367569,1
1490763600,0.01874884,0.01990104,0.02047074,0.01838122,3867.4215917900005,0.058633528649806976,0
1490850000,0.01990104,0.0187988,0.02005297,0.01834101,2719.6847468,0.04379731044173241,0
1490936400,0.01874561,0.01801001,0.01985002,0.018000000000000002,3316.7691912399996,0.057068031281232834,1
1491022800,0.01802101,0.01910001,0.01952003,0.017310000000000002,3743.29381304,0.0982508510351181,0
1491109200,0.019031,0.0173913,0.01939932,0.017,3848.0630124199997,0.0034793145023286343,0
1491195600,0.01739991,0.017331,0.01854326,0.01701435,3031.35037381,0.026125090196728706,1
1491282000,0.017331,0.01779592,0.01843075,0.01718499,2587.1940499999996,0.04140900820493698,0
1491368400,0.01779592,0.01708831,0.01831161,0.016808700000000003,3094.03958481,0.030970795080065727,0
1491454800,0.01708832,0.01657497,0.01744233,0.0155,4512.1868717,0.007488609291613102,1
1491541200,0.01657492,0.01670003,0.01699,0.0161,1878.7122355099996,0.05493585765361786,1
1491627600,0.016713330000000002,0.01767079,0.01835,0.0163768,3039.57671482,0.008664307184517384,0
1491714000,0.01767079,0.017519,0.01778277,0.01653697,2703.05026557,0.01956065744161606,1
1491800400,0.01757664,0.01786852,0.01893172,0.017419999999999998,3310.4765370600003,0.010320027358829975,0
1491886800,0.01786853,0.017686,0.01815783,0.017470000000000003,1561.9482482,0.022544588893651962,1
1491973200,0.017695,0.01809392,0.0186151,0.01755845,2596.025046849999,0.015662213787436485,1
1492059600,0.01809391,0.01838182,0.0189,0.01803069,2422.7697453799997,0.04191507399082184,0
1492146000,0.01838181,0.01764234,0.01876899,0.01645001,5299.53862285,0.008767220191657543,0
1492232400,0.017647,0.01748901,0.01789998,0.01730002,1692.0853361500003,0.016811775043606758,0
1492318800,0.01748901,0.01719985,0.017490000000000002,0.017,1477.7873631799998,0.014141500927507877,0
1492405200,0.01719985,0.01696001,0.01780781,0.01690015,2099.27554469,0.015098713338375092,1
1492491600,0.01696001,0.01722001,0.01746356,0.016805030000000002,1258.3298855500004,0.012931039556860924,0
1492578000,0.01722003,0.01700018,0.01735321,0.0166,1867.4118239000002,0.042955826967954636,0
1492664400,0.017000190000000002,0.016300000000000002,0.01724999,0.016,2005.5023686400002,0.009178773500025272,1
1492750800,0.016300000000000002,0.016451,0.0166,0.016068100000000002,1697.8662062200008,0.011436841450631618,0
1492837200,0.01647706,0.016264980000000002,0.01668896,0.01613163,1358.2061700699999,0.006916874088346958,0
1492923600,0.016264980000000002,0.01615325,0.01637015,0.01600506,997.4443146099999,0.014011255465447903,0
1493010000,0.01615325,0.01593005,0.016300000000000002,0.01537499,2003.16792067,0.03391395881772041,0
1493096400,0.01593005,0.01540752,0.015993,0.01523761,1652.72525129,0.02720634825527668,0
1493182800,0.01539301,0.01499944,0.01560177,0.01489314,2193.55578603,0.06847117096185684,1
1493269200,0.01499944,0.016101960000000002,0.01659,0.01481203,5102.874171410001,0.04161788523197174,1
1493355600,0.01606336,0.01680119,0.017150000000000002,0.01604299,4066.4608077600005,0.07250253111124039,1
1493442000,0.01680119,0.01811454,0.0184,0.01662299,4741.314213809999,0.048891209065914154,0
1493528400,0.01811457,0.01727018,0.0184,0.017012140000000002,4095.16386408,0.0848103016614914,0
1493614800,0.01719533,0.01592,0.01767997,0.01532578,4912.48637664,0.01354341022670269,0
1493701200,0.01593,0.01570727,0.01618,0.015,2655.2967661800003,0.07495465129613876,1
1493787600,0.01573287,0.016980000000000002,0.01715278,0.01570063,4110.070550560001,0.010932719334959984,0
1493874000,0.01697002,0.01679637,0.01723999,0.0162,4138.7439822,0.11598052829504013,1
1493960400,0.01679637,0.019,0.0194,0.01669964,10067.97428532,0.022940242663025856,0
1494046800,0.019,0.01857391,0.01911478,0.01760003,3936.5500742100003,0.00907489936798811,1
1494133200,0.01857391,0.01874401,0.02223999,0.0143,16295.971831400002,0.09865692257881165,0
1494219600,0.01877199,0.01706084,0.01893761,0.01686,5412.8752529700005,0.02821609005331993,0
1494306000,0.01706084,0.01659266,0.017125770000000002,0.01481401,5490.827925289999,0.013106605969369411,0
1494392400,0.01659266,0.016378,0.01764499,0.01627505,3308.7499595600007,0.00829548854380846,1
1494478800,0.016378010000000002,0.016515000000000002,0.016633020000000002,0.0156,2055.62437953,0.007627831306308508,0
1494565200,0.016515000000000002,0.016389980000000002,0.017148,0.0161,2127.5067746899995,0.019909732043743134,0
1494651600,0.01641325,0.01607003,0.01662727,0.015850000000000003,860.9531461299999,0.006020460743457079,0
1494738000,0.01607003,0.01597386,0.016114,0.015700000000000002,976.6435363400002,0.01614820770919323,0
1494824400,0.01597386,0.01572001,0.0166,0.0155125,1958.9484385500004,0.0795968696475029,0
1494910800,0.01572001,0.014561000000000001,0.01607944,0.01455,2375.73854556,0.038877252489328384,1
1494997200,0.014561000000000001,0.01514999,0.015499,0.014144,1882.23905582,0.05842200294137001,1
1495083600,0.01514997,0.01609,0.01695,0.01489745,3660.37198321,0.007019091863185167,0
1495170000,0.01609,0.015977850000000002,0.016505000000000002,0.01585001,1849.4821669399994,0.07001873850822449,1
1495256400,0.015977850000000002,0.01718083,0.01846453,0.01560335,6818.2400484,0.07379717379808426,0
1495342800,0.01718083,0.01600007,0.01761383,0.016,2747.74662815,0.09847739338874817,1
1495429200,0.01608,0.01774783,0.0187998,0.015475200000000001,5867.13330981,0.1891869604587555,1
1495515600,0.01785802,0.02188893,0.0252648,0.01785802,22317.064093119996,0.287584125995636,0
1495602000,0.02188893,0.017,0.0244,0.01627,25628.207760250003,0.04614846035838127,1
1495688400,0.016970970000000002,0.01782248,0.01949437,0.01641,9730.091637700001,0.06721436977386475,0
1495774800,0.01782248,0.0167,0.01796,0.0167,4475.87558348,0.04715118184685707,1
1495861200,0.016701,0.01752639,0.017550000000000003,0.01510001,4155.000115279999,0.025261852890253067,0
1495947600,0.01752639,0.01709455,0.01775807,0.016300000000000002,3381.73385225,0.08919175714254379,1
1496034000,0.017094540000000002,0.01876855,0.01972368,0.01692001,6812.5253415100005,0.014516215771436691,0
1496120400,0.01876856,0.018500000000000003,0.02050005,0.01816202,4821.0119945,0.013916414231061935,0
1496206800,0.018500000000000003,0.01824608,0.01887538,0.0175,2648.015607850001,0.002930102637037635,1
1496293200,0.0184,0.018299700000000002,0.019,0.01794614,1888.27731555,0.013658581301569939,0
1496379600,0.01830436,0.01805312,0.0186521,0.0177019,1281.35918882,0.06193948909640312,0
1496466000,0.01797601,0.01700014,0.01804984,0.0165243,1625.1445538800003,0.0163168553262949,1
1496552400,0.01702754,0.01728213,0.017400000000000002,0.016613120000000002,1391.4876752800003,0.0467829592525959,1
1496638800,0.01729465,0.01813032,0.019,0.016899980000000002,4574.999215960001,0.10448805242776871,1
1496725200,0.01813032,0.02024576,0.022310000000000003,0.01751977,10031.64123352,0.02148081734776497,0
1496811600,0.02025248,0.01982001,0.02068557,0.01895379,5526.256939189999,0.0051499963738024235,0
1496898000,0.01982004,0.01971846,0.02069917,0.0193,2310.2626434399995,0.002489923033863306,1
1496984400,0.01969266,0.01976768,0.02022222,0.01964988,1398.3015226600003,0.06277792155742645,0
1497070800,0.01976762,0.01860001,0.01980882,0.01810004,1894.5891064000004,0.04222448915243149,1
1497157200,0.01860002,0.01942001,0.02022638,0.01848001,2297.67869889,0.0030727479606866837,0
1497243600,0.01944013,0.01936052,0.019955,0.01832007,3035.48999447,0.003087416058406234,0
1497330000,0.0193443,0.01930093,0.01944477,0.0187452,1604.9288749,0.03479033336043358,0
1497416400,0.01932,0.01865202,0.01944444,0.018500000000000003,1569.5872031200001,0.018315253779292107,1
1497502800,0.01872103,0.01900001,0.01929898,0.01820001,1751.7056752500002,0.02782665565609932,1
1497589200,0.01900001,0.01954385,0.02,0.01886104,1571.9569268600003,0.03724829480051994,1
1497675600,0.01954386,0.02029999,0.02059998,0.0195,2676.77295694,0.016013989225029945,0
1497762000,0.02029999,0.01998003,0.02049999,0.01962019,1496.7445109999999,0.023471159860491753,0
1497848400,0.01998003,0.01952183,0.02010087,0.01916869,2536.3982133599998,0.038723405450582504,0
1497934800,0.01952182,0.01879406,0.02022785,0.0187,2892.97219475,0.008006530813872814,0
1498021200,0.01879453,0.01864478,0.01923726,0.01780012,2073.87640598,0.00733480229973793,0
1498107600,0.01864478,0.01850902,0.01884001,0.01840125,1009.1243351499998,0.02067640982568264,1
1498194000,0.01850902,0.0188998,0.01924972,0.018509,1156.2686773499997,0.02705363929271698,0
1498280400,0.01886362,0.01840196,0.01893281,0.01840141,1011.80820062,0.008515086024999619,1
1498366800,0.01840952,0.01856,0.01883515,0.017954460000000002,1331.5105026200001,0.06145456060767174,0
1498453200,0.01854731,0.01748544,0.01870994,0.016800000000000002,2392.77786019,0.012533441185951233,0
1498539600,0.017485499999999998,0.017269,0.017519999999999997,0.01665001,1541.9113079899998,0.07471803575754166,1
1498626000,0.017269,0.0186635,0.01887881,0.01723007,1598.4065110599995,0.046157967299222946,0
1498712400,0.0186635,0.01784004,0.01874359,0.01765102,1019.2565360000002,0.009251260198652744,0
1498798800,0.01784004,0.01767651,0.01829508,0.0176,780.27531892,0.04221448302268982,0
1498885200,0.01767652,0.01696053,0.01781298,0.01671154,1061.48529809,0.013006262481212616,1
1498971600,0.01696053,0.01718403,0.0174005,0.01686,958.4288684999999,0.0008182886522263288,0
1499058000,0.0171889,0.01716998,0.017436570000000002,0.01695466,948.89297491,0.026419389992952347,1
1499144400,0.01716999,0.01763591,0.01776999,0.01712602,1307.59315659,0.037202414125204086,1
1499230800,0.017606010000000002,0.01831736,0.0187,0.017480000000000002,2599.05335868,0.03956492990255356,1
1499317200,0.01831736,0.01907194,0.01966669,0.01822498,3125.0283666799996,0.11288929730653763,0
1499403600,0.01903223,0.01713732,0.01917201,0.01685,2568.6848727600004,0.05133606120944023,1
1499490000,0.01723101,0.01806469,0.0184,0.01709502,1091.4844394,0.024978354573249817,0
1499576400,0.01809999,0.01762446,0.018500000000000003,0.01754091,963.55674551,0.07355198264122009,0
1499662800,0.01759098,0.01641696,0.01795,0.01621678,1713.7460745399997,0.0010280425194650888,0
1499749200,0.016361920000000002,0.016400099999999997,0.01678597,0.0151,2514.5533388799995,0.011933838948607445,1
1499835600,0.016400099999999997,0.01659818,0.01710006,0.01610613,1355.3214099000002,0.02762445993721485,0
1499922000,0.01656165,0.01615199,0.016641200000000002,0.015960000000000002,814.2893347500001,0.009525874629616737,0
1500008400,0.016152,0.01599958,0.01621216,0.01579988,588.4904401600002,0.004367859568446875,0
1500094800,0.01599958,0.01593,0.0162,0.01576,655.3122367300002,0.02114860899746418,0
1500181200,0.015939099999999998,0.01560008,0.016113299999999997,0.0151,1532.6264303200003,0.0015781194670125842,0
1500267600,0.01560008,0.0155755,0.01612413,0.01546113,1057.50082362,0.0015606482047587633,0
1500354000,0.01557551,0.01555123,0.01609989,0.0151775,1068.48571857,0.0025508305989205837,1
1500440400,0.01555123,0.015591,0.01606162,0.01525005,862.11903809,0.05866200104355812,0
1500526800,0.01560203,0.01472708,0.01584286,0.0141,2116.9365496800006,0.02627464011311531,1
1500613200,0.01468862,0.01512447,0.01521104,0.01456088,636.6855613800001,0.031404100358486176,1
1500699600,0.01512447,0.01561484,0.01593001,0.01452179,1033.2369853300002,0.011549205519258976,0
1500786000,0.01561624,0.01543656,0.01580188,0.01535289,669.35524803,0.05317799001932144,1
1500872400,0.01543656,0.01630355,0.016659999999999998,0.01537481,1361.59253554,0.03433038666844368,0
1500958800,0.01630355,0.01576242,0.016621999999999998,0.015,1206.22102482,0.1305430382490158,1
1501045200,0.01578379,0.01812904,0.0198,0.01570008,4414.86981246,0.09183131158351898,0
1501131600,0.01812903,0.01660425,0.01823226,0.01628127,2337.9371144799998,0.035758841782808304,0
1501218000,0.01652847,0.016031,0.01682769,0.01516984,2063.21253179,0.005102315917611122,0
1501304400,0.015934590000000002,0.01594962,0.0163291,0.01547022,642.25784302,0.06841573864221573,0
1501390800,0.01594963,0.01492829,0.0161822,0.01427069,1471.6991766200006,0.01198660209774971,0
1501477200,0.01492829,0.01475147,0.01502079,0.0136161,1351.50112161,0.08662117272615433,1
1501563600,0.01486111,0.016150440000000002,0.0165,0.01450512,2239.8855604300006,0.01734798774123192,0
1501650000,0.016150440000000002,0.01587504,0.01636364,0.01567891,670.6809631700002,0.016694888472557068,0
1501736400,0.01599999,0.01561436,0.01616507,0.0152,643.20354758,0.042973052710294724,0
1501822800,0.01561435,0.01497101,0.01594999,0.0148812,906.76609904,0.011020726524293423,1
1501909200,0.01497101,0.01513784,0.015377000000000002,0.01480406,562.40395178,0.024073906242847443,0
1501995600,0.01517818,0.01478198,0.015222,0.0145,446.21843356999995,0.0012218960328027606,0
1502082000,0.01480008,0.01476394,0.0152006,0.01380002,951.8318077,0.05328287184238434,1
1502168400,0.01478112,0.01559488,0.01561619,0.01440701,973.0691127399999,0.03551316261291504,0
1502254800,0.01559495,0.01506005,0.01574479,0.015,787.6180456800003,0.050701405853033066,0
1502341200,0.015059999999999999,0.01433333,0.01512624,0.01430001,798.94146552,0.03864710032939911,0
1502427600,0.014359,0.013800000000000002,0.01455524,0.013800000000000002,816.1830233500001,0.15384036302566528,0
1502514000,0.01381751,0.01196006,0.01388035,0.011000000000000001,2438.1241455400004,0.004649661015719175,1
1502600400,0.01198285,0.01201593,0.01278943,0.01120383,1357.5008951500001,0.08082487434148788,0
1502686800,0.01196779,0.01111737,0.0121638,0.0105618,976.4807935200001,0.07092942297458649,1
1502773200,0.01110834,0.01196612,0.01209561,0.011000000000000001,1081.0287887900001,0.06176752597093582,0
1502859600,0.01196612,0.01127,0.012035,0.011000000000000001,748.7161456300003,0.006315590348094702,0
1502946000,0.01131621,0.01119927,0.01132498,0.01090001,740.3776050800001,0.08555068075656891,1
1503032400,0.01120002,0.01224701,0.01234102,0.010929799999999998,1609.7338387,0.06900543719530106,1
1503118800,0.01224701,0.01315476,0.01410625,0.01221111,2199.6612975900002,0.009916072711348534,1
1503205200,0.01315336,0.01328651,0.01372918,0.01259958,924.0276178099999,0.3503100574016571,1
1503291600,0.0132866,0.02045054,0.02447801,0.01320288,29544.42108953001,0.06507543474435806,1
1503378000,0.02059904,0.021874,0.02509997,0.01989296,14504.78612229,0.030819980427622795,0
1503464400,0.02187406,0.021220000000000003,0.0244,0.02049875,6880.53582327,0.0013703956501558423,0
1503550800,0.02122002,0.02119096,0.02147229,0.018500000000000003,5950.69511524,0.25645753741264343,1
1503637200,0.021190900000000002,0.0285,0.02959421,0.0209,15879.10831643,0.0468214675784111,1
1503723600,0.02865336,0.02989996,0.034800000000000005,0.0272,23870.882624050002,0.05974968522787094,1
1503810000,0.02989996,0.0318,0.033964970000000004,0.0291,9742.93166497,0.021652551367878914,1
1503896400,0.0318,0.03250379,0.03557503,0.03,17770.488601550005,0.15327918529510498,0
1503982800,0.03250379,0.028183799999999995,0.03274274,0.027778800000000003,9509.307754889998,0.04461565241217613,1
1504069200,0.02818383,0.02949996,0.03005131,0.02657503,4948.542779009998,0.002774319378659129,1
1504155600,0.0295,0.02958203,0.03099997,0.02880361,5659.252345370001,0.03594677895307541,0
1504242000,0.0296,0.02855555,0.03150581,0.02713,6996.14758019,0.04837445542216301,0
1504328400,0.02855555,0.02723793,0.02866215,0.0268,4367.90351313,0.009110844694077969,0
1504414800,0.02718469,0.02699201,0.02779132,0.025,4096.95997112,0.09110646694898605,0
1504501200,0.02699201,0.024738200000000002,0.027100000000000003,0.0237,5042.64669284,0.06574231386184692,1
1504587600,0.02499848,0.02647899,0.027750000000000004,0.02441,3341.4853357599995,0.011498595587909222,0
1504674000,0.026474,0.02617798,0.02720753,0.0257,1638.70348934,0.01257982850074768,1
1504760400,0.02603745,0.02651149,0.02689999,0.02570205,1209.1456822599998,0.014992743730545044,1
1504846800,0.02651156,0.02691502,0.02902143,0.02647003,4747.15332051,0.028299516066908836,0
1504933200,0.02699487,0.0261743,0.02741842,0.0257,990.9338167399999,0.013990595005452633,1
1505019600,0.02617432,0.02654569,0.02716875,0.0257,1287.31337835,0.0020180928986519575,1
1505106000,0.026545599999999996,0.02659937,0.02695651,0.026,682.78531389,0.015629999339580536,0
1505192400,0.02659931,0.02619002,0.02725001,0.0256,1406.42137249,0.12152349948883057,1
1505278800,0.02619002,0.029813,0.03093999,0.02586413,6474.272862530001,0.09341263771057129,0
1505365200,0.029820000000000006,0.02726601,0.0303,0.02646273,6257.38184901,0.010975528508424759,0
1505451600,0.02726601,0.026969999999999997,0.02760903,0.02450022,3637.74401891,0.03686463087797165,0
1505538000,0.026969999999999997,0.02601111,0.0271325,0.0258717,1011.07650879,0.010934415273368359,0
1505624400,0.02605584,0.02572977,0.02619901,0.0252,842.7228184599999,0.032518401741981506,0
1505710800,0.02564543,0.02491943,0.02627012,0.02460007,1218.3537859699998,0.026479830965399742,0
1505797200,0.024924,0.02427659,0.02543687,0.02410198,1019.6432718299999,0.0011471140896901488,1
1505883600,0.02427658,0.02430447,0.0249,0.02416002,494.7079827,0.0120958611369133,0
1505970000,0.02430451,0.024013999999999997,0.0247,0.02350007,709.1922855599997,0.005632293410599232,1
1506056400,0.024107,0.02415002,0.02447974,0.02351834,533.94964759,0.0002889431780204177,1
1506142800,0.02417799,0.024157,0.02456301,0.02392005,508.48831223,0.0051160771399736404,0
1506229200,0.02423297,0.02403404,0.02474231,0.02395038,348.71912492000007,0.011703990399837494,0
1506315600,0.02409649,0.023756,0.024304,0.02364,466.38804933,0.006070434581488371,1
1506402000,0.02384585,0.02390109,0.024299,0.0236,574.1657237400001,0.0014346932293847203,1
1506488400,0.02399999,0.02393543,0.0249,0.02365003,1078.57654662,0.049604833126068115,0
1506574800,0.02393556,0.02280423,0.02411955,0.022804,891.1705461500001,0.01342764776200056,0
1506661200,0.02288633,0.02250208,0.02325364,0.02220398,703.6753301500001,0.030405132099986076,0
1506747600,0.02250211,0.02183809,0.02259001,0.0215,886.2607615899999,0.04986072704195976,0
1506834000,0.021876,0.02080094,0.02204999,0.020699000000000002,641.4873082900002,0.019620433449745178,0
1506920400,0.02089861,0.02040067,0.0211888,0.02025204,582.87973971,0.04514043778181076,1
1507006800,0.02040079,0.0213651,0.02239998,0.020200000000000003,984.87085711,0.0048915627412498,0
1507093200,0.0214331,0.0212611,0.02193698,0.021,512.7565267,0.005266739055514336,0
1507179600,0.02126103,0.02114971,0.0215135,0.0206,430.22369336,0.02447933703660965,0
1507266000,0.02114965,0.02064435,0.02118071,0.02064435,432.2342296799999,0.002194751752540469,0
1507352400,0.02069327,0.02059914,0.02116102,0.020280000000000003,407.46116739000007,0.061541032046079636,0
1507438800,0.0206,0.01940494,0.02068574,0.0192,621.08898633,0.05922624096274376,0
1507525200,0.01940494,0.01831992,0.0196254,0.01720773,1196.9139511600001,0.007694706786423922,0
1507611600,0.0182614,0.01818003,0.0183271,0.01760522,468.98164029000003,0.009253697469830513,0
1507698000,0.01823939,0.01801334,0.01839971,0.01794081,376.51333032,0.20990392565727234,0
1507784400,0.01802203,0.01488824,0.0181014,0.0148,1096.9985932200002,0.10466279834508896,1
1507870800,0.01480557,0.01662864,0.017230000000000002,0.01480557,1378.2105919000003,0.030708590522408485,1
1507957200,0.0166291,0.01715546,0.01795041,0.01636118,583.7597040599999,0.026662589982151985,0
1508043600,0.01715566,0.01670993,0.0176,0.016450000000000003,386.28277695,0.002987470244988799,1
1508130000,0.01665403,0.01676,0.01737849,0.01646001,586.3158707499999,0.02167835645377636,0
1508216400,0.01673126,0.01640438,0.01746999,0.01610001,637.1890722100001,0.03821510076522827,0
1508302800,0.016404699999999998,0.01580056,0.01687149,0.01580001,600.4668341400001,0.015003533102571964,0
1508389200,0.01580008,0.015567,0.016367,0.01541691,583.59833149,0.07757098972797394,0
1508475600,0.01562196,0.01444638,0.0165,0.01420803,902.1773867199997,0.03368049114942551,1
1508562000,0.01444638,0.0149499,0.0149499,0.014029900000000001,748.0801957299999,0.052809860557317734,0
1508648400,0.01495012,0.0142,0.01515384,0.0142,778.3539645499998,0.10124534368515015,1
1508734800,0.0142,0.01579964,0.015854999999999998,0.01410807,911.87668646,0.002705462509766221,0
1508821200,0.01579961,0.015757010000000002,0.01635078,0.01524429,616.21550222,0.021301018074154854,0
1508907600,0.015771010000000002,0.01542837,0.0175,0.01519923,1283.67061876,0.043510109186172485,0
1508994000,0.01541465,0.01478507,0.01561527,0.01461559,542.08645387,0.016950132325291634,1
1509080400,0.01478523,0.01504,0.015269999999999999,0.01471152,297.71180060999995,0.00026070623425766826,0
1509166800,0.01501006,0.01503608,0.01522998,0.01480015,343.50340638999995,0.04243483021855354,0
1509253200,0.01510829,0.014424000000000001,0.01522815,0.0142836,576.2056954500002,0.004386181943118572,0
1509339600,0.01442406,0.01436101,0.0147492,0.01425001,455.52343981000007,0.0566558763384819,0
1509426000,0.01436101,0.013591,0.01459062,0.01341501,666.4316156300001,0.1297561228275299,0
1509512400,0.0136011,0.01203003,0.01374385,0.01188495,989.33497059,0.03269417583942413,0
1509598800,0.012029999999999999,0.01164917,0.01251075,0.01115202,1156.74289381,0.028020048514008522,1
1509685200,0.01164923,0.01198499,0.012501,0.01145109,720.83053772,0.022996747866272926,0
1509771600,0.01195001,0.01171557,0.01217289,0.0115735,369.71024745,0.05334923416376114,1
1509858000,0.01168557,0.01237581,0.01243795,0.01138179,517.25282757,0.0966562032699585,1
1509944400,0.01239999,0.0137,0.01488994,0.0116,1933.67023094,0.0036630036775022745,0
1510030800,0.0137,0.01365,0.01455,0.013247,1218.43263817,0.13004130125045776,1
1510117200,0.01363605,0.0156904,0.0161,0.01286674,2291.5067470199992,0.03025957942008972,1
1510203600,0.015700000000000002,0.01618,0.01725283,0.01557198,1785.55188339,0.00656506884843111,0
1510290000,0.0161501,0.01607447,0.01699997,0.0155,1541.13369314,0.17708909511566162,1
1510376400,0.016136440000000002,0.01953367,0.0199999,0.01598001,3102.3027502399996,0.09649790823459625,1
1510462800,0.0195337,0.02161995,0.02249897,0.01834,4573.17981829,0.16864530742168427,0
1510549200,0.02150063,0.01850001,0.02195998,0.01740001,2611.4541510999998,0.03432156518101692,0
1510635600,0.01850134,0.01788613,0.01899999,0.0177,937.09342393,0.019153287634253502,0
1510722000,0.01788613,0.01754999,0.01804499,0.01621001,1309.8387306500001,0.1529305875301361,0
1510808400,0.017544999999999998,0.01522207,0.01761819,0.01470001,1425.1622229500001,0.06641705334186554,1
1510894800,0.01522214,0.016305,0.01677054,0.01517,791.0315023200002,0.04593496769666672,1
1510981200,0.01626013,0.01709003,0.01753,0.01609462,1294.9628194099998,0.04245702177286148,0
1511067600,0.01709999,0.01639399,0.01723727,0.01566053,783.3262784099999,0.03434173762798309,1
1511154000,0.01639879,0.01697701,0.01721603,0.01614162,991.1137916700001,0.052151989191770554,1
1511240400,0.01697701,0.01791111,0.01827999,0.01650012,1120.84665261,0.09921997785568237,1
1511326800,0.017949400000000004,0.019884,0.021050000000000003,0.017580000000000002,3457.0106929999997,0.006733836140483618,0
1511413200,0.01989499,0.019751,0.02058176,0.0191,1289.28294967,0.008991059847176075,0
1511499600,0.019746,0.019575,0.0201,0.01876002,1029.81308052,0.06818950921297073,0
1511586000,0.01963199,0.018325400000000002,0.01999625,0.0183,906.2641744800002,0.08241598308086395,0
1511672400,0.01830004,0.016930090000000002,0.01837399,0.016659999999999998,1016.26001036,0.08438388258218765,1
1511758800,0.01696015,0.01849038,0.0187685,0.016669999999999997,1237.4186979100002,0.004366105422377586,0
1511845200,0.0184903,0.018410000000000003,0.020093,0.01793592,2370.79006749,0.03545345366001129,0
1511931600,0.01840999,0.01777965,0.0191,0.01690003,2323.53466999,0.008890669792890549,0
1512018000,0.01775303,0.01762297,0.01872814,0.0167,1415.8529660399997,0.023401277139782906,0
1512104400,0.017612970000000002,0.017220000000000003,0.01812273,0.0171,887.5543662299999,0.025191055610775948,1
1512190800,0.01724129,0.017665,0.01881738,0.016909999999999998,933.0645721400002,0.016595277935266495,0
1512277200,0.017664990000000002,0.01737663,0.01846581,0.017150000000000002,856.8215572400001,0.03653237596154213,1
1512363600,0.01737663,0.01803551,0.01858297,0.017240000000000002,682.54583167,0.16502268612384796,1
1512450000,0.01803774,0.0216,0.022500000000000003,0.018000000000000002,4775.237667269999,0.18524566292762756,0
1512536400,0.02159993,0.01822407,0.02240987,0.01730604,4055.8111832399995,0.13900437951087952,0
1512622800,0.01822408,0.016,0.0197,0.01455317,3132.7345421699997,0.07562539726495743,1
1512709200,0.016,0.017308999999999998,0.0179,0.01540005,1657.4365176900003,0.01741221360862255,0
1512795600,0.01735,0.01701277,0.01904006,0.0167,1361.3787693799998,0.0838824063539505,0
1512882000,0.01695029,0.01569614,0.017320000000000002,0.01551366,845.2745331800002,0.09433154761791229,1
1512968400,0.01574466,0.017331,0.018321,0.0155,1408.4963306799998,0.006023733410984278,1
1513054800,0.017356,0.01743603,0.0186182,0.01666445,1540.7424712599998,0.13007014989852905,1
1513141200,0.017385460000000002,0.02004303,0.020200000000000003,0.01725,2323.90410645,0.1588929295539856,0
1513227600,0.02004306,0.01729498,0.02048212,0.0165,2236.72286957,0.04889023303985596,1
1513314000,0.01730696,0.018184,0.01840804,0.0165,1097.06624573,0.006065601482987404,1
1513400400,0.01818399,0.01829497,0.01859486,0.01635,1343.51893958,0.007987882941961288,0
1513486800,0.01825701,0.01814999,0.01867892,0.0172,1328.33068217,0.07397301495075226,1
1513573200,0.01814999,0.01959985,0.02,0.017880010000000002,1492.56787809,0.1479589343070984,1
1513659600,0.01959985,0.02300341,0.0238542,0.01954335,3804.75906091,0.1419532299041748,1
1513746000,0.02300296,0.02680904,0.0289,0.02272008,5806.498961079999,0.03636771813035011,0
1513832400,0.02680799,0.02586827,0.02788888,0.024683,2927.83600157,0.04269574582576752,0
1513918800,0.02574,0.02480903,0.02601779,0.02071314,3775.8527550800004,0.02767328731715679,0
1514005200,0.02480903,0.02414097,0.02557818,0.0236,1544.2572654000003,0.008492776192724705,1
1514091600,0.02414597,0.02434775,0.02478872,0.02350004,1142.9858633599997,0.014658693224191666,0
1514178000,0.02427818,0.023996,0.0249,0.023850000000000003,656.49329548,0.03037179633975029,1
1514264400,0.02385046,0.02474763,0.02482629,0.02197645,1459.79911578,0.021869270130991936,0
1514350800,0.024800000000000003,0.024218,0.024951,0.0231,956.61342909,0.0015284701948985457,0
1514437200,0.02421797,0.02418104,0.02509162,0.02359001,881.9837584200001,0.009559929370880127,0
1514523600,0.02439084,0.02395206,0.02503736,0.02360164,1149.2777395999997,0.01876034401357174,1
1514610000,0.02392129,0.02441,0.024950000000000003,0.02377001,1013.64766035,0.005644131451845169,0
1514696400,0.024385,0.024273,0.024780000000000003,0.023760000000000003,624.2137114600001,0.07314915955066681,1
1514782800,0.024242,0.02618868,0.0267,0.02417952,1258.4043797099998,0.08091861754655838,0
1514869200,0.02636088,0.02422817,0.0269,0.02303578,1965.5828218299996,0.05686597526073456,1
1514955600,0.02422817,0.025689,0.026,0.02404966,1198.48822437,0.07512795925140381,0
1515042000,0.02568901,0.023893900000000003,0.02583193,0.0237,918.8586555100001,0.08608685433864594,0
1515128400,0.02384503,0.02199999,0.02459992,0.02050002,1480.8366093999998,0.1335926055908203,1
1515214800,0.022000000000000002,0.0253922,0.02540557,0.021350099999999997,1589.2236450600003,0.025699235498905182,0
1515301200,0.0253922,0.02475599,0.02549,0.0239,1178.4676085199999,0.14339135587215424,1
1515387600,0.024756099999999996,0.0289,0.02896458,0.024403,1648.76309263,0.049268417060375214,0
1515474000,0.02890003,0.027543,0.02961594,0.02712666,2926.05494473,0.0319734551012516,0
1515560400,0.02753801,0.02668964,0.02847415,0.0264,1239.85740015,0.005639504641294479,1
1515646800,0.02657703,0.02684101,0.0277,0.0262,975.7688534,0.05821017548441887,1
1515733200,0.02684109,0.0285,0.02963541,0.02646263,1199.8138962,0.04403990879654884,1
1515819600,0.0285,0.02981296,0.03055554,0.02821283,1354.08445113,0.02386421151459217,0
1515906000,0.02980071,0.02911808,0.03017092,0.0286,884.3143683900001,0.048273246735334396,1
1515992400,0.02915699,0.030595,0.03168,0.02880001,2556.4057455100005,0.0694546028971672,0
1516078800,0.030639,0.02860804,0.03189009,0.02532769,3401.293297960001,0.005060246679931879,1
1516165200,0.02861833,0.02875354,0.029400000000000006,0.025550000000000003,1814.7609906500002,0.018762769177556038,0
1516251600,0.02875366,0.02822398,0.02924997,0.02740896,1305.3744877300003,0.05775022879242897,1
1516338000,0.028189599999999995,0.02995382,0.03210532,0.02777085,1880.60039211,0.008050926961004734,0
1516424400,0.02995382,0.02971459,0.03215326,0.0295,1728.3995812699998,0.0024326008278876543,1
1516510800,0.02960007,0.02978705,0.03043217,0.02925,709.47066474,0.02767120860517025,0
1516597200,0.0297971,0.028985000000000004,0.0301,0.0284,980.8402257500001,0.004533135332167149,0
1516683600,0.02907578,0.028854200000000003,0.02932173,0.02771326,851.9162706199999,0.033942416310310364,0
1516770000,0.028854200000000003,0.02790697,0.0289142,0.02780005,410.31946673,0.010742987506091595,1
1516856400,0.02783509,0.02821003,0.02854968,0.02772009,436.68911498,0.010737051256000996,1
1516942800,0.02822503,0.02851621,0.02942004,0.02776872,965.1463167300002,0.019108682870864868,0
1517029200,0.02853206,0.02798152,0.028977,0.02791909,463.6106947300001,0.0020948450546711683,1
1517115600,0.02798148,0.02804026,0.02887499,0.0277,569.9726166000002,0.012200805358588696,0
1517202000,0.02807676,0.02770227,0.02847,0.02770001,504.59391310999996,0.027842605486512184,0
1517288400,0.02770242,0.02695186,0.02825368,0.0267,827.67107805,0.0016299985582008958,0
1517374800,0.026989,0.026908,0.027600000000000003,0.02655,502.84664925999994,0.0278848335146904,0
1517461200,0.02690799,0.02617803,0.0274251,0.026,710.0309283900001,0.005011425353586674,1
1517547600,0.02614813,0.02630988,0.02777951,0.02383547,1504.7339525800003,0.043381448835134506,1
1517634000,0.02641093,0.027502999999999996,0.027600000000000003,0.02641093,501.0510989899999,0.04973282292485237,0
1517720400,0.027508,0.0262,0.0277,0.0262,626.58531475,0.07290952652692795,0
1517806800,0.02624506,0.02441958,0.0266,0.0244,1346.3499949799998,0.08872439712285995,1
1517893200,0.02442003,0.02679714,0.0274,0.02435001,1264.5406155800001,0.03859657421708107,1
1517979600,0.02679711,0.02787294,0.02803518,0.02610003,906.0506197200001,0.0695071890950203,1
1518066000,0.02787001,0.02995503,0.03045,0.0275233,1260.47798754,0.0171166080981493,0
1518152400,0.02998001,0.02945093,0.030077,0.0289,724.5828032799999,0.04789307340979576,0
1518238800,0.02945112,0.028104900000000002,0.02993918,0.02801632,721.7031051900001,0.004934099968522787,1
1518325200,0.02805,0.02824426,0.028710000000000006,0.02756854,467.8412252199999,0.022155793383717537,0
1518411600,0.02824453,0.02763205,0.0285221,0.02750001,414.14947108,0.00701470673084259,1
1518498000,0.02763476,0.02782725,0.027895,0.02700001,585.0619859800001,0.014964252710342407,1
1518584400,0.027827299999999996,0.02824999,0.029297000000000004,0.027250000000000003,964.38227386,0.006302681285887957,1
1518670800,0.028235000000000003,0.02842917,0.0298,0.02751104,865.5985355900001,0.05988163501024246,1
1518757200,0.02849695,0.03023999,0.030250000000000006,0.028100200000000002,558.74571556,0.06478763371706009,0
1518843600,0.030240000000000006,0.02840002,0.030500000000000006,0.0284,767.85556122,0.00803283229470253,1
1518930000,0.02842649,0.028630000000000006,0.02912022,0.027999999999999997,333.27304897000005,0.03484084829688072,0
1519016400,0.02862711,0.02766609,0.02899,0.02730001,376.44687811000006,0.05201898515224457,0
1519102800,0.02770822,0.02629809,0.0278312,0.02605023,527.22295896,0.07103429734706879,1
1519189200,0.02626,0.028309,0.02965501,0.02626,1172.5267398499998,0.02457584999501705,0
1519275600,0.028309,0.02762997,0.02911141,0.02700096,698.8295619999999,0.004505190532654524,0
1519362000,0.02763,0.02750605,0.02845581,0.02697889,570.5535409400002,0.011389522813260555,1
1519448400,0.02746503,0.02782294,0.02820861,0.02695,631.78088449,0.021382054314017296,1
1519534800,0.02781797,0.02843085,0.028999999999999998,0.02770104,401.84052713000005,0.011775101535022259,0
1519621200,0.02843085,0.02809997,0.02870778,0.027600000000000003,528.5373896000001,0.01646641083061695,0
1519707600,0.02809997,0.02764476,0.028999999999999998,0.027600000000000003,439.82943188,0.0018320665694773197,1
1519794000,0.02764479,0.0276955,0.02801997,0.02726567,322.00571948000004,0.054761093109846115,1
1519880400,0.02769552,0.029300000000000007,0.0295,0.02721,791.0947508499999,0.09377706050872803,1
1519966800,0.029300000000000007,0.032332,0.03288,0.02843945,2040.0780892400003,0.04985513165593147,0
1520053200,0.032399990000000004,0.03079663,0.0328,0.030250000000000006,1071.7541689900002,0.06047654151916504,1
1520139600,0.03079663,0.03277899,0.03279992,0.0303,934.4436713400002,0.027553578838706017,0
1520226000,0.03277899,0.03190003,0.03281027,0.0309,882.4437033900001,0.02117151767015457,1
1520312400,0.031900200000000004,0.03259001,0.03271,0.03165101,533.56795618,0.023715384304523468,0
1520398800,0.03259001,0.03183503,0.034297999999999995,0.03064388,1926.5677778500003,0.10730616003274918,0
1520485200,0.031899000000000004,0.02874998,0.03220178,0.028610000000000007,1335.84955071,0.06851490586996078,1
1520571600,0.02874709,0.03086467,0.0313,0.028610000000000007,1244.6948948499999,0.055578432977199554,0
1520658000,0.03079303,0.02923958,0.03107392,0.028800000000000006,530.7917544200001,0.0040702517144382,0
1520744400,0.02923955,0.02912105,0.0295806,0.02890077,325.04216339999994,0.0422302782535553,0
1520830800,0.02912104,0.02794109,0.029400000000000006,0.027600000000000003,867.52869282,0.04032188281416893,0
1520917200,0.02794108,0.02685812,0.02827722,0.026661700000000003,663.0444146000001,0.025140604004263878,0
1521003600,0.02693095,0.02619945,0.02746971,0.02492715,1172.05292652,0.039656586945056915,0
1521090000,0.02615504,0.025200099999999996,0.02738511,0.0252,550.6757791000001,0.02780129946768284,1
1521176400,0.02520013,0.02592073,0.026077499999999997,0.02493451,423.14670130999997,0.0519772507250309,0
1521262800,0.02592073,0.02464001,0.02597499,0.0246,445.94634895,0.011751092970371246,1
1521349200,0.02460508,0.024933,0.0257,0.0234,723.57056017,0.010985349304974079,1
1521435600,0.02493301,0.02520994,0.025900000000000003,0.02475,407.90827079999997,0.011374901980161667,1
1521522000,0.02524492,0.0255,0.02581538,0.0246,267.90834766,0.03975747153162956,0
1521608400,0.025480000000000003,0.02452495,0.02595853,0.0241258,456.51932561999996,0.020904334262013435,0
1521694800,0.02452496,0.02402277,0.02472199,0.0238,227.88419223,0.0023721037432551384,1
1521781200,0.02402091,0.02407989,0.0252,0.02355,338.0127064200001,0.003204603446647525,0
1521867600,0.02407963,0.02400297,0.02431836,0.02386825,172.49610617000002,0.020683862268924713,1
1521954000,0.02400401,0.02450993,0.02497505,0.02381575,221.05635134,0.02593732625246048,0
1522040400,0.02450993,0.02389028,0.02451713,0.0238,277.63846958,0.013206113129854202,1
1522126800,0.02389028,0.02421,0.0242855,0.0231,496.9021233699999,0.03276029974222183,1
1522213200,0.02421,0.02502999,0.02529948,0.02404878,264.95834126,0.00978438276797533,0
1522299600,0.02499778,0.02478746,0.0251,0.02400014,499.91376883,0.008501599542796612,1
1522386000,0.02478771,0.025,0.025310000000000003,0.024018,587.34045456,0.0323302336037159,1
1522472400,0.025,0.02583526,0.02588488,0.02493015,186.27048588999997,0.013544919900596142,0
1522558800,0.02583526,0.02549,0.026,0.02515001,273.21846982,0.011507936753332615,0
1522645200,0.02549,0.0252,0.0256806,0.0247,272.85772619,0.00410962849855423,1
1522731600,0.0251433,0.02530399,0.02547798,0.02490002,197.20542791999998,0.017214341089129448,0
1522818000,0.025304,0.02487577,0.02547798,0.024800000000000003,168.72779875999998,0.023128461092710495,1
1522904400,0.02488023,0.02546473,0.02570999,0.02482154,149.98672258,0.03936994820833206,0
1522990800,0.02546642,0.02450016,0.026,0.0244,422.8756598000001,0.009483728557825089,0
1523077200,0.02450016,0.02426999,0.02482436,0.02422608,99.98254092,0.02268916368484497,1
1523163600,0.0242261,0.02483344,0.02485341,0.024030000000000003,125.85416999000003,0.013431514613330364,0
1523250000,0.024799500000000002,0.02450431,0.02510049,0.02442827,99.76159788,0.014301621355116367,0
1523336400,0.02446543,0.0241588,0.02454984,0.024030000000000003,263.88208707,0.02230636216700077,1
1523422800,0.0241588,0.02470999,0.02470999,0.02370001,516.7842790500001,0.028226515278220177,0
1523509200,0.02470496,0.02403166,0.02487335,0.02378003,464.74985588,0.004699086304754019,1
1523595600,0.02404026,0.02414512,0.0246,0.02380159,348.02627951,0.011949706822633743,0
1523682000,0.02414,0.023860000000000003,0.02425191,0.0237,140.92108638,0.009133332408964634,1
1523768400,0.02385013,0.02407993,0.02448556,0.02370315,216.95169153,0.004953757859766483,1
1523854800,0.02407993,0.02419981,0.02424978,0.02377682,150.28230529000004,0.07107377797365189,1
1523941200,0.02417013,0.02605138,0.02605174,0.02414355,445.05432007999997,0.08911258727312088,1
1524027600,0.02594001,0.0286,0.029048,0.025939999999999998,1261.1379958500002,0.023611530661582947,1
1524114000,0.02859986,0.02929162,0.029889,0.02749448,691.4119039999998,0.03147387132048607,1
1524200400,0.02929205,0.0302435,0.0307,0.0289,818.9776157399999,0.07208436727523804,0
1524286800,0.0302435,0.02821,0.03038397,0.02765,536.03434508,0.08942662924528122,1
1524373200,0.028225,0.03098048,0.03178259,0.02819034,1088.58798238,0.0247019212692976,1
1524459600,0.03104986,0.03176514,0.0319754,0.03092876,620.7951427600001,0.12642300128936768,0
1524546000,0.03176542,0.02820001,0.032,0.028200000000000006,967.4404439700002,0.04406745731830597,1
1524632400,0.02820001,0.029900000000000006,0.0315,0.0272,1201.67724302,0.03317279368638992,0
